Crop,Nitrogen,Phosphorus,Potassium,Rainfall,Yield
Maize,60.93645469887248,45.93027816311288,42.41844910800191,114.63501975360042,2360.5575725825133
Cotton,59.75830392575999,26.89545448420665,39.974725773884195,117.89567659648348,2812.8634450495438
Rice,112.50036644168293,54.8957825341926,30.569234750171603,230.39474278459213,4592.524754459887
Maize,59.96369598796049,44.52464956276966,56.436000206089275,197.38814264784963,3106.473137008324
Maize,61.75597809029048,26.28815534227817,48.59744963051773,258.08305006384205,3110.7807375529087
Cotton,100.7518609934371,58.49352229924827,71.94205953944022,283.2541674687063,4804.250111439625
Rice,75.9791873960432,40.73461853341283,21.926574828923496,177.6733755343095,3101.77663028639
Rice,102.1368445564145,22.9159380748662,58.63207565330758,219.28200531692926,3745.698724843323
Maize,45.22929260515082,45.07331617660269,65.77693271069367,200.13932555906197,2700.9666020172926
Wheat,79.00569549387075,30.127956280512407,65.56919415129842,296.3221311284866,3997.3658890986835
Maize,42.68908801466261,52.1477380750921,73.1644380257315,266.216881471319,3594.764363322829
Maize,45.01225627642836,52.712882942647624,63.74202456976965,282.3475416554707,3673.388449272232
Maize,112.51499626755287,59.15789423418647,75.66860369886177,150.86801751552082,4333.513981280963
Maize,51.13962968940761,40.074781240980144,39.95939598925349,254.50528463251888,3005.752305265751
Cotton,82.59365458201736,38.19827518910948,50.19256500509258,153.09464499952978,3460.964469670771
Rice,72.88764820805653,50.13902421785922,20.84477979697344,141.74850668567797,2847.298414148932
Cotton,67.7874661007074,25.298826253677063,20.417455238197473,288.85323193111014,3055.9702633032034
Cotton,111.9866676549818,41.87662055172497,34.407597227091195,103.86088334357333,3336.496507887721
Cotton,41.74587174203916,41.84990400523404,26.048431828345116,293.0777407326859,2543.0053032476485
Maize,93.10317489404713,23.578924912415488,35.61268207614522,129.85237939776124,2918.632508747458
Wheat,117.07155473708403,36.719363420276544,30.622597671703844,263.88761635865364,4345.693534789804
Rice,84.81345467694736,54.131391942688076,21.711201490318896,155.1845106136206,3254.1992110034093
Wheat,114.94579696264735,54.246144879786414,74.55824878436297,170.14046548614547,4696.428942404743
Cotton,44.1806303428819,23.96950659678724,20.49338788333349,143.35154226439698,1938.8332869847147
Cotton,73.50346552593291,23.628835309913235,64.16492866022512,217.1028084962159,3455.600023032411
Wheat,60.81262327696409,30.50781908007741,29.12887321517099,169.61910950157483,2798.2903716823093
Wheat,98.46567719845838,54.99064250215974,74.733777319976,231.47860789893264,4922.7149643644425
Wheat,118.50376723977973,25.15610340293996,73.56775637539315,103.12946358841319,3722.4573056267222
Cotton,60.52240499553982,48.79987210509785,59.23406878215544,112.87497670300792,2570.670531801479
Cotton,92.33396811792596,24.046624784524127,60.33404898803631,119.93223054624973,3365.554754487389
Rice,55.847810620779214,44.92551414991301,20.320348518181312,183.7987370620462,3132.99577045714
Rice,85.22642036572879,34.2426919647658,79.09229396681613,262.9592345319952,3970.0698049317893
Cotton,77.1145989350669,51.55655851863468,72.66995621454886,277.63558207567655,4331.889340230296
Wheat,117.76042637052296,29.347617953014545,73.70637354380551,148.96214801218014,4260.915579411773
Wheat,88.68218181571733,45.56807317559839,59.554672223052314,214.87394484780282,4067.278983252168
Rice,67.9605097669455,29.4273013830354,40.68721571927219,253.6729985385201,3283.043572905161
Cotton,49.127662791034666,48.54641132448615,73.61891894542885,157.76588598392175,2817.2550459530685
Rice,52.09974629879476,54.94712138242995,37.491015689071546,181.80154734725465,2860.7588965910572
Rice,58.025354396098805,25.0720719650704,53.76269260053217,204.7948405371428,3021.5724848710665
Maize,60.07733290722384,54.66382754382014,25.983858340632942,126.97496928160953,2859.12698369318
Maize,108.04928462729103,43.743010176571914,75.317337807965,105.19645874515606,3832.445179215292
Maize,84.89782306260199,25.08441963468096,28.446227466272802,130.56116186365665,2671.464943088874
Wheat,81.87127290994931,37.10167421438848,33.49380834382444,225.37072425070667,3519.5396216809695
Cotton,49.1815097495374,26.434411739403917,53.4880494876929,114.72365230673634,2526.000139710836
Cotton,108.8111754679548,48.01391555466278,65.8455800127789,137.93927297002566,3977.822824160677
Cotton,97.8251442566787,50.35472537671799,57.16107835617794,167.57077713906074,3565.527191763334
Cotton,45.41346895200013,24.231860810911957,33.92803476800937,115.57401286127327,1980.0236741741085
Maize,96.62680777838149,40.24559410778578,20.05658255164942,138.3398542323269,3351.449960085542
Wheat,83.48305738741169,52.58500224103669,65.42903481844635,282.25395779670225,3853.5207448477067
Wheat,46.53802765974226,57.446521662039856,79.11243955466563,103.85982644539695,2314.1717799956905
Maize,76.66405132229252,40.540714669670805,68.59478721836543,230.68638483487243,4082.8420087313366
Wheat,78.77570297040376,58.01116894445628,47.61239708939692,176.88178618303698,3602.4833963653673
Maize,53.26196321306206,41.427558818241195,74.22603568394639,234.52974788647424,3522.4376405558733
Cotton,115.65585176002259,35.76761978399632,44.590860387101,217.73834407268092,3776.412849916014
Maize,107.99802971845295,53.92812514211582,51.496045054608054,144.69975087092885,4013.943257404902
Cotton,93.52178698632866,39.719308418323564,48.627786043741,269.44189751467775,4062.323386676688
Cotton,76.98364488004857,38.87610042258092,46.857432359931494,198.38807652187134,2916.651624658418
Rice,72.94124332676068,39.612499576393134,66.51144615763434,264.5072037826943,4132.01370885669
Maize,92.07787737207633,53.87140007478982,51.60613443616952,181.20250723764383,3765.6033050494484
Rice,83.63454955255244,53.27766166752208,39.00302732151296,296.93711078304784,3920.448667566761
Maize,44.98184847055085,36.14079969760844,35.4894900595087,254.09787170025925,2774.249691441295
Maize,81.00021190162653,33.331994394821,22.264839018046004,293.1900410225147,3042.7808659020693
Rice,104.51228937862716,39.67712096156517,54.99170971298276,202.86529578197178,4069.9243863015986
Rice,76.73919020775665,42.91090038948436,33.797684924062054,194.7382264581401,3273.3685117561845
Maize,44.156526204341475,29.533488425119877,28.888035320982986,251.09076186505158,2645.033462231399
Wheat,102.90225595072265,51.75820338862363,59.22979782966066,276.058252602686,4765.549590949446
Cotton,56.10910257087795,39.459310629296915,60.872555469292934,292.82915917311163,3210.3821696368923
Rice,60.6896667910431,33.361821936798385,65.12929353545996,164.91038120649995,2819.407587775552
Cotton,53.17650827458367,24.272839718559624,50.21461378031549,259.7409147685278,2836.7998735209194
Wheat,66.4172051897198,29.553806416144276,73.6432763122332,142.12911952710735,2927.534986223668
Wheat,100.5401204550908,57.97124687023935,76.18056520389368,209.11486934908905,4329.624635733194
Wheat,81.55086876031498,32.203987472781066,68.44225638754936,135.96962968183982,3326.1375805965736
Rice,56.390501932057006,26.754371574681414,58.13560892049124,169.47947235006777,2678.0915813521747
Wheat,110.22640625216327,38.42691166619973,38.22325721547132,286.27167344129185,4039.4502581057845
Rice,110.36654839612234,32.28350973440995,78.97669529721327,129.21813995461721,4231.359378130951
Wheat,109.64627400368056,21.406370010847766,36.4481700315163,226.4801790270393,4330.302015593925
Cotton,59.10369691052314,32.92580869117669,32.15941531942586,218.59085458548066,2909.346342775705
Cotton,76.09914753447904,41.76434495757874,46.52924682719497,124.1476705417973,2767.792524337287
Maize,118.79917249127001,42.06849488079868,23.410434242743307,165.19580875376244,4072.153962369263
Cotton,101.76099810479923,34.26235684707555,78.70966788030745,212.59630090305313,3731.2351547875164
Maize,42.173393698044784,37.892110250104025,55.30601338498549,137.43572179769805,2370.371821228193
Cotton,45.216367300839366,58.62071672939066,53.41712549985051,260.12473128256306,3178.1088607425413
Rice,77.11451014498662,35.09393908921247,59.34777679398319,294.43130190695,3584.938841542268
Cotton,112.73761646892481,30.32907253039932,49.8214188666324,142.9518799924944,3536.1934972037925
Maize,83.09614383621714,29.738681762670403,21.923811025672496,137.3823929581152,2542.7018254577633
Maize,79.82500064274322,38.31058450816536,56.738677330423805,190.9870143594889,3422.0624868062087
Wheat,48.43789599653044,50.38080594867776,62.97043261738584,249.55305542800645,3360.7156945536876
Rice,92.54240837794353,28.239527367538926,45.00494363744319,156.3201220470503,3080.9547949426387
Cotton,105.76825284801804,48.371845085630724,65.43773432427157,103.97598173945607,3565.9196050834216
Wheat,70.43360060060499,20.845992933976653,33.62007796030524,208.2441256065788,2837.6658916786287
Cotton,102.0489480740262,36.757319119357845,33.27659546397104,291.3201135534615,4269.79693245164
Cotton,117.15813231206494,51.03460260811147,29.68501926125444,178.25537108138911,3872.2813106679496
Wheat,56.30131673021513,33.549318230977256,42.31968558734971,184.0269108366201,2965.522365168721
Wheat,81.8663704955793,42.549484057815974,70.820722123345,293.7803434228076,4307.750661850372
Wheat,62.971036646766045,28.199169313036432,69.67472372894386,238.92152232534568,3506.1062145395786
Wheat,103.42835352270714,49.679815645046894,42.96945247781023,243.83438456842504,4453.696091356012
Wheat,86.2074692704926,22.091164130750386,55.3471241588142,212.54040107421352,3153.1539434606034
Cotton,90.76659340402429,54.10170579502002,63.24897898849494,294.9218421726483,4271.822374984089
Wheat,103.83313276927153,27.927855456866727,34.472406477681375,237.77329688511122,4178.545904606551
Rice,71.6776378129964,54.97592126833323,30.088465153684822,279.0065503210339,3581.4968138486342
Maize,113.20720547256346,34.101169652020694,78.32575959273866,239.87577314664424,3725.7992735145363
Wheat,82.6423093796912,48.907342978979464,57.05343879257711,247.0231649680792,3829.3578115613905
Wheat,52.63638582682784,32.769011911447535,78.88494331001984,158.0821844284493,2953.6783256035287
Cotton,95.67192945350419,56.236466849385906,40.26535922793374,160.6957396027638,2948.78634329106
Wheat,103.46090803506036,25.065485020734975,62.18190199844789,256.5969299152058,4401.369744412401
Wheat,65.34093416540213,27.14079157090395,33.35621819247426,159.3412578339799,2453.666668956327
Wheat,108.57434055990024,39.72120500635209,35.672010276434776,212.55401416030634,3932.6235425171876
Cotton,112.4914603812613,23.277537561525847,50.714127276177436,149.8704621813404,3504.174934933474
Wheat,62.15235899022471,27.839207388070477,39.17708753048427,263.39667616181384,2839.4793517937924
Maize,118.68171781721776,57.75065528848057,30.057293830435068,122.100270245538,3472.726040044872
Cotton,51.256922243900675,59.059586445915485,35.77284211935956,265.8893279523329,3084.7439895895714
Maize,56.1612534721992,35.050373173216876,22.14490366795188,220.54596010152036,3027.1038550612184
Cotton,54.73798713904209,56.93144084055743,62.265417288649196,137.38190696541545,2941.140219277978
Wheat,111.51917680062964,41.79298702693727,49.5269994251517,208.40707710122365,3915.7000273542794
Maize,92.34340418599695,30.789698634950682,25.65458398427154,156.4997673694681,2837.0501075098514
Cotton,52.16834265778183,48.095948843223944,30.301639587709474,164.6934669460993,2941.7028399478827
Rice,75.22587346946793,46.35607226299429,26.15207228675864,170.30560831937606,3389.4376722017178
Wheat,89.22384200558416,59.56501276434933,56.75556849655259,112.6638493944642,3747.870215887224
Cotton,46.67712679915066,30.60189149637133,25.65262181674963,297.1923368802835,3073.0082176986234
Rice,110.5933094725871,46.88238010646941,65.25693998211297,106.30692562624482,3809.829670204232
Cotton,104.28828283532282,22.080950201177878,21.23065515922347,232.4993746368557,3212.979463732483
Rice,80.41654188613106,24.545841547868775,34.96254727975352,174.24552955148613,2901.4461914019857
Wheat,117.37012922073363,20.15673499804373,73.44000055351444,229.2020581893398,4063.9883915949645
Maize,73.42087834200797,59.97842724238693,63.11187908733476,171.24965061751675,3072.3059537795407
Rice,118.72882552291982,52.09094788589911,24.37809997554126,234.75012925177174,4444.002734848959
Cotton,93.43359990429016,51.468920589341636,69.26756626911079,245.84710189367215,4047.3855309107216
Wheat,90.77370186031531,40.38904301152719,49.58210729241229,238.11052807992897,4103.954339806596
Rice,53.2763916236628,32.0026833162176,70.80698163012975,122.79239627163045,2885.4756468699943
Cotton,110.55422066437151,26.050571378507037,56.04438646702361,231.37864693093692,4159.099421984048
Cotton,74.19917503364921,31.386989553858548,60.90998192197152,155.99750989081946,3254.537411866597
Cotton,52.97867246259835,35.03884887716556,79.61009362374249,105.7602741138667,2545.1561271410883
Rice,41.00860159806072,50.25240387921176,33.94013275544109,182.9661343777908,3059.878212581665
Rice,84.7804546910706,41.5864715561261,57.4367344856833,186.7086205607602,3543.77764851168
Rice,82.19196976981411,23.099345062219307,47.6192834034439,193.43482667048931,3275.497485269847
Maize,97.54828978953269,20.72116035835649,22.367117175361486,240.96483307814324,3270.7493942645374
Rice,111.22064424142417,24.093287181362527,20.8682384901719,161.76876182849182,3075.825921371924
Rice,46.35252677144236,36.419948547895174,27.15371466907152,163.05610262078451,2477.5265264576983
Rice,98.51971922722899,57.32771668196073,58.94550443231289,112.11045124825212,3665.6732208227363
Maize,54.99295552780658,45.496099248368864,54.02978527480353,237.36424319845918,3065.6073677456316
Rice,108.65416425257311,52.073035995020604,53.20577366982364,213.5652182799168,3820.928536890532
Cotton,105.52508110893248,38.654983780181944,21.911405751695604,169.8850225387576,3114.3696637018256
Rice,83.26350039884355,34.46664332780171,48.158179781600424,241.03779578347093,3898.14693311894
Cotton,96.81942388986492,24.336014908664907,75.4773690705517,207.47154984537542,3673.5997951914237
Cotton,65.14800905469987,55.037320887448196,43.855512158638795,193.84898917410794,3156.1849446719452
Cotton,77.69343191462517,51.32640116111611,57.49534818730738,202.2649087322253,3963.261678620612
Maize,105.73095181683773,26.724723903909005,66.78912053738861,227.2696250534113,3747.5555098193263
Maize,76.7412157738571,40.49042255505042,67.03551674851326,232.0005209149199,3515.8360202205013
Maize,68.62386122603534,39.494992316849796,51.15680494371628,157.79156382814344,2817.503571308541
Rice,79.536995780024,45.003662107461146,71.47711672414019,128.14867267823064,3731.7415202540305
Cotton,106.25994019497747,57.84747575965045,43.48268560182482,131.32683623810374,4196.655544979771
Maize,66.81664378966983,43.190857670499184,73.3215928870879,227.87817718060035,3781.4875013844703
Maize,53.900927450859506,41.60869067114474,34.41362998373272,274.57465715342516,3382.376748812221
Rice,96.96112162646246,22.01291731738656,36.81298441943426,181.89925566911035,3141.9925689116744
Maize,106.07825701664655,22.51629904072096,23.187237451940067,133.90403206589247,3567.828871363223
Rice,48.05099828188267,27.493871653071555,67.73491019253697,251.32049965877093,3195.720092719637
Wheat,59.189929020475574,21.29883086766993,45.02331417396233,266.49789488388967,3317.0048750521064
Maize,51.35775918087951,49.7341158228005,33.74699683468394,276.1164886241933,3212.920231904505
Wheat,67.83531292657332,48.933212159758526,33.90741665699478,221.36628578274664,3187.131627247201
Rice,76.02807831243301,25.442249377265718,74.08399647375398,272.1457118776169,4191.1414911756365
Cotton,99.90610695706451,53.443156031811235,70.0349960276622,103.08299168968153,3790.323636268502
Maize,92.09180679053392,26.191441393844478,53.211853121431,121.4471603539047,3474.148017207173
Rice,89.67428539827449,32.04702347989435,56.96664802494327,118.51521341041975,3224.7760091654654
Cotton,68.18999572877235,29.9590759664546,48.459534233017465,242.5209368509466,3072.0372271944925
Cotton,107.3158042467808,34.89228394292191,43.49999257272853,113.91635670871581,3209.1378598083597
Wheat,77.70297339185316,30.186550635598476,74.9286128730999,199.2728744932614,3532.2839404939973
Rice,118.32839504121236,39.55803705753809,27.536762211218125,194.54137972725783,3696.0570221699186
Cotton,90.73137106365894,36.29631525418742,45.10680738297368,162.1407047116482,3053.626707427165
Maize,50.10117932516022,59.46277963117306,40.67371447927252,274.08103398841996,3692.871156108542
Maize,94.09420496603472,22.237054005129025,49.8890432150689,134.0866403759992,2993.6464537749803
Wheat,66.00832123453591,25.687255055494063,47.457912472710504,170.49255687984797,2857.98693896175
Cotton,94.9061757348878,22.1130357563441,51.13337189906488,254.83430000458583,3833.206208789089
Rice,45.57129185299246,45.03364779929503,28.395138633619645,106.08446287865685,2028.022446344743
Maize,53.99051497407675,22.180371096548782,50.78849009079663,234.59008004927372,3281.5288904234867
Cotton,108.4589807124629,53.457589495044935,34.54512883323265,263.2795452723141,3976.3163011576153
Cotton,58.17436456188119,40.47754522727711,31.059880939291475,286.45356776763344,3341.142068967462
Wheat,106.9632900194352,41.08030498326135,23.890053127171473,275.259328098297,4095.0294785063156
Maize,62.34208707635283,42.46378030848777,65.75915352536845,163.87682336673703,3095.134932447537
Maize,91.43055280469662,26.83254825224843,45.646515251393595,217.27282826459052,3186.341670030413
Rice,95.53204588078648,27.9076121245795,57.5986209987055,115.45869863009317,3425.452262452497
Maize,81.01238025160424,32.75269291492019,63.6556005982846,151.5740007096017,3431.5588366224224
Rice,64.4248541357385,43.73985663287406,60.75899991881321,118.84447574950147,2717.445899825617
Maize,57.01155010968769,28.404711037608582,48.23004314538093,163.03745803079278,2841.423957834795
Wheat,42.6551483649941,24.65326908533045,43.27391173710379,275.0374426917458,2965.28515199882
Maize,64.31571209925791,58.804675456737286,42.55759457843982,169.43336793485852,2815.928672385903
Rice,92.25302324250265,20.879272592384915,58.40292781580338,212.37962060028528,3343.5508419902876
Rice,115.06438547587861,52.10789621344087,49.6876612965124,186.67616962298817,4411.281515429565
Wheat,109.69635858104417,51.52140598300088,70.94793487931064,191.78330485974706,4338.54124563216
Maize,101.28518212282421,31.88856455380384,72.48211905960272,293.9144103673117,4259.11355883641
Maize,103.0757874602639,25.425064640292536,30.233622680391107,159.23089365277158,3044.3366722428686
Wheat,93.19879227807962,25.825145868216936,28.17401909274354,225.46489390463427,3267.696222345788
Maize,60.82294860528024,47.8972646894877,57.82405556215997,184.0125339158894,3056.763593900517
Maize,112.57560245646638,45.712263643446946,38.073544883736766,112.22923620953725,3305.298879665499
Rice,93.65858495246673,51.30982697005547,21.114243125905933,197.8661663248472,3066.6046875725365
Maize,84.8352504784352,57.499246895964184,73.3185601617773,262.66866580902166,4548.557723626482
Maize,48.879157537078484,47.67709453066368,33.614046034628494,119.75059373633768,2629.501817216211
Wheat,75.76444350451403,26.23406146205774,75.75683910114854,113.9183694792618,2687.415096082025
Wheat,76.8286616961541,29.737704670616427,63.04606705269522,130.72630407865333,3057.938381389307
Cotton,109.16508876181359,53.68774923492458,65.75920939468907,252.88002227786123,4305.6572431892455
Rice,83.73185761502307,28.372243033368342,32.08768974758962,244.7990768289476,3327.120829284836
Maize,70.43204391763277,22.900892678179257,34.05166553700877,213.0035537812221,2861.9302819633253
Maize,118.14402628085274,48.13120216169002,51.276065229443944,193.6452808185265,4078.1954014532334
Cotton,48.857647466105256,36.101054219605686,30.32599115899173,277.6651629405244,3504.972802336774
Maize,73.80387426495557,56.801602101836146,38.32590156098193,253.3395647666965,3549.964380265488
Rice,43.36197401371243,46.01020284374646,39.28774867686827,262.388450260361,2835.391748175538
Cotton,99.19232966135442,23.61675911166643,29.577795995165843,262.65246027013086,3487.2579471724275
Rice,113.44612417593206,57.91426269014643,32.31097000370964,228.5434309491116,4463.772481331627
Cotton,62.40298636403915,30.342290545609835,67.3131105204954,191.60292486318917,2705.4813876976887
Cotton,108.66733414392966,33.48849961625143,30.031751272836104,272.9355505171301,3832.213546190883
Wheat,63.37745843695182,36.09041654734168,21.70744351063535,285.20148352065013,3578.6668131707206
Rice,112.86161293151322,22.04897185617253,57.76129655773631,104.7612086516686,3458.512250876426
Maize,100.31695228774271,39.86061688922419,78.558987163547,110.31097465325026,3669.1577900108086
Maize,104.39254214731508,24.93273964301169,39.872828877387285,291.74865938168745,4568.766835086047
Rice,41.440524448036356,36.03881306753407,27.11934219177514,155.43212276883895,2288.336220874134
Maize,117.02482856592208,34.02839151968337,54.22323952205185,274.67388792988373,4253.342906952839
Maize,98.13367936562585,50.91360333706014,74.38125266573877,177.75902379228052,3939.45785002569
Rice,64.38008763089067,52.126820465309244,67.04370678970872,123.82001152187112,2790.042471188544
Cotton,106.35157318870776,26.13651529556352,57.35095210476296,116.08864004186685,3695.90348220439
Rice,62.521695873194396,34.66204749516905,38.90338979645596,131.3015798160913,2730.5173220887227
Cotton,109.82030716529023,34.934126441273264,52.5128103965732,149.97863897347295,3952.0998825963225
Maize,49.00643123295496,26.056417757443402,25.474690478255322,197.70367078616525,2741.3040161332324
Maize,96.29487819686366,51.93814020204762,60.7367254568402,240.2995801131567,4061.87794987042
Maize,83.25587813159282,48.28913313341693,63.50576113385905,297.27971529705997,3963.343378791342
Wheat,47.72275761563527,27.61527145188139,77.90189737459514,188.3013486578342,2897.9903337121227
Cotton,59.35150626070712,34.66887634375196,35.6238415247043,203.63698846862195,2640.58671871077
Wheat,40.99232290218518,24.23220099426057,21.107385142581357,204.3631402766511,2302.7769958317854
Wheat,77.50143723716047,45.12826388372176,52.73650786562904,207.88687109758723,3786.3886912264484
Rice,64.10122086080003,24.854876981944788,62.40743026380887,203.54813142089245,3051.860547507997
Wheat,87.86859874382071,59.43736674499671,67.42444855297927,101.75495101238357,3515.4011913973786
Rice,63.77902461668938,51.22728298751449,31.624335981488635,100.34496442196814,2557.256616819468
Rice,63.993528920558774,35.609541983359804,35.70517214222142,119.53326362522458,2734.597957028137
Wheat,99.45545589852827,43.14255729117418,50.755455516037784,120.31132068583577,3250.074453685083
Cotton,43.85142687826828,56.45367264865635,39.83604859820011,240.97938179095922,2520.9155851187274
Cotton,112.23159961535897,42.163971215833044,71.6306891952467,140.98320650319994,4065.07658697877
Cotton,108.18110995129452,26.979939455918206,48.42560922432322,278.9428209511226,4396.9480549201635
Cotton,93.42437465811253,35.14813422324637,67.97471864612018,285.72126591540393,4323.363431752837
Cotton,87.45772560859075,53.72579460118982,54.83718562894123,295.1786675791798,4083.156166487219
Wheat,111.38419985117218,45.768520639584715,66.38540849702672,287.816260977404,4373.320210306886
Wheat,54.82641436229716,46.02897537335201,39.96037919181943,154.37766438370494,2834.3396597833726
Maize,46.31753297526629,54.672859427539564,69.88499731581868,201.9553689407025,3233.7864627806357
Cotton,59.16081359276305,55.75892229850019,36.47433893306129,135.0909940393882,2742.7519148647084
Wheat,103.56626229601522,56.79170287117745,52.765928480197445,261.24193103448664,4835.177931505259
Maize,42.773621338118666,23.793967730126244,32.84042679043245,277.68634102881924,2535.588746350739
Cotton,86.62454680667918,41.76504007852404,48.5315912975716,270.25776785950296,4340.786331017611
Rice,119.63500129530479,49.620380848732744,39.09051257052219,186.673389739367,4081.092644119996
Maize,108.45568750700315,50.27707380508055,36.002205838232854,251.7347769373562,3715.3305846384137
Wheat,81.71565512348715,44.268648078800155,78.01910108168225,119.51583391525389,3335.0750859816776
Rice,45.09127274293139,26.671493407346965,29.60444632920384,108.04895412385014,2207.864083322078
Rice,106.50988115085678,51.89682215766658,67.23955024744372,250.64728286175216,4374.307885189376
Rice,87.91828065417684,48.80445334059783,79.04989756899289,185.07105486573676,3515.342106571371
Maize,49.19463976476535,23.44543086196145,21.19408902440467,299.10985294791385,2833.2102081438866
Wheat,47.5085827858685,38.55239298697505,61.9416448425257,119.45084317110648,2320.1607767971964
Rice,112.7701455549274,26.959095980872142,35.174708333377225,271.12553630704673,4183.7001369001555
Cotton,93.53602103504628,33.499081828518875,22.42926945969827,195.99661310579836,3483.263074715937
Rice,106.34294394534044,20.723243688227416,44.17337473739785,265.4300391007754,3667.6682562156857
Rice,110.31831202258138,36.01319473643033,76.1130686102525,263.425456434029,4319.6949077373865
Maize,85.74178816386578,41.995076846248416,20.705905662019862,283.1984002724155,3859.504783363575
Maize,81.3957081404033,44.78330371308347,55.273141515786904,159.57000225722055,3138.392747953493
Wheat,74.43419282567922,46.539613805148406,50.083788715719464,289.9598706924006,3578.388543186206
Cotton,65.35572702328955,53.4516525240984,72.40304986226285,130.33339207152406,2898.8475927395775
Maize,74.76767686869694,28.618516291029202,25.04010287123754,116.3937555186981,2609.6198386742913
Rice,101.91037245841251,24.819272897538717,60.89156179319902,186.32310347446983,3750.0385442055954
Wheat,88.15387448121052,54.061486875917026,60.80658190599664,265.6645937283685,4000.8848632798417
Rice,111.4018631963877,26.264512595705995,60.144801011736995,194.6842261266891,3896.5481784663243
Rice,75.47040115033502,58.99040325344781,76.54006969610222,265.8573355061028,4542.822530277723
Maize,88.56716629750032,53.70152917594548,69.38525174041283,245.93736115886105,3918.65162743523
Wheat,90.5046042473591,40.03506423558397,22.518363574610362,141.88567722778672,2556.1800169118965
Cotton,87.33577298450604,59.25685699688101,48.26497104227079,289.77632497989276,4328.426426935945
Cotton,96.2107018468413,23.89506916432017,43.87718337208001,112.15623372588068,2990.486174589792
Maize,58.9946774699845,32.12263044700407,38.608833265448126,279.655941508759,3054.237528318271
Maize,80.98910220366325,45.52897660162446,47.080203509245834,160.8886897980748,3442.417102306991
Wheat,48.337984224667814,34.000274738927146,43.05165109555865,200.02961663287988,2918.5578931983296
Cotton,70.760906211585,57.13490207923167,45.94003399271992,184.4703745401469,2788.99784441722
Cotton,79.01336548970116,22.6250435271127,78.75571193651855,134.36691138338324,2989.983300089203
Cotton,92.17794076363779,41.97647328243858,25.317978484974844,171.62937328033863,3853.6263221853983
Rice,116.04248420689628,43.63465069580458,75.3338521903238,138.58688725855905,4204.504711219369
Cotton,88.05208532386847,46.109124951088965,48.8142028082616,140.77729509210477,3499.3014483601273
Rice,99.48751329412478,30.22664893327258,57.42453472997247,137.41136720527606,3708.020779477492
Wheat,80.50128475961623,34.58265710079458,69.81097799706163,197.80347606931883,3555.4093774997687
Rice,90.72832251010651,53.747221186599106,41.62778174895533,259.5862735022631,4191.45668444488
Wheat,45.674577290701876,27.797710758806392,45.825314485278014,213.7940067522482,2862.453609911632
Cotton,60.35132646734776,53.07471388693448,44.57110881672284,278.6413177101684,3696.8984939617335
Cotton,68.9482474564111,42.50621691610969,42.483861352145595,227.30889771534484,3232.023166652545
Wheat,77.79946840052108,50.48750044776328,75.5317592988137,237.86802312652088,3993.912875794845
Maize,43.6518996401907,48.54429465053886,69.73579347158073,233.52144594540064,3086.1405026960147
Wheat,51.20192780426542,28.30045981539516,26.539999391778565,189.89183863674822,2479.30298150467
Maize,62.14514462330446,42.75250945735492,26.487401148625764,237.86776444001657,2793.732827369263
Rice,117.72261527208406,54.7089261122037,45.67217089117947,113.94154929379224,3604.287645806475
Rice,66.50776056824407,37.28464947207718,25.91944260396854,271.9702943831326,3193.0233713674356
Rice,78.5632846489666,58.663630808932666,57.14558571626718,255.56242868878348,3731.4443361376607
Cotton,55.68781701907143,38.08860400406872,28.621496435704035,149.04599164633578,2364.6345592945354
Rice,88.86240568606146,25.711425466715387,51.34239583800806,253.60649085081647,3648.5353263949746
Maize,62.45465724127794,35.57738720310693,20.433196820223067,102.5285202800037,2368.6526325486298
Rice,56.55940627507414,58.068096255621484,38.9957809047588,143.4493144961761,3059.4051750104886
Wheat,81.32581027567832,32.788833973594166,60.631443420359325,113.02744773417919,2912.8361726753024
Wheat,40.440463932833666,54.723926394682515,49.04233641367091,256.0453833235789,3489.0419025989554
Cotton,40.613122611938024,55.25002726727559,78.69616915993929,251.17483023567743,3671.525146656345
Wheat,57.52550472814862,34.00746097327844,72.44622776397264,262.72720476036613,3607.6703762135585
Maize,42.937709000065695,23.330306322025287,41.544246742589074,100.89633866510577,2011.1788809410602
Rice,48.64206033045531,48.982316366352734,22.729192488336476,200.24654533568162,2771.6497443733365
Cotton,67.10885194710013,32.46049196055944,70.73757800690113,240.9672395034673,3806.4600038274593
Rice,104.20685436638503,51.316944570302894,74.67405861888028,131.0802257478031,4199.563343306202
Rice,85.76389146954406,37.70619393041733,69.23764360514221,229.95814550252493,4172.1282192767585
Maize,81.01341807651332,39.41066969370486,27.676996455185893,116.82201986193715,2802.3813335324935
Wheat,63.47910585664973,51.11637626994147,79.87490806473727,136.26517122086264,3374.837148660332
Wheat,114.54029755462531,35.294533242465114,35.51505329316643,195.1593629989202,4152.0937294746145
Rice,71.76120329897533,37.72509381291658,63.452294768502206,230.7130305362204,3376.561876773581
Cotton,46.96742134366172,35.047618750784885,74.4820925801433,129.17382539077923,2577.070848521083
Wheat,89.3653212894241,34.6936206110912,34.14122685984257,137.0446661661876,3055.543995725461
Cotton,49.10707147812811,41.03786307605837,74.49551328062397,140.8892734131326,3050.682827885761
Wheat,67.61785142413537,52.35197778004603,38.568894751692014,147.7401609397957,3198.5278488905433
Cotton,80.5929550974247,34.47073247690263,78.58479334304337,145.31076970525825,3319.0077356337174
Maize,109.93780197481406,40.97018882150947,36.87560122282848,179.02982169952736,3357.275458535761
Cotton,79.48372642720949,46.82909301770403,77.2061494854701,230.75793016734457,3980.0533236676356
Maize,96.18070128253314,30.7775778521462,23.212679053560493,187.60635662689393,3041.163096649325
Maize,119.42534711992563,31.100912196095702,62.55632070018878,255.19478174997764,4051.9202591035305
Cotton,50.51912959183853,57.336525080938195,51.92666803022022,243.85370118972295,3019.9499296917397
Maize,61.97852204156156,48.941382933243545,48.67262462736384,125.30538280981514,2897.7584042311346
Rice,71.56608604781171,43.08746704893235,33.4096588553504,109.76832466414879,3028.436705555249
Maize,73.74625428310651,45.90880217682448,62.33574738658952,275.58831279992125,3889.360870142373
Wheat,72.88168602124367,21.171977724136735,31.448569486778425,115.96621331257468,2513.096006164176
Cotton,112.6088802045244,44.72411862246787,53.17050775908609,129.66783614394262,4039.417260181109
Rice,97.1226115573485,40.380354928968075,35.194721782415044,104.42665511162362,2720.73803329127
Cotton,88.6324171272563,41.82998719117742,77.33728278688136,225.66727305973075,4129.096653152277
Wheat,64.74981742902257,34.376953073232684,21.717871630139168,216.4741126316697,2874.671983981233
Wheat,105.90323073770358,23.258955908517677,31.983696806674192,297.38073328705116,4133.6206233908915
Wheat,116.40484091879911,27.73356934448209,34.53863638324687,277.3864792634344,4039.537751720856
Maize,105.69586260401812,58.02978852850687,44.84406954606899,182.16863549618193,3753.6825395493875
Maize,40.12520841531783,36.34798249083736,33.963814512203214,174.317168182507,2404.7807534717376
Cotton,90.91210961467256,38.66732623323457,49.48094541612711,159.37040685599703,3804.3852071377923
Cotton,44.090830515368054,22.108391594137558,72.34793139551235,130.48138400757628,2650.0494085346463
Rice,60.60857762669775,21.502649181759224,62.723805284550245,127.61673132040181,2487.384704364159
Rice,44.76197602782173,48.68725788187031,54.79771883210666,126.45674160192108,2234.980550418587
Cotton,88.30363623595102,41.52378656484445,25.34019067896078,122.82295143735571,2534.7507340771917
Maize,94.92719307940854,40.34823936865067,61.639526503356535,148.10240848110737,3878.800518254884
Wheat,49.15901104527241,29.724981216906748,29.98485705865639,161.33372606262327,2109.308602283508
Cotton,70.70711064359836,49.79002926519689,67.18204315770188,292.31579420778314,3922.2293921343335
Rice,76.49892071644337,26.729463164339677,35.00340551060919,215.69465020037714,3456.5442184954286
Maize,69.52424174087332,27.5973897464408,45.02292369925405,297.51915490265617,3116.954675929083
Cotton,49.682000038815445,38.42848685393102,41.02821213907568,174.49338956513463,3011.233039531045
Cotton,73.51582321499804,31.451194484477636,71.52883488049142,191.5253265178882,3310.2040196049265
Maize,100.09424382467344,29.898519249325854,27.59266752280449,164.91573183305582,2973.8381254196715
Cotton,45.680613162660435,45.809505782133265,53.93869294308732,136.57753017931054,2532.4019548536844
Maize,46.41440112655228,46.03886980874178,28.523696566583734,128.63294155551583,2135.678136075889
Wheat,68.38170334687874,52.98068279199717,62.2877501679312,289.0158395615664,4044.800502961356
Maize,115.33805692951401,36.70834267891904,74.30468766766887,297.36213635975116,4584.409586881781
Maize,93.48581173783313,22.923403641046008,46.076459232035205,108.98189930174631,2485.5889910728715
Maize,94.29359653380519,30.946655396858308,49.28553561589855,130.06917494635331,3156.705199659298
Cotton,68.9535992670292,59.20021852787268,75.64537018896573,184.70481846020454,3292.408940260043
Cotton,87.49286329668308,43.850343009308084,51.25948331896143,137.26669526888145,3351.0839359830934
Maize,40.810494722219474,48.38948339204081,49.255906282973655,172.77607872537666,2374.919579090229
Cotton,90.88768371276338,20.29431318501658,54.69974616225825,125.81926997192667,2933.6006757391347
Rice,113.06295580609894,40.728229287300834,61.353784181777115,191.30235134435804,4139.568505550536
Rice,89.00587746758553,21.501146301272126,26.413002505221883,154.33892323385186,2842.8295099947154
Cotton,109.89588747730761,42.76920848365792,69.26663166449097,170.38101115173217,4098.535419549264
Cotton,97.9178444372875,56.830833985443014,46.13030164719555,118.86253029254952,3670.1786670606334
Maize,49.64467331229522,58.736765220016316,24.34091059384913,185.62561014202834,2480.4990339773162
Wheat,112.19626458286734,41.62210701555696,67.17096015189279,296.65152219231396,4657.865874002616
Cotton,45.315507548461994,38.32819221008864,42.616998301176324,165.76660937623808,1698.244522909301
Rice,82.7173978038211,57.80068376993976,26.022049705703235,275.285854968487,3881.004463028155
Maize,51.37096990347661,46.9443932798678,58.02674237259503,268.63982832473704,3336.2732103769176
Cotton,40.93652885847233,22.595971181536378,72.8078812060185,290.41168365944213,2942.2839631188413
Rice,73.76274081021111,38.629023106699904,73.26521056483918,258.0219024534189,3892.9690853538164
Rice,63.6032566123325,29.609800738572154,77.45980848853839,231.91936541176298,3727.5455341253164
Wheat,78.88003950380823,38.792172857947264,72.06232758600129,271.3168888454915,3843.55006855165
Maize,86.17599093876407,38.21862288025447,20.128455160728514,115.12893613146993,2550.5169211650114
Maize,43.49912578471579,43.28579211258968,42.81446998480341,192.56613143976156,2734.64544213248
Wheat,49.84026360989965,34.27081961397005,69.11255479433018,297.85124772301174,3154.8547002426044
Wheat,84.69139171603402,26.570817978237123,41.97518035990845,253.92003025894644,3367.5514788873897
Maize,67.45338825381266,40.14877738359825,56.09291038278237,292.4150756074446,4024.551339449479
Maize,98.33387900395584,53.20811537383048,56.37901684247192,255.92687122669582,4267.476538568441
Cotton,92.18333188735517,46.56048912270409,41.90151824232939,274.9763934884288,3542.056252323738
Cotton,107.64834903919254,33.53471463700863,74.26843563687726,241.3059264606382,3840.0529352016824
Wheat,95.39942613353801,57.42092091035429,50.193700723167055,252.10040088344797,4209.20115613854
Cotton,74.39448619121185,56.48830284996728,47.88705235625005,204.63560196790013,3734.6065630228436
Rice,93.8373297915546,28.37393597536395,79.85082473971374,284.8475401628266,3847.899751507083
Cotton,62.03049394043348,21.57670340481452,49.610021844357,265.0077821246723,3309.036612726635
Cotton,64.50507990225702,49.65234833403049,30.703895115714865,268.77699313312644,3740.4294119442025
Rice,103.11881279366347,53.10441045396613,50.78416537180628,234.60182019261046,4646.207057404311
Wheat,75.71356131212657,58.71458263805421,68.8410041311958,160.9159894174498,3643.214773639105
Rice,103.8704272414682,55.59345576353243,66.61161961389689,107.12595907802786,3865.235799676044
Cotton,105.79378989346228,44.02139072825659,67.31490590650826,287.1310258819089,4008.0529883889913
Wheat,108.6049870129027,41.20209356849523,62.4814270398747,217.22406976109937,4685.187645257432
Cotton,113.33081886729659,21.11364205050345,35.253069744001294,159.62859422962805,3300.1195595315025
Rice,74.4788176410637,29.866257873791113,71.72504515041388,129.82702156950756,2832.0315817700557
Rice,65.5093454656911,38.384590069317056,73.6066079225759,265.90463310015093,3641.571010330852
Cotton,86.5758997275291,45.14015600334271,31.649161797112946,267.30403888951577,4130.978233100703
Maize,69.69379387501021,42.290073332736426,27.827338193083634,262.9015936261063,3906.7620316902758
Maize,88.08593334401863,49.70543958726762,78.53629811534672,229.01653839335725,4143.8099182287615
Rice,96.44686901150597,31.190677235481633,72.09943781902207,173.20307751837518,3946.862577965898
Rice,95.07240147937095,42.59810430609893,73.59416883259681,160.8140569560514,3773.2934635794654
Maize,69.9642309616097,23.525689735631687,73.1825830774637,101.71095402363403,2522.596166774816
Maize,53.34881613590022,36.54662094332828,52.5012094420237,266.72151173764803,3626.643712571693
Cotton,74.4423470769766,50.00643331818404,58.78410419994798,117.48653949872849,2959.7813166078126
Cotton,51.4075315265527,47.73603413716176,52.7217711280185,226.15099960815354,3540.023379787813
Maize,111.20776281470467,59.62570948688716,23.072380951419746,200.81498936801768,4276.6823333038865
Cotton,67.6701968590286,31.11564503951024,64.73018512116636,205.33787178527024,3418.9515600639543
Cotton,52.3567797778659,39.927571966959164,50.319922000152815,285.3425690615546,3808.7086539779857
Wheat,42.03582079246007,33.18121655095987,58.862544487413786,106.32300225424842,2833.1463373176143
Cotton,91.66579090291874,37.62412456236699,50.15838829853212,254.67844492575446,3832.6389978739567
Rice,90.95218539637946,54.278005194775524,49.50867933934735,110.41047967346142,3133.416061628809
Cotton,67.24833332650334,47.368363007539465,30.30734656866601,107.63072118707544,2154.049968275453
Cotton,45.73695110781208,55.29764765390327,36.72282290846894,185.96353962827638,3345.0533828710923
Maize,72.77031159161857,28.140444333275457,29.531161516637347,112.61503486859334,2396.0172279281674
Rice,64.89739960507148,54.93444471365752,31.739977737520547,257.82879025858244,3717.6694723987293
Cotton,94.16965117880075,22.390490967135378,78.3786428252183,205.91261872966743,3591.7752928471873
Cotton,88.46233995621523,55.543971217486096,29.186806746331904,105.8077565319549,3464.32303417281
Wheat,69.1674982558032,33.16295117842912,36.15622545831246,108.1001372963839,2370.003925856798
Cotton,57.43140434039921,32.58350533656266,55.4353794643151,222.5337059478959,2793.8598831442328
Cotton,119.04287729244734,40.483543067946556,56.61071457419851,261.22236353168097,4448.666663741363
Wheat,76.32012969568919,57.62760750892927,29.238447784629745,187.5599062549547,3162.5337085102183
Maize,95.06193886241897,21.911254587256217,67.62304554711274,210.91613430712488,3853.936027942671
Cotton,51.244237406268866,34.089239002829814,67.1121720747695,259.96589080998035,3289.5695843462636
Wheat,78.84717597275183,54.262879547333426,34.23906225223347,222.10123480836384,3680.226117279668
Rice,42.20293758955724,35.842179097418665,37.319978160527626,144.9520475317639,2214.9636767738266
Maize,80.436409432836,27.966275903882682,76.27927192756982,222.6104051738957,3493.0185830281157
Rice,117.12139256941619,36.99176725325647,69.54028675876869,225.65589181304273,4229.878462967451
Rice,70.73653703886401,35.422100059666775,61.867821983751426,246.82139617622533,4062.342767641951
Wheat,43.11968100599293,56.61664805866814,24.93399329063603,224.17483751136024,2882.060888331786
Cotton,42.47646327354748,50.47737502972389,45.09584485415454,293.8484260916076,2794.5648659168633
Wheat,71.03894079574957,40.204622229760254,53.558112324609624,139.4576617434137,2863.9735796802597
Wheat,52.801994917055524,59.534822668862844,31.244677279026618,290.21813591341527,3452.6077410096646
Wheat,41.86816770625487,38.61110125103693,46.89359492649347,207.66789807000325,3185.5855936525763
Wheat,100.49708911601414,22.32951323281101,56.0615526493214,234.3912280989824,4066.648108842587
Maize,76.68184071055126,30.490972872599396,39.64260080692395,119.89231949043797,2511.622953662066
Cotton,63.139581757812365,37.442819208772505,66.85668913702924,176.1151882756214,3739.558073287405
Rice,112.00665464131846,26.276104965844805,70.42697489832833,253.87582929263453,4297.291847379956
Rice,49.29111681604205,57.90260505296172,39.41656816604424,241.38220301979806,3494.7305128524663
Cotton,116.47350631642554,50.67395591271092,70.31942926954743,108.02787763308204,3659.1921411591
Rice,65.11733739018823,30.731488017110905,26.2145939661809,209.31885269944894,2250.089358575048
Cotton,111.0722937846945,43.632181340716635,70.26374591735939,117.65563859368189,3461.695243763014
Rice,88.23543011835693,48.85796628438288,29.165025900056996,299.1712858356325,3149.4566566728254
Wheat,106.136588779319,57.65115715627192,24.975629150583565,279.4593177066589,4777.347695755363
Rice,118.72105305683715,55.26541396701643,58.50652426646067,104.21613208570739,3959.943055442014
Cotton,63.07243502549966,40.607689045528545,48.31624194531766,271.7299157805262,3233.247092749136
Cotton,116.89083883260744,50.986104791720706,74.47343602476997,283.8859201116815,4993.18832478872
Cotton,71.15855159219363,42.4857901531034,41.791351765450955,170.709644512691,3109.478659759732
Cotton,70.84095237895379,42.10815560182161,37.229135806257716,243.90033100955318,3527.461372056868
Cotton,67.23096834036045,24.589678333527676,50.0440943686519,188.42074924155577,3250.161110307185
Maize,83.3126085878068,25.045506320646084,47.35677114611968,231.04649691526882,3356.4929382095625
Maize,52.33160345427897,41.1813446008983,40.66568277303129,168.06348085963828,2463.159402891059
Rice,84.2969188286409,30.754461799160264,61.62447792189971,164.51184732665365,3532.1458999507045
Cotton,83.33638499280032,20.841476098418745,65.5737100348345,184.88677777151582,3530.906826728471
Rice,100.9521450083896,48.913568156008495,71.1790381418082,129.11355173050023,3786.643520124034
Cotton,106.69199695500684,21.299463867606597,78.37139628262057,266.22779288707653,4835.290986033184
Cotton,75.23530802499393,43.81107364416218,35.99937152795027,169.73957907232733,2979.204508105563
Maize,64.1866599481195,41.567751765092574,62.96560894939769,180.02991078116904,2959.0140507382666
Maize,60.746791785367556,58.75258762311218,43.65549412974471,278.8109225404289,3733.6057144902043
Wheat,55.569906936389756,39.368525573905664,60.62491831706649,199.32476281263428,2906.819164747345
Maize,44.61180657592199,22.544057455111894,48.55890142095322,208.85078187017257,2727.2632624245575
Wheat,67.39583830677707,42.06751871225847,79.62638616607589,291.2996249554197,3762.4452365470856
Wheat,61.61981537046266,53.64384682464406,63.73412814744499,277.34527662899785,3676.8899324505246
Wheat,117.31339086931258,59.873971371257596,77.14947802605947,133.8933417776879,4743.800286261544
Wheat,84.61670610000351,37.213726947562904,70.09817296887115,194.643005983621,3542.465353590715
Wheat,67.78216312244061,32.8119496998697,74.17406066980226,294.25924548570913,3627.146280724611
Rice,86.43740807949568,56.26613187807996,68.86515183288049,174.47325964572053,4084.7544417019144
Maize,51.13573610765564,27.649685163044854,47.549547822554686,174.31462170324,2336.547571064413
Wheat,75.52349993617624,44.61715660131706,35.10730720081306,139.00604635783088,2767.696374327495
Cotton,90.0987457136851,36.22857696723791,42.219210527031336,122.86462282382504,3237.175845969874
Maize,79.11182654339612,21.643294598222212,21.214173958397026,248.06095815119636,3370.781799268071
Maize,72.14230405234593,33.891538972227906,51.43959004788003,254.0060937403033,3794.805407559547
Wheat,119.50787111197586,30.609140900106983,50.30346801622452,293.8025927006,4303.6935564269725
Rice,110.42518097191416,47.44364615773947,51.51502788982929,254.6836421810726,4494.547669437515
Wheat,89.87247665275521,57.95161990767673,78.44187349832383,148.67049880671973,3724.3681977725064
Rice,85.55018889458262,30.72188749514551,74.68724020729036,108.0233156577031,3044.1411220279942
Cotton,89.65283838596673,52.45863756606727,29.70276669980648,297.087476873932,4326.522988681005
Maize,56.10496862579466,22.21439267753638,42.13295129335335,168.09013910872113,2400.853756906983
Cotton,71.61101946114549,41.52484040159253,45.43737076779571,162.39430848648414,3123.1928342353513
Rice,43.156762631271945,22.822002548395783,41.631975071098864,281.19104194987653,2911.8555857116758
Rice,78.04368299894614,57.36131964522557,67.90975781623479,217.01997970899723,3589.631012346446
Cotton,83.44196671661305,50.65405122229561,51.442260192055215,142.97423476982692,3580.621005175349
Rice,58.21997888825677,46.31799644818369,54.325989018297506,277.8192485432479,3676.201933685779
Cotton,117.1223077732411,52.95585526498657,71.18081353927553,298.67217101094866,4452.268140578072
Maize,112.75636887497936,45.900791822806525,68.35568920492152,117.33571223016614,3920.0148726326884
Cotton,97.77145883647248,58.75777588697164,27.93269136921798,272.45032566049747,3913.3147531531763
Maize,82.670930301229,48.55831791459086,62.83487504501806,178.1031395368788,3863.9098351349435
Cotton,109.5975327718148,56.98634438328987,46.126167734122134,204.81448930134087,3780.5758871448816
Rice,50.452187505877035,40.68527568042552,37.67893418375003,282.96319515299615,3098.848758715988
Cotton,103.2407835419908,24.682576519274505,23.00112925413118,294.6758391550235,3948.4216480506743
Rice,49.985665117347864,41.127108856920685,49.23497362072706,152.43278208175988,2661.3659985468485
Cotton,103.53685300395243,25.074913122523732,41.32620084347188,142.57015419198277,3481.414655114554
Cotton,62.06140546010856,43.6997391670562,35.090782380584045,116.10331171830236,2193.3210541816584
Wheat,110.16724648145511,39.299722421106516,61.68030377581745,212.3595705324276,4546.186580356628
Rice,115.52336750603183,44.903015913311265,66.16912323893521,102.72087909013365,3924.838598605396
Wheat,51.90367755240925,20.401879242193264,34.68737114176549,182.37965952198732,2777.790309127501
Rice,77.01404840523148,27.793619666214564,22.966846200760834,114.67680333040171,2741.388828256669
Wheat,118.47899025301481,39.653217276485236,70.92516203391409,181.04515658586678,4220.035306526804
Maize,78.67259487785174,58.02014246356539,20.597584472258198,107.98643785312186,2537.2068986245167
Cotton,109.08380180116362,35.344361614206335,76.22674963528831,267.0434521217538,4344.237233440897
Rice,87.09852177050558,36.974881042145384,57.657192438962355,141.94779878771317,3695.1737159186787
Rice,70.02639263356815,48.587843560264886,39.31079811207922,165.6617420715824,3411.3053270202054
Cotton,62.862684442069614,44.15171029144472,34.78867457460417,274.0095993212784,3224.3835907811012
Rice,56.257847286886985,31.95704600393333,20.540339855868513,249.253212266441,2143.219191551511
Rice,100.94385531021578,36.432655822697114,34.128285020652626,143.80767232841168,3261.3300437285548
Wheat,70.92324054584223,28.707991954289298,28.263698091028466,114.3798837314992,2403.7249108121327
Rice,80.90203697606009,58.640858365208345,56.72997324338874,243.1347553710679,3880.457322230712
Maize,79.38603840009455,25.22537526229439,29.992735315628078,178.14051013762185,3054.417898651475
Maize,86.1823223386505,34.873471382656774,51.71779025219716,253.21599982364424,3972.074505158199
Cotton,109.24617164996418,21.03355888880045,55.40698534066825,189.05895447504207,3965.7733089217345
Rice,118.45914748667435,28.871179677341857,37.88250190081487,169.20048259445528,3814.973527902507
Cotton,72.60673668590536,51.2188455352062,22.10389694112312,190.2410816424793,2643.5991089117397
Maize,106.20151376850424,28.047009291555177,22.235232836851765,249.71179713413534,3633.802740197609
Rice,101.16222357237741,23.202536101158625,21.580839931635055,280.44405730807483,4293.401589260719
Rice,85.88231611644586,38.978127193780935,64.34748002819278,109.95343931771511,3300.4153969925196
Cotton,116.48377148895464,20.39876938938074,39.08058228885788,204.822308245391,3848.3653757002526
Maize,56.037961242272225,23.390646177053327,67.77801115805983,106.56708581677552,2589.8580820934803
Rice,48.74113682476971,52.305034782519,45.90396943057095,193.68190900487173,3036.2950251926486
Cotton,108.31695735643378,50.85893379438426,47.17988604979783,277.05656581938007,3821.3160822718173
Maize,75.13198533069986,56.60555281619584,50.77295615057442,172.31805328406193,3341.081118445234
Cotton,107.75750833656484,54.18061743642998,62.781887382506234,286.49008421612865,4640.598646252361
Wheat,111.44721641563319,47.327022529592725,36.41017194978242,226.1216943301219,4389.058206798297
Rice,44.996607489525715,22.093314292026513,27.295240972011612,286.8310687586013,2794.0846834844774
Wheat,110.67718103888485,51.3139447194663,53.36344011148769,251.43332508250393,3987.1297752104338
Maize,75.86552442955377,53.820432433622415,39.61865739456435,120.68703332975247,3118.568658572781
Wheat,80.83459912033858,51.96328583087818,46.54947882008224,146.2302735125354,3074.2722078394454
Wheat,90.12740088745682,40.33916141232105,58.816802500238325,178.83409091670126,3284.5052222376103
Maize,114.11060853840694,29.316073545979265,49.64754446847624,134.0213764024152,3363.8264012607688
Cotton,41.52928755438112,53.81319902754907,57.21672902605057,198.9823209553321,3095.990516762744
Wheat,78.14747746542537,49.08651238960554,52.65200012681767,194.2736311402981,3808.2712099626074
Cotton,95.01776339444486,59.23044697555406,64.38778231616595,291.2518396054762,4641.954612290094
Wheat,97.81655661585827,26.227703910237317,62.3561970626972,186.74557657919553,3790.726125435502
Cotton,95.40259452296864,29.026583322082203,52.05139350851715,257.12536085759956,3989.9677588610916
Maize,50.75481035264975,28.471925995260108,60.73418125158241,288.382108970296,3329.8338498732383
Wheat,63.9516470697345,51.70159070485347,72.41357613635677,275.3977661947971,4046.905986791705
Maize,68.69724203336108,27.47629185800473,45.936277267290116,141.73352490231838,2129.602389313694
Wheat,104.3549766143604,22.666393192932244,44.76578436492762,199.20597885070885,3621.846123102703
Maize,62.30078979316424,59.94243226342515,65.85473725114281,169.54795645918514,3085.779299589849
Maize,56.85639710937625,20.992688457805965,54.95323022251964,179.9717390274431,3015.444049960891
Wheat,116.5958415230477,53.40976240635462,24.260406813355313,172.16136524915026,3806.264364366203
Wheat,40.70906280907751,34.614673662026114,73.52672094146487,265.2718420350008,3217.502656164319
Wheat,119.82566845455825,53.66461839031261,21.846986134258408,190.42781102448947,3595.17840076738
Rice,94.14570390859166,42.184819648445796,64.90378137258459,204.73886644893764,4127.780374359746
Cotton,106.27754395592936,56.065249179454405,65.52764856225878,296.48947140941493,4880.334654098296
Rice,63.56955170769545,57.047719456585064,77.18666511691583,111.99585443830328,3299.907458163339
Rice,41.1452222133648,20.36392725123104,23.248064504139244,197.59152795814975,2002.163698645274
Maize,99.0295614849224,23.01648703971153,55.811411647069455,254.8123413892232,3697.4958133874193
Wheat,106.73156776005406,30.01434918283422,45.670434237623176,130.23239163764532,3445.106574050918
Cotton,99.23809055628153,46.772616654540066,39.83797729157252,222.3063189229548,3683.8437948360342
Maize,51.428022984067084,55.53088786046024,25.419113617944383,147.89295590689335,2694.4542244219756
Rice,100.27423378055752,38.39767805175851,53.75924718027855,273.4808226449135,3630.47677900681
Wheat,101.51382256861127,44.278924650970616,48.74244354047682,165.41993308001585,3551.2338637498497
Maize,92.6832412536044,27.539994111822445,26.273267489061457,165.81256338018193,3539.7621300548954
Wheat,101.28927462364689,52.19867335526742,56.749370425825006,219.6387757035787,4225.150063263938
Maize,107.67371517421857,58.69312445413879,64.2771872151763,136.71258162398175,4010.4775629900196
Wheat,89.08832913899667,30.7439573165839,66.03669806321889,156.9777277806122,3914.0796657540354
Rice,47.088377117574325,39.79303806402186,74.32239129574565,183.3263700238823,2400.974603261109
Cotton,79.01022477337688,23.444644420254953,44.56824451332663,170.72757262802207,2799.012308540193
Rice,46.21194677372841,42.36546625851874,77.18436611732821,204.97544360111647,3036.628223271353
Cotton,72.60344248259446,40.111337673867226,71.92576430496116,219.92802881379325,3821.683612143033
Wheat,72.56851913005022,25.777459366203104,37.79009426143634,213.33349075003292,3279.0453439069283
Maize,45.280787531219325,37.682648524723,29.556982240967507,230.83366239838645,2500.482415014575
Rice,67.90564271755835,33.36418608346253,46.1233637676808,161.54990332156405,3141.1435367378663
Cotton,48.87984790330519,40.87323501220757,44.113922477357995,125.2852454310056,2337.0528425041653
Rice,104.65881680073777,43.42617341715197,54.543158319872255,252.16150828621542,4514.121814461195
Cotton,115.81504207715766,20.33982314428838,55.00317393966488,270.1560765261364,3971.400082617115
Rice,45.78531802063509,50.44023931798222,64.99921906279852,151.40124644448645,2805.589119271095
Cotton,116.40921658333612,48.520571674469636,50.593396892336614,181.41839123160395,3968.0968548309315
Cotton,81.80612794693961,34.65145544826089,26.28935845644593,199.71384339271106,3413.798162843487
Wheat,63.96525423630991,22.11743742275273,71.49748013318637,206.6653685505873,3034.3901652698687
Cotton,46.14896602209308,50.19730159140202,38.585874991111226,231.89803421753038,2967.785796240325
Wheat,80.04994144563342,58.2070064191253,78.27784761839553,108.32064667106427,3590.4675820059438
Cotton,103.56124355925989,29.606063840880566,27.071606520786208,244.2954165468034,3847.8829188556538
Maize,96.56691818133585,32.94098454948151,77.4950703339502,112.39420139588205,3692.1562040450285
Maize,44.0180809171179,27.3525155792726,25.460708412951018,193.6577135345736,2396.232489472938
Maize,45.83214682943228,43.077444933793586,33.86216827682357,265.5342271138388,2903.638571652776
Cotton,72.22986261061097,26.193655785898198,22.794796525192496,190.24306265567924,2706.1999886124095
Wheat,63.623239523835466,34.24775773845518,62.306788798339696,129.81794975364954,2834.7671198440485
Wheat,58.59074584448383,47.88052055737052,71.01792419430751,297.00676900119197,3886.8108778567857
Cotton,62.48035991269709,42.40463932037393,46.04426490895882,277.8570924148527,3446.4373494747774
Maize,104.27861946375077,35.458502573117414,75.71132450254578,254.2627266450028,4335.744914716781
Maize,114.33824429054832,36.809984072301674,55.41794430533598,182.30232057984207,3586.1857869070336
Wheat,72.40821556220531,42.48443530492918,57.800428126791395,136.76914537785956,3241.8499330497266
Maize,112.48888017059977,20.23458911548645,70.7251521020462,288.2822362837003,4461.555687117954
Rice,65.71965609983056,23.140394738144394,37.80801230311033,206.4702253034278,3121.5373995881973
Wheat,78.11495890750334,55.250322710520464,41.255943279657544,270.471092077497,3834.0281528971373
Maize,58.08231982527998,23.11515956365163,74.35711515167867,168.41900115188514,2473.930434264625
Wheat,91.23808337406751,48.27214384842021,74.05780976232583,167.05766341589413,3707.8060942903185
Rice,118.31848921398472,56.801526564362106,78.58896657205224,297.10809613480785,5032.798790239028
Wheat,88.2794476834703,30.827344172069246,74.11029898650027,204.36660969896997,3907.6200530855485
Wheat,68.62512672908392,34.81965748238057,27.642322162001655,128.13908477214926,2052.6384302644915
Wheat,91.82539567924226,42.75685623378865,69.42345716821924,143.93493559894148,3590.143525945958
Wheat,49.833654277231005,55.268358785543384,44.59030868657564,196.38885587854415,3116.4922526234827
Rice,111.09272642123189,57.67622349041681,79.44808135675628,108.49418209768227,3863.36351020277
Cotton,80.24671606238691,49.582529924450725,48.33685785972806,192.5067970756601,3503.990814646166
Wheat,75.94797936317136,23.464790434187762,53.230164950133236,183.78816841602554,2943.1244780413367
Wheat,86.86918307628153,46.76616622139403,51.786494915407914,255.86725306389738,3739.6472711982647
Maize,89.9827090231522,36.41214887490648,39.304221791496666,170.98839289784837,3202.513768786997
Wheat,45.74206449812104,38.82803997964246,24.50132533357509,296.5097523079199,2839.182657480486
Maize,94.60937769787219,21.965935613807083,73.73907382411511,136.15398386018063,3555.625261453522
Cotton,59.35453442524236,27.642485573854326,68.16054875157721,218.19733699362698,2988.945649815677
Rice,97.11621060052718,51.62054430134591,28.371606833580156,117.93985940165092,3015.2261860077147
Rice,105.80278355073574,38.15835332191439,66.60609628100437,246.7727967987964,4704.257457290125
Cotton,104.31668060420162,32.06648966524595,57.5507999630366,298.9507376123943,4572.944817506927
Rice,84.20007739263113,35.36076295859833,44.54862727505734,263.8277275503265,3239.177118907946
Cotton,81.61359138486009,54.17598053302721,35.241268945733765,211.14070814406026,3336.0805690383145
Cotton,51.43007690715294,49.95996069619828,71.58372701013394,196.9482714799384,3286.455283114841
Cotton,102.02769203225085,30.89261588724331,62.01129555764318,267.0059922533694,4243.291530878588
Rice,61.71275043573715,24.700073608494932,52.864394568148214,287.1948169421448,2999.2252051031905
Maize,79.73563382543573,30.079928865762867,56.574112033907845,297.8413051596186,4140.7895745897495
Cotton,62.74192743420134,56.83025804218935,25.46397092493086,179.30784551289682,3168.8028319310956
Wheat,50.70626903997545,43.26355351399022,48.435185654671514,298.18349495890243,3527.6202242387526
Rice,90.36461575133893,41.33920834979131,31.62201756714212,131.1852504347663,3433.9621342448795
Cotton,44.346562785832305,43.85574398769846,32.50302074052952,150.70995518638185,2516.159539477297
Cotton,99.891618730096,34.64113062986061,59.678237737212,117.80322494677924,3511.6864266190328
Wheat,65.40694362088934,52.28428081278051,74.67536911005729,154.34770329689633,3712.648380469989
Maize,40.01077544035883,40.93144997200999,44.22539662870079,253.58751032360223,3196.867770677525
Maize,80.89033113897838,24.66991611075182,32.46495638073142,270.58487163569,3219.2620110885136
Maize,43.74815268220825,25.162604993162518,58.924816234199255,255.77852902051436,3115.857610310242
Cotton,62.09356462567196,41.47436586010473,72.27122278101906,226.21315563353926,3303.087593321594
Cotton,96.5581189964573,57.462808722833564,64.89912806734945,202.79330250452912,4216.596277543944
Cotton,45.01516972974927,32.33408486704795,72.12543383219523,241.7408578427293,3247.3940778306146
Rice,107.1470793884802,54.78164675436873,52.19328026064796,178.16670985344436,3652.9267138047726
Wheat,40.30559381268665,50.563823463155174,65.11257466215145,268.26167029994036,3294.239265479679
Cotton,59.74590953615218,29.912497716276274,28.403873561536187,235.4380187953571,2961.9194297333024
Wheat,99.27232449216572,21.453629932649697,40.89647692179149,239.5609396988817,3542.0423200145633
Wheat,65.30161197834454,24.07389060569531,43.37294986889135,207.18719862581423,3012.65868029422
Maize,48.15139104528108,49.13975735389761,50.677744774762076,277.0457968422345,3549.883003270891
Rice,68.81871350403424,27.986789521625866,75.74458161540943,150.4029467358105,3076.390601107584
Cotton,61.63146291076204,34.85083682021575,72.45779361333047,176.22953067221016,3189.451832907726
Maize,107.41695217284439,40.067966640257,28.071529537351072,255.5285139355378,4318.5346234844765
Maize,65.06783340681145,49.018726738006514,30.36737911294779,198.54977922586755,3174.167555243807
Cotton,103.11459774208058,24.529248930365014,41.45843297533468,277.84280268483815,4004.418162117987
Wheat,111.34977158485879,36.254656211098464,37.444631953440435,169.27986395257045,3420.677557447556
Maize,74.70539356612235,39.40291636570782,56.88625718937574,173.86603376392895,3423.4813241393103
Wheat,112.79545150835136,41.63308255886159,74.16656286587269,277.7471578773251,4742.854023250001
Rice,70.18544431705543,52.734425655808664,77.73749250035522,192.8740640364082,3958.831209187647
Wheat,117.12627331920865,26.867127801728678,59.21617715211359,203.22491684049734,4050.6844449159503
Rice,47.14316196204584,52.313258073064894,70.2895520840652,166.55274306713588,2557.928623336437
Wheat,94.96154132025941,47.715137107866084,51.512132013847825,155.33398843581637,3148.650434169557
Maize,79.5051232365543,42.23483256795838,32.49961681160238,231.1897421676784,3602.775278967827
Maize,71.01190443645177,47.981114816102874,51.481304725608645,123.96813230824077,2846.092967022118
Rice,90.61695029988807,36.48070955806625,53.30495608625907,275.8545282365818,4090.3877599179045
Cotton,96.3085673307465,25.535903438724983,64.54745385281339,255.84062735302157,3993.2208896369675
Rice,40.34906157202472,46.63060961061469,33.192979382440946,138.14965274116057,2266.8185642305534
Rice,53.3562470997759,40.98689226742489,42.098622925203905,238.80398916491308,3043.1710086846133
Wheat,97.0436840507455,45.57499202171102,41.84164815287398,220.52658425712696,3598.3882437270195
Wheat,93.31083308625651,33.5199512411396,77.5663757444699,136.90701014732883,3538.088796402718
Rice,117.28380041029418,56.27466309359343,46.63669761960314,154.6407012100465,3879.8514885560808
Maize,100.88302322006264,43.49479474302308,65.3056380378888,181.7973007467669,3806.810708958701
Wheat,116.06181661850704,23.416099371634953,65.04868288246635,239.84854704909478,4138.923194485594
Cotton,96.20324012278456,37.99215962817715,35.93265108819448,227.7446817634012,3628.94083997252
Wheat,63.844176691155454,50.25424218974537,54.312181362303924,206.44696953533958,3558.146112144251
Wheat,48.429193780068516,51.7653824692909,73.65817359911888,253.68210862280685,3465.4546494767737
Cotton,102.54590906759485,39.78388211055035,48.51186316741696,251.58754792123318,4322.214903971171
Rice,91.53193771807327,55.78990283325204,76.70705044055276,223.5718308124512,4586.447109223747
Cotton,43.8548809914637,30.706737487771903,32.867493759449694,257.3980166769651,2987.2698914429693
Rice,68.80403727207826,36.423947889530666,24.449546346441842,166.85267495584185,2887.9360175825323
Rice,116.54398523874289,55.943876422758805,73.48723238868496,276.2499056645211,4966.948155950813
Rice,80.0320916568161,55.85026865886316,70.86087187773299,222.98201716038815,4150.639355570836
Cotton,74.61833088157637,47.428510752987236,79.55539255603068,264.4727027624861,4052.529708926019
Rice,76.61596841274351,54.359221884888804,60.76360928674556,209.2558209580568,3931.4557531950877
Maize,56.7106179204131,23.55093067824931,76.20127560002896,143.68764899773606,2937.3797430178183
Cotton,69.49657366918362,54.599799048311056,69.61694150504664,208.48202573566172,3554.755343158716
Maize,69.58506047897413,32.82479626200907,70.6655799872052,174.2223327553176,3448.158827439985
Rice,44.188401614997794,27.133260497128653,54.148494227256094,239.4998072074189,2882.8443348395517
Wheat,101.40541028143346,29.574793453681853,42.94187587500265,195.15875834694714,3558.8744550916676
Rice,73.32035455231032,36.71874032055548,76.0734843525969,267.22256098553754,3738.1891241421617
Maize,105.77439094531387,30.047680184178688,45.927030536953666,235.61450246438335,3943.3587288858907
Maize,108.02784008959163,32.822703440659964,52.32916203498014,236.9088866062648,4295.32527013494
Cotton,56.95952437589264,25.399139442865682,46.766858427511266,143.431066698213,2737.1200312448927
Wheat,92.58827857361028,31.84707062235994,53.889098837611826,296.8499532982581,4160.243066025451
Cotton,77.78254433303854,42.891352581680046,48.23030473953963,268.33504185429774,3888.671195822998
Maize,110.4125390337188,37.674148323642555,22.878053514768553,257.80097691213894,4275.225100079669
Rice,57.25925433411633,33.86875044943645,72.92289116046192,166.0430450320055,2959.0441473792625
Wheat,94.22505602480354,49.85808515428456,46.66362913494619,207.1263305694464,3517.7609736120207
Rice,88.62016978021781,55.740398855732714,55.33661891044092,127.42063761486573,3779.799682536094
Rice,63.624118205746626,50.27156891609588,28.351268165479222,207.69519533254118,2938.037050006408
Wheat,50.92807229209381,33.28002808470717,20.20327087895835,129.17784929665746,1991.4030627110692
Cotton,92.13118083818213,49.77768671350215,34.71740561861858,210.60756879792024,3206.8559569914532
Rice,99.08779665058645,26.079207298962046,62.27516192800101,229.74437603098113,4010.825090024091
Maize,65.250187501068,25.212719523651636,25.951671806772715,178.03919344998047,2221.405538482618
Rice,91.5866083217851,33.82508148144636,74.53324642318807,199.70897566625865,3610.772568209728
Wheat,71.61047260892026,52.30809476176228,32.901354161371074,275.13067753491714,3768.4117720187733
Wheat,97.05655066260942,29.853929889692076,32.27561685750655,121.71262894056187,3217.064696983243
Wheat,55.93722199152425,22.530136355947185,30.890477697289732,258.3465785999306,2714.9432650367944
Cotton,111.21720021089395,25.268381408254204,20.838902778281884,134.1509101992393,3150.735427726055
Rice,62.99276771724638,54.34979874118321,66.30832810869407,107.34159656092568,2767.710036094664
Cotton,69.42287902049223,45.351331389891506,72.50207187471551,137.11492054900955,3067.323923586965
Cotton,44.64735616642798,30.12804653479907,56.849762156971934,253.00863799409794,3065.283595991728
Wheat,48.92097698570211,42.211833013127254,31.29199890079174,181.02521466737198,2479.7539745458275
Wheat,81.26895221698625,41.10318489701402,37.11667981645279,274.5041033692364,3638.712913636713
Cotton,61.40741413823772,46.21743913762645,48.5556018418978,204.94150823645316,2804.0296133366483
Rice,106.83841805937556,29.32750217686465,77.26075709739806,104.45007038526619,3853.1185152929816
Maize,41.17547109239631,54.576119487775905,34.84108230906457,243.34272192038534,3088.7129945017837
Cotton,70.32752389375489,32.374742483200514,63.89875423519328,122.04658174424654,3101.83913391846
Rice,66.98764374152742,47.765266159049474,46.36689339757522,257.8759266923849,3854.6156798479797
Wheat,41.54621047340808,20.644985854888596,37.87084090160131,133.62050996103602,1836.079358714773
Wheat,49.94947192004082,34.90628519576589,47.35495622132682,169.0892771611027,2547.3632441717014
Rice,73.09141399349082,34.06839271835233,24.27240305247395,252.25428592507205,2754.7530327576096
Maize,79.42916675579573,41.73937714332058,67.92124225582174,290.8462714952843,4849.147034884369
Wheat,72.34317978038953,22.909450471087858,34.598115678978026,174.28679012934646,2757.1094203072344
Wheat,82.47501427296751,51.60525494904434,63.524727391578224,265.88004403978715,4328.142785395394
Wheat,87.61053399245452,28.711232070702742,24.10090228689168,138.15845309516774,2543.785398973505
Rice,40.79390569022685,47.08151259528041,77.30591336994117,261.43595404049825,3628.604463880104
Cotton,77.12761275628031,52.12848492976373,31.58089912434192,231.4988118512502,3951.539618432297
Wheat,117.07993927100706,42.47507824966053,72.96452457242484,138.54870144247369,4024.458411553675
Cotton,81.5225824103639,49.63532826887942,68.56839257692607,160.50079207028233,3298.497934586375
Maize,94.20338139671625,46.47441248860022,78.07159544488496,126.3541777194072,3631.141557813597
Wheat,64.94910863335065,34.221191886080305,48.673439656744975,176.59340221286266,2392.7492844257317
Wheat,101.91931025222101,52.354341561342615,63.64383763075709,140.72972822465547,3793.415025451477
Maize,101.8337185500892,31.788054795421118,42.24263942226705,228.7995907260947,3986.1297241280513
Wheat,81.70368381233112,42.848516710060686,31.06209428118163,298.9010208441117,3781.0351450816847
Cotton,118.08110586233708,49.815909565661585,46.584555976006925,102.40183261685283,3630.0706544820982
Rice,50.04401718101227,35.1582363925003,29.944940923307293,208.18396265745974,2794.952397516605
Cotton,41.355813191166476,32.110704304697,78.92267736718304,214.73331950980196,3143.632672055589
Rice,101.61265694056767,38.373840406912905,25.774789468442982,282.84175793616237,3546.4942035521194
Rice,104.5724429891906,52.71853977396614,55.35270340715722,201.2010669533875,4096.664560501231
Cotton,49.6165783296461,57.19687052582659,57.587831315243356,208.7402839289835,3808.036870098211
Cotton,61.24662663668849,41.80333651439561,52.28477257244325,194.33056026567772,2764.8257832739555
Cotton,41.404189069330315,46.45864821294607,59.73115314271001,153.78086091229628,2647.6403095836135
Cotton,63.46468886244517,56.13094488955657,26.970846500713456,111.20582664978274,3127.109866967666
Maize,101.85134991349372,23.941874056517698,53.301111452317464,181.73153644196722,3838.339372990029
Wheat,81.43684221700632,29.283143114646602,37.232754267641695,110.5182942481357,2613.830721004953
Rice,67.84764745346305,48.356000250063296,76.41056379806341,210.09849389318356,3667.6616095152976
Cotton,69.73914359250642,52.949778476491986,65.72429920638353,161.45872864845862,3354.710641692942
Cotton,40.108290057237454,54.281161133223115,78.35086892958456,206.72048030508557,3003.4162943698084
Cotton,63.98404220521887,36.6042870741973,22.253364184411375,126.85939287903733,2429.231783950337
Maize,91.71669933103445,23.573596091674673,37.10799051084252,286.52599314787193,3667.502078704869
Cotton,117.93555550530857,37.5112590919848,31.72535519830094,278.904248709987,4312.937138251504
Cotton,107.76486615871195,29.229383608282152,20.66927523870983,137.9993018404569,3000.113660572825
Cotton,41.88759717164233,31.647858199864967,34.539543814779286,168.68885665880197,2003.4362188685789
Wheat,111.88484837398715,50.89070227350023,60.72655901122573,222.69855437039593,4335.053866629915
Maize,102.65587306389008,23.021083441035476,33.86533532807411,119.13724146118125,3487.17783157379
Cotton,102.43008988567843,53.10324869922808,50.540206728957095,170.91356422323017,3861.501222304369
Rice,76.63966072028572,37.10676343296676,73.26908689789991,150.22245736380123,3225.699765225863
Rice,71.84042343636023,43.8425572440238,61.625475220944516,283.10334574333933,4039.531240968536
Rice,64.23325830665542,23.58608924942716,43.67774419436192,270.50212725784104,3188.939895596903
Maize,45.255588716349266,33.494363134291184,42.3481363347265,215.96654825337276,3186.855290359688
Maize,58.258829079495925,23.58803676059383,47.344148840509085,204.06926737431485,2824.5250625109484
Rice,59.72829079824197,58.461748915244385,30.622486463594385,286.14515890907944,3688.72514632217
Cotton,78.72616557681613,52.29046597305002,58.04004604495928,286.48555659576306,3868.7337198893806
Maize,99.79555252773551,38.38531017425841,41.84916914627633,293.86602507033206,4270.537797738929
Rice,77.90478627183573,28.944101932946843,71.14192095572261,125.07577682163753,3155.1868389897577
Rice,44.62755595577285,57.33820420999409,65.39315960346897,132.11156215263404,2791.717333356898
Cotton,116.62318407905632,33.78386382907887,56.630789845529605,235.34733973597733,4122.228836214714
Wheat,115.41794552752899,26.43937726749499,41.85213335897096,208.28689532196898,3695.2438154919223
Maize,102.81516345187268,42.5265755381582,32.59590990040906,103.69318097864719,3276.005018483846
Cotton,119.30623212513764,57.75096481379264,66.56911184633736,112.39500719790388,4225.424687895001
Rice,83.55858662402103,20.153211620012904,49.184545939465195,277.61607645176105,3594.0282412524575
Rice,117.02146802025649,29.52499373015995,33.48500229064145,273.77415910787727,4236.224149852535
Cotton,46.04840324934006,57.5379056164163,31.710476902400373,171.45418439920903,2684.2231473719735
Maize,69.2544598609097,26.84343867428648,29.92405427008154,278.21012338610694,3283.62420744551
Wheat,58.030501440541265,24.529738065592795,66.6296717723357,218.73501487958038,3048.766429168809
Wheat,55.666646730741604,42.80748863199218,33.7392311180187,261.18112940378035,3163.4806077784206
Rice,51.26423591141409,54.47375293179319,51.59853581151185,185.48621423204287,3694.3678250666608
Maize,89.79309132527973,39.08439270775705,47.09278165838339,122.67966546898174,3247.523074978719
Wheat,102.5057484597844,59.78257026738099,54.776653953697036,186.74541252920324,4205.312157275438
Maize,86.26387195362885,47.166867981519715,72.62929402227167,191.4599595993796,3911.850750495194
Maize,51.757016767056776,22.96299628841791,72.06484340490384,210.1888387681206,2913.0706793334134
Rice,104.88990159467767,59.71328526727901,47.06456430949158,121.1165425808856,4004.303311233807
Wheat,90.87637657309827,36.31576947120762,20.9219750440834,298.2803726099223,3699.3946828541207
Cotton,71.05325649015964,31.496101353819302,45.58662834285819,148.82736416138127,3120.6785745398315
Rice,93.93042364288505,42.31516734311542,56.371612245448425,139.71048070741858,3377.246410164281
Wheat,60.792398339426626,32.17230367283457,53.46588554588371,205.3605837711873,2801.7994587124576
Wheat,67.61537667953684,23.458300284806093,59.080166348012334,207.4416358789777,3217.9352785833958
Wheat,113.39886745055922,20.05713372316707,29.244543948385008,187.96414756664885,3237.964307079638
Wheat,63.240360453713635,37.9833341168105,58.79210592684395,254.3784292650509,3587.8497594164173
Wheat,77.59906145263493,53.47453688906369,30.959097124626332,203.33088014572053,3066.1832567682304
Maize,111.21129099168117,42.89260742520306,65.03143884180494,221.9390910289968,4196.772362897517
Rice,96.6177080214022,59.968291957737634,40.345256795760804,244.74927708155712,3728.004777112299
Maize,44.97625809317622,31.473865825887998,62.593726002887216,105.00502031277333,3044.263149531249
Cotton,51.784243542317625,31.218202590402214,22.871935934366427,214.12883650900898,2192.6084668311746
Wheat,40.627327261753344,26.389978409357767,44.4716015354548,276.8388942456738,2879.3355533058716
Rice,90.47374321833307,26.562543530613407,62.302071335799965,103.47774858508679,3373.5134251632935
Wheat,75.81387403283347,31.407463840401913,33.612230979889645,181.03642076019221,3241.9401894224393
Rice,50.74198807218204,51.713601810941086,67.71722268783336,285.245490041166,3850.1542146580177
Maize,116.63472968454164,56.23027162545792,57.84678398629592,170.63088045650755,4126.503538917372
Rice,82.37277791564959,59.00348678830725,55.2537063289879,191.74576484004817,4039.78996801575
Cotton,59.351463529031136,29.291586163858106,41.212931252260226,296.30827860886257,3541.8438557563186
Cotton,80.0482856923766,55.25190182456367,48.94708822286705,139.86477179011476,3345.761609951907
Rice,94.36962661880862,33.13020357109348,55.840958058671184,113.05103782500119,3280.0256811350428
Rice,46.09913743788516,24.513621780675376,48.34772683489343,271.88451817226087,2890.867132556433
Rice,61.97630520383136,54.800997020806626,61.898799436433606,273.6930682424737,3533.2257870370886
Rice,104.55723927071949,45.444225385744744,46.02181598641757,194.41556693600262,4168.944749915756
Cotton,76.7731896322129,26.58923584324247,32.13639090452182,202.84143489545727,3364.6113254216298
Wheat,83.72617136258359,37.193250300520106,32.83602696806284,267.16127392356725,3396.5294421737303
Rice,74.62528017675754,31.490307795082707,20.348226130576464,247.711899623159,3124.73420485764
Rice,43.51199541144041,49.471782748407875,38.05746293352035,153.02980044340214,2486.745137824304
Cotton,53.259982385612474,38.136649224970725,64.93505842871117,103.37867101430369,2574.399437064226
Cotton,75.64333109935127,59.5711978042554,67.64976253025657,195.94003250670914,3748.705840922394
Maize,56.73483723263423,22.189799290383803,32.148052525745,271.7824652191283,3204.6128784366583
Rice,43.9983222927743,34.20061064544987,77.54263981228446,279.16693533803243,3186.833876706657
Maize,107.4919731241459,39.27600668439909,50.14416760880761,291.2452394152308,4152.24872173348
Cotton,118.49540233312926,40.125342189932795,75.01872494111015,275.91264752255626,5053.326770835147
Cotton,103.45142991973916,32.63743289542547,62.405916911697865,216.00871105961966,3842.216472245162
Wheat,108.30279373637336,49.16960996390272,63.34600538134479,188.92111984722018,3801.7924214768354
Rice,59.35817042536363,54.98988293955899,25.102617278364267,254.96996930681982,3132.9191967240276
Maize,116.85015804105598,57.54877207911452,33.19946761381584,247.9643268731193,4283.191236381136
Cotton,55.75405635627427,52.20373507198105,20.528889997668358,207.62868601629089,3262.190847266288
Cotton,116.11438482894658,54.023207892263976,62.96765842860425,117.46547451169383,4186.547931566902
Maize,119.58554351727608,42.02181202479982,40.6662973057106,285.2162693573838,4776.426001610654
Wheat,96.9378244596839,53.03552905707258,67.19915096458081,191.12050750033242,4213.894646693348
Cotton,118.49149854334576,32.14015636591809,40.33617319622158,172.66675638325285,4021.7852819535487
Rice,85.56318236536829,35.939150484368575,69.16002513793165,225.91347903375436,3620.5542032920607
Cotton,60.763342654087225,32.67652055274177,27.84189522489878,234.7675922333954,2888.464788984065
Rice,74.95967085324966,38.69549341791702,30.402389405450492,142.1375834060603,2580.8529792024174
Maize,87.48487483030289,31.423184649545455,40.45259237503619,267.38776896199124,3640.6487236660573
Rice,45.8465249621612,58.46445769017787,44.5092433329364,157.98741873247556,2932.866716326463
Maize,89.7874611693797,32.51378512022673,40.922168650578705,137.33678518286334,3135.8911561147206
Rice,118.49422694098357,23.92178152443759,65.81882195139319,181.27997057089948,4312.415740339458
Maize,55.20861198269821,41.072686642016535,25.81708355760288,246.11201617949305,2690.004223809455
Rice,103.40760930307067,22.283963137807056,41.07302117830928,293.09163568796066,4129.992503006412
Wheat,112.63190350236955,24.42172665234322,70.23439997092757,261.8562528742866,4019.98454648415
Rice,115.49612742561766,28.775575567849852,24.00782463573032,288.0696755340383,4128.207941796221
Rice,116.81084835243578,38.574009995285664,76.54061046028144,128.12116081530536,4156.578654605733
Wheat,81.71677109771775,37.33003729236111,79.17901053632077,114.23535977273536,3228.2035897880824
Cotton,118.1846326393203,51.98767448011165,25.314090429504805,211.54095238133425,4199.802798492563
Cotton,100.58481657075511,49.57898615536453,37.47635133534422,158.05949660880685,3330.6024448272096
Rice,52.93371489895695,37.05273175962805,42.34403996212137,265.61099459385457,2733.0125273381527
Wheat,78.1520085174376,33.3481683030252,66.58348211916356,234.39757428046522,3783.9942711660915
Rice,97.46649402976033,32.658751362459945,55.75560872700403,294.1456327971589,4610.588718659973
Maize,59.787225265526665,50.95980349176036,58.66194202955404,150.95847114626085,2780.088237664976
Maize,91.24921468391099,22.08289624885079,65.45058936911036,197.15682287104647,3853.319172369642
Rice,93.32803832372954,20.512865980424234,27.078739966221544,200.24809548507065,3208.942810883894
Cotton,53.01597950468527,51.82177567706592,69.99256741461573,147.83535897147524,2681.3285277893906
Cotton,85.2068249962205,39.08585503956197,62.337188250808644,218.01867989760154,3433.342067064766
Rice,101.7301528782886,25.23524554214304,54.640503511782214,188.6571972158479,3627.602912852136
Rice,79.91165316287535,29.42263738378005,73.3841200869834,189.34431119797472,3370.928590415799
Maize,40.9682493420886,57.3001581238953,62.01838123302843,172.54732959449672,2579.7226017575467
Cotton,40.723077526343374,54.38011902499592,32.101997757861525,103.385870485107,1800.016333471931
Rice,68.56234751760098,48.391402008958906,45.78472286454,204.41904738295779,3083.0817130028868
Maize,114.09552547454255,39.28900921349306,49.642572016144,167.04956714006624,3905.3133770482336
Cotton,58.2941423682887,40.81294504765543,23.31305760502434,100.26397379686594,2271.9001600848505
Wheat,90.74909510973498,59.00978141135835,77.27825080160335,161.5887415323864,3797.017815214476
Maize,57.76606965546564,58.63081775537148,27.71463564781271,155.7256666179514,2849.605555003594
Cotton,65.73359917276389,28.610761831433372,61.84767603360361,178.68963064472717,3298.4655206122943
Cotton,107.84336716811872,52.444182652212724,50.373862165452806,126.37039792867938,3804.6330397591514
Maize,98.30891538159575,27.889706646680672,21.537934993065356,201.5367649270169,3296.9729633472343
Wheat,47.63194218505685,28.541499115358057,75.4848485518617,238.488070503626,3379.1797884172393
Maize,74.29616167891469,47.04372136658307,71.11020852913599,226.0371138109145,3503.1806454113193
Cotton,42.333581091621156,36.20004394350194,51.45547567423013,260.75098951383814,2958.484806393858
Rice,78.47121172824072,57.261776284260804,33.736540168366716,190.40165759741623,3338.724832290119
Rice,92.99472093608544,23.560389395840353,27.297373440805654,203.81834606794564,2939.4567997366958
Maize,49.480209887852126,40.46102563237972,41.803548765927594,262.0803881717967,2999.644973517065
Cotton,63.11079511273326,56.74086121772485,35.325696862765426,185.54023416384769,2579.102865864964
Rice,71.82693004017256,56.164546419180205,50.40147206037793,240.3198699799194,4150.517880172383
Cotton,113.56248197248398,26.261168536629647,77.98455776740573,186.92047374359836,3839.3531972272385
Maize,119.46040123383712,34.66550800385826,54.497209593778486,183.54723890231253,4425.510141560043
Rice,43.59290391964927,44.76485600186785,73.39586335340587,252.04112490583205,3325.5359270691933
Cotton,100.88063387963136,26.375795390856087,59.05273024974663,134.96738309324223,3538.9412055263047
Rice,69.73792531218746,58.72088688182955,48.514791595232026,167.7171943883147,3161.4672365074894
Maize,71.3966548983584,56.58997314910641,71.27645376400227,144.83445534938036,3453.138703337071
Cotton,100.34119786776182,26.678007161378765,48.28208661037985,171.82198859351942,3630.8308666247626
Rice,113.4741145716327,24.846218450439416,72.11769023062166,146.0749644732048,3958.3785119654476
Maize,116.07428756020387,23.416339312330614,37.49460617454592,215.88112621733092,4018.37828818234
Rice,86.16980688306566,56.377746561465244,27.72878442577929,259.63416052356905,3710.964951998609
Rice,68.56969274404022,27.74495239181843,71.3188678617763,257.32261224358035,3446.905719807371
Wheat,103.00392686870234,36.65139714177419,55.24490982756001,172.9001929097585,3312.2934308454246
Wheat,60.08011066098402,37.95405462608012,73.3455438949376,297.75208117885234,3889.9112450485454
Maize,85.12592230668142,43.9604417685427,76.269632419543,218.77087294116015,4186.937269474869
Wheat,68.68627692198984,22.869413749897,23.217703422286952,179.88006035565894,3046.3587055752278
Maize,92.5304858966301,29.070344696020637,50.0581581115321,267.1078558482851,3926.8069014934626
Wheat,59.23191303148055,57.25961547675704,42.49787294447175,245.97480252852816,3216.5226191479505
Rice,55.32743565878606,56.33640429074278,57.55150382420703,249.85506736482088,3072.4470325908733
Maize,113.45912693403497,51.25162589622769,67.6154718321394,139.22786994677432,4289.994546893465
Maize,48.14429463596295,20.776049824728616,36.835412958462136,193.66486147371103,2003.5191966028694
Rice,80.47663261879453,33.08027073984408,53.4079030623903,272.3656261649205,3656.298778028994
Maize,57.668222637040714,45.11834941371632,62.52371479429397,200.80760152575147,3152.646649017114
Maize,43.1143970660534,31.007608470939026,28.06586497014404,236.69054868421006,2594.898057499966
Wheat,42.88150546331411,56.383467802151095,68.84401435707602,217.5867466068529,3233.7932385794525
Maize,54.01774176846619,45.355578473297676,56.36657599117839,268.4713575436764,3457.145730234023
Cotton,109.34162836048002,22.876268692657824,76.97224622681911,156.91216795232052,3193.107021310695
Rice,62.598299518162136,56.36022355342812,40.3717351478416,215.09505557727297,3285.9486808003685
Wheat,116.03673364602366,58.3106663270489,26.48875654023192,124.6469336019608,3119.1175414371664
Wheat,86.52978343913549,23.10849673566902,50.39007206221552,238.04215533989355,3712.0040783268387
Cotton,74.9291351815013,41.2944093944526,25.14864630256633,246.3935676705424,3188.930358427927
Rice,86.40710677355636,32.13457128856682,78.17159139944042,108.56746423779968,2726.2368312643816
Rice,81.33587081810143,35.713563059256096,22.32109749543149,235.15819272559702,3088.0592006728543
Wheat,100.70210030058601,27.186048718213677,65.21023406643849,182.93803083315726,3563.14405006312
Maize,62.59968527782818,43.122884080496505,51.50614388853464,124.81937522193647,3081.1021633506452
Wheat,68.24403132802419,58.31917412995563,42.11723914989732,183.98150953969352,3318.462028098905
Rice,111.52754420266005,40.12290401086436,23.95052987051928,138.84658593911632,3508.820108266673
Cotton,115.71652105203243,23.316583255779246,57.33001545041647,183.1119064246633,4146.8614731885655
Wheat,111.40465819891796,44.80005333909634,55.113219763457316,176.86780559170555,3954.319641261658
Rice,73.55583951658508,33.60891977805028,36.852996384055984,247.67832738721148,3522.7807396698527
Wheat,102.42924024055054,54.237007583651916,74.61330208461872,254.84311163327175,4685.884272829277
Maize,78.1068586640879,37.387125932658805,38.24660044057021,221.40573087690933,3022.446252543383
Wheat,79.80318817168818,27.713584357689825,46.983524635526365,104.53736843648952,3129.7883823278335
Wheat,56.374408724582715,27.6442249076458,52.625747355119344,286.2044558141988,2948.6743635387525
Rice,87.29042426068132,50.750567228846414,26.013912690577165,237.24665601928953,3855.9485128101023
Rice,54.89087182026783,30.623503932294398,75.92970315281795,106.83908998423777,2269.741962175314
Rice,66.52517592537549,50.68933576636892,42.472169147062466,263.7665798428236,3699.588983575847
Wheat,108.40241612959481,28.235492430663975,24.846752832460616,140.05323094359923,3704.281802080819
Maize,56.56606473686842,32.867454748052374,43.2374704205198,215.84423791422137,2870.9498518790124
Cotton,45.69266281387463,38.619478897587975,56.01215282555484,193.32687399003743,2748.568664913248
Cotton,45.5206074090253,57.72783398773803,50.81916030927977,183.96775647101532,3092.7453264923984
Rice,115.26276164024863,57.26925699015298,61.67251844223644,277.9427440248795,4686.0505839624375
Rice,80.55363503694677,28.274875016891514,23.32903652407464,187.47225831252294,3414.4852636068063
Wheat,72.75296574536146,34.328761649722914,37.07243661632337,115.06882351463014,2715.6150693142395
Cotton,104.87028648063347,25.97597553815089,69.15383461040614,289.3277454429905,4257.511559373045
Rice,106.86607423284129,40.399403172539884,24.79362126748165,284.1070462479255,3941.782236202145
Maize,66.57528264924836,38.42330202778666,71.32915728175746,236.88653791631975,3323.921856875829
Maize,95.48944459790363,56.03040649802929,25.513765524626375,193.578505626405,3457.2663174275335
Rice,101.68982526815093,57.200215111642905,70.06725289350177,118.57189458870425,3722.683089630321
Rice,92.37205494927636,35.34269564029168,41.6473040647236,258.14962371549524,3672.1207276205414
Cotton,52.12760598400795,39.66951772075958,56.732543795432946,115.0955828848058,2392.5906542053403
Cotton,110.07064668136456,55.849449965845324,29.173226938879893,113.72019697902913,4036.508601726761
Wheat,83.12756421888069,52.26831230980246,23.97012330351085,207.4767684878736,3143.077210009586
Cotton,62.597794109600294,20.14625245378597,32.956292241208104,132.02564803692803,2394.8646329265016
Maize,74.01825483501551,32.8023825673433,27.671229074521733,101.5460534680698,2658.5299883641833
Maize,43.00568723191259,36.87096967744503,38.744353860777906,184.62268619915724,2684.637974803265
Rice,50.2293440977934,29.18865134732927,50.86299479066121,127.44344632201319,2385.5874204992924
Cotton,101.24374004126886,27.98286463583755,55.32556781390057,132.10308305613825,3311.77714683076
Wheat,40.00093078042929,21.511380263827185,67.39208644278457,115.38212774706693,2341.8716931867107
Maize,73.32526627858337,45.73478900279042,59.37439359490152,141.01875074472198,3234.140363215161
Maize,81.80081448684707,30.500411619326627,56.525499507773176,243.0968359548779,3554.41906635541
Wheat,44.370753600077784,22.093887137252523,44.70692164914648,261.7854614435583,2429.3270912265793
Wheat,117.84625303778662,29.239172421122547,48.42850609760832,190.50672880586012,3791.940398155702
Maize,58.09002649997375,52.07655811344506,44.871249763410866,201.31076317628353,2839.16794694953
Maize,64.33589757090246,54.059567265861865,70.529961803683,106.53100691884052,2877.9257285810377
Wheat,64.31540098040219,39.322649807732105,33.80002715290399,113.86325227426337,2545.1713578696213
Maize,58.43333296938799,36.64282681634745,20.343255892517877,151.51354512990338,2542.1982358190025
Rice,40.11790576690491,59.11414774007127,59.07919383357436,208.7796841426295,3511.2956235571364
Rice,98.34758352703972,28.022586383522796,32.147731018329885,247.9102297469986,3533.2044042813263
Wheat,117.34763998394283,28.61437131418434,73.40690817858857,221.0006122676066,4488.358527423889
Cotton,57.94347866280361,31.67468708145599,71.54277978239936,178.42557099735765,3107.124519828178
Wheat,93.0437753442738,26.910292731243494,24.603642315692355,123.66481460062764,3186.07138279186
Wheat,99.3517061566972,35.17462392816746,26.38330432484464,256.1546469774379,3899.089655993102
Cotton,107.87403032724198,56.43336907959015,49.71029553479998,172.7572103198114,3727.701624970915
Cotton,73.81033576108874,44.61391362514297,56.55335976616128,247.21080289655794,3234.7791120229076
Cotton,64.23447245123434,36.47786194449054,36.49450024893444,202.59576838286836,3049.6941167766668
Rice,66.02361072184249,57.37643178284859,63.007863001962235,247.73241071236504,3613.5701084936977
Maize,97.00970664788102,21.938569299032892,55.69496125513229,281.4579122905144,3728.598288766498
Rice,105.34235732045089,28.411047116074457,39.48944658491328,284.2059032107604,3736.124552930675
Maize,54.52911742052821,42.63554420407036,21.522289282538935,207.02135600012068,2783.7241912411337
Rice,69.67528065262121,44.622104927727165,65.00901687791105,202.30167295312776,3828.1457692529984
Maize,112.155215739932,21.582300262504525,32.885219949504965,153.13569310056744,3270.144065040207
Rice,104.53548157557914,36.12155031628529,70.0684246077577,287.15996630585823,4599.148927531547
Cotton,118.78867222099807,45.96615859323491,45.21741560325531,191.58383343992418,4074.31673877456
Wheat,100.33986077456646,47.92282185613607,54.624646557905926,125.51824785747543,3232.6835388064164
Rice,71.45561608223377,45.52559610065077,72.37692382454011,186.54098292531,3672.6852314375724
Maize,87.25102671957103,32.82252897443698,71.8173800551972,125.4106500476008,3035.942868428655
Cotton,92.88114033978562,23.74080494391638,42.2911745146144,200.50633685141503,3387.6002724947475
Rice,46.27646530536992,37.08449785677337,32.53333356289059,212.25510297124242,2579.2190965117306
Rice,83.55975672830921,25.150177494722218,66.50876466371568,167.55115229871706,3531.9905178183976
Cotton,96.74566627780877,57.90494634082668,45.98481221612787,114.33012284629693,3203.24233736557
Rice,53.38570432008483,39.006834640905126,31.522519613540247,288.7007071266478,3285.47090217152
Wheat,102.45053739404457,32.6903669742747,74.26552053902901,254.6706226966859,4042.4530438206434
Rice,86.70182244112894,50.652162844756006,31.88625165446524,267.7762161010242,3698.4260520449707
Wheat,116.17774285580757,39.917943703290554,21.548430091473865,173.37367885724586,2743.767334159965
Wheat,43.39378385655134,32.401360960498,21.216798426045198,252.1662060038901,3165.92809812828
Cotton,61.22609100443736,52.47870969563207,57.33892138725586,197.07457903383886,3428.215496675768
Rice,88.12431034398593,54.68608604004488,59.70050364305182,140.21669768120918,3348.722272024308
Cotton,63.724792976474454,46.92032665154708,38.66250230341903,124.88467538144266,2439.9746712532606
Rice,97.15393312569938,21.87857689630669,39.2006593548238,169.01017386441137,3124.458993668729
Rice,100.72042260175448,42.652915206661284,40.36963490359656,127.51042229502794,3545.2709335274844
Maize,48.20127712531796,50.53179647989126,60.80951280553272,299.65379524081374,3107.3474188775826
Rice,81.10835713654141,25.46012048334329,23.488027461609715,109.83779804640442,2514.1450342823996
Cotton,80.71124444728447,29.146830055384136,75.74698116147954,188.2287198738153,3943.8382398152703
Wheat,69.54246161724328,55.299804202725454,33.35126265064679,190.41870447807685,2917.4815244479855
Rice,114.63398900557377,20.80486887412296,79.98039231452553,160.1263857163351,3933.6023400076483
Maize,106.2005055898577,50.10908551303904,30.29136162723122,214.27031314138907,4438.010762567604
Cotton,95.77675055277095,38.950931700576916,66.29278743874265,129.99540483030893,3662.335496318464
Rice,97.14613085879981,37.870886353584275,33.4047526957775,256.7824761174467,3852.52185436778
Cotton,76.93729150504953,20.283861299795486,24.850808098595238,166.48954364952766,2835.8924956492788
Maize,113.67956168772606,52.775929238659714,72.49599946103893,218.26851795972834,4395.629511899591
Maize,95.56763418026283,34.39299602546266,71.52507555145351,243.12784721339187,4388.7311804576375
Cotton,98.31848493246531,41.630625252021716,44.214223546976086,277.80842353803223,4000.652079243505
Rice,108.93527230298761,47.092027453426375,62.14376855242561,267.15748729044003,3993.368950687356
Wheat,61.925727147375284,48.10518305751663,53.42395596103503,221.6618056207119,3236.6480970717494
Maize,104.56567230933624,58.23920235304289,71.17736682042494,177.67863607677737,3939.5357459235274
Rice,55.61924823651936,41.253598129464365,38.903358159119264,200.6409340149928,2818.1293944277204
Rice,67.62735617959103,35.98878203897711,51.42034399993911,253.7469586757605,3367.3250143084
Wheat,66.84883634158741,58.148145059668316,49.12234227227303,275.5091085118946,4069.181560098024
Maize,118.28203747113125,45.684409401020844,41.23434957541153,120.75638563533437,3867.238192889496
Maize,108.52297789983415,31.926014251062224,73.48730387338233,176.97125249861068,4022.071446330487
Rice,96.09358892722078,25.058569816142846,29.95267547975213,255.22331968270012,3605.2944388615615
Rice,98.16454092923121,53.702180058607254,28.97051837124177,186.3303525187922,3368.0303415213284
Wheat,84.96582355220568,34.487264111766066,54.61457211936508,166.44555281325677,2776.31166912441
Wheat,115.76725336868152,46.418788854577244,59.449653799096524,182.26453936465393,4174.945264553624
Maize,79.70070023058892,38.83265677463592,31.67715525947391,220.56894935727016,3518.8810857207363
Cotton,70.44141678959156,27.957191191801535,43.443046535277446,299.9610288267603,3510.5839351896952
Maize,53.04282695452728,44.0674643448186,76.79383057872462,198.59848582090638,3110.7976115144174
Rice,102.89645218088464,22.427322758027294,34.79704536144044,141.69889499085212,3293.8544822244694
Maize,98.75551456604731,36.53369839484769,60.10164212704365,132.56931505581895,3459.0335893204688
Cotton,70.74840308193079,41.86459758654684,64.40896362185545,108.46994949528286,3383.7218582017754
Wheat,42.01547311673835,37.44187896474316,46.88772196790957,211.7634469836643,3041.457603792697
Cotton,107.11978621744086,49.94688701003963,76.25155920557498,208.91441829776684,4574.483493834828
Cotton,40.91343867632589,53.1169981818125,64.19940411312743,141.04678535606183,2910.507370819675
Cotton,96.29598237032408,50.84972296132712,47.475474791653866,239.0658812905134,3691.0666589580005
Wheat,117.62056877808456,21.552517912472084,54.16011210656564,248.22140832593615,4324.257041163674
Cotton,75.01290625185628,27.765150817838887,61.55680660550604,151.81964107642224,3152.161883196295
Cotton,58.79787239967622,41.46430037055097,55.53141082575309,168.8199528059473,3106.9533620258417
Cotton,96.38968080347054,57.39288161775205,72.72185502956455,298.0943344694513,4764.5714282216595
Rice,105.37025136124682,53.39827100208468,41.41331973682407,174.85289357014682,3939.03208870845
Cotton,83.7144252862278,53.70138033407207,37.993144403348296,252.16033435122037,4467.225952337948
Wheat,117.36282202049169,32.128327750386994,32.83033336971586,190.545085325988,3760.053072212613
Cotton,44.13349773263689,37.1779158831481,22.266978083875706,258.6689655721952,2990.6369036923074
Cotton,80.38364786436225,38.828237892637496,22.58083786280332,253.8046477565296,3289.9286811148504
Wheat,97.476315785804,26.294863333996418,72.20331158655696,233.55120503970713,4157.561581188453
Cotton,109.01123769193431,21.242725209778254,60.70358878435444,270.95566925911584,4413.759187669394
Wheat,54.340448952623206,57.87611597842067,59.63194492618916,287.843698975537,3799.285936311679
Cotton,104.00027854109452,29.62850342654027,56.87856913609316,215.99666409041677,4293.627802265325
Wheat,84.21656605748362,29.59795614894525,70.9531486816463,147.49378144454914,3097.0050477711525
Cotton,71.72429455919706,23.33516215075038,48.81601553993765,179.725792328815,2836.0431295009475
Cotton,50.537202286327485,57.14031007775114,72.22464971349802,251.66114270265865,3629.000594241054
Rice,109.223660712713,43.18948459759088,41.56670157093435,230.17669702477392,4271.051922204193
Rice,52.581856654377226,46.681474285014154,75.60245026034544,135.55966771304975,2985.3313326913963
Cotton,64.78302873672794,56.4630754905221,61.919418804874404,110.24790822928495,3335.5249114701787
Cotton,63.20364255699495,33.82480675603158,35.430628161465634,236.59231870841296,2915.408654513429
Maize,109.71312273526834,44.86029244552336,53.84509530131751,150.21580480586908,3517.5450732514923
Wheat,93.81623953671183,21.5519781891555,51.981833689295335,199.93404874581068,3543.8367146868122
Maize,103.73451177530978,27.470901129245174,28.27392930382004,249.34935450251885,3707.0630220288886
Rice,60.03743190339992,53.2498322035977,55.47457434503685,212.53335613126663,3472.800214900628
Rice,89.98992796855991,50.670734253533425,38.88713742301748,116.66051662235928,3193.190899101824
Rice,85.7396786514999,34.025707658285874,23.140926008576145,137.11604735671108,2783.6072568398813
Rice,106.62643014306168,35.072425110968496,76.91936946239389,143.86563680618383,3809.9323296306593
Cotton,112.48696483850084,41.342177342143174,58.48942214385727,151.57285072896897,3870.842193980447
Rice,40.972541718190946,20.00964018740538,72.61513591225082,213.08067839010084,2692.930859287231
Cotton,93.92159352470341,29.649773441521113,60.56336030079519,200.7931559650787,3605.2023359954032
Cotton,44.14686392957832,28.32927234432858,41.41902152840677,140.63200767284178,2151.046738265902
Rice,83.90869320618847,30.019317869990537,50.76128433972869,113.5109686911374,3159.922258971604
Rice,63.010618323494256,52.23623370133765,60.54480562083062,134.2864408949436,3086.411446048422
Wheat,64.5421279617713,31.18695426185773,77.61513951208624,296.8762625237207,4360.722580235833
Maize,68.23668027618852,27.660852882005926,35.220167547301784,193.70938995829445,2921.11524263957
Rice,89.70339592396881,40.17053843172126,72.49862351744706,273.4691009404225,4051.3249601065118
Wheat,66.72399725350154,54.62580145490928,75.44466831765617,269.75049333376865,4627.40956158311
Wheat,98.61592404722244,29.653988153499995,60.224930879537396,202.30391149257474,3848.1099513788354
Maize,72.36219084590957,23.14144971171195,75.87599764408027,241.33754169210872,3793.195713391466
Cotton,45.46825602479669,34.25618943398659,43.87271524864211,138.55040208254246,2509.007790353936
Rice,102.70078739872858,49.90607298259911,77.18097056242657,237.67934098538166,4563.446216843915
Maize,62.86066596741648,42.02762178779179,62.166972629958494,154.4769158526579,3163.7912672679913
Rice,74.621350367941,52.6717347829739,22.520346045128715,266.4124193508302,3256.9895400300466
Wheat,94.83551065775212,58.38368590436936,74.41236990914317,116.74482662178198,3827.3735167826653
Wheat,66.59649257189696,51.70649907006468,49.06836854199155,254.6277345770555,3251.8218874775544
Cotton,44.52685249173725,44.15212315375014,47.61961908666997,119.98738131372392,2363.851211028458
Wheat,69.91368376102508,39.73366352209522,53.987996358778055,276.23784737886183,3474.915106304862
Wheat,115.55588661554427,21.602763453930667,28.963072806273676,160.84090362700073,3522.4419131868863
Maize,91.33875178388465,59.37287915256165,48.14996291404392,230.87867296611495,4075.9966377462356
Rice,93.71833189337656,35.3392449030017,69.86763300306474,197.50045572405597,3917.4659942590224
Rice,90.58257229101119,26.089128556674673,20.92894754825092,173.26062905246778,3090.972607850417
Maize,55.919371116754945,46.66835421585827,36.37502961946228,229.0883666366993,2924.0547246234087
Cotton,73.4667091281824,31.371531563818372,20.147275186630655,289.5045961102476,3282.6040031527277
Rice,100.07518386906546,43.43113083724191,44.9426785489909,108.25394947492437,3543.322452868233
Wheat,48.109831804252735,43.47071631378365,63.69893062962408,283.7705711766208,3710.4318997448977
Rice,62.22822208717698,37.82919283611477,67.9263097468777,221.8163310042027,3075.7072894357166
Wheat,62.10552867726829,53.4447446218017,76.71138566762039,261.4628601538104,3450.932700969544
Cotton,74.56151420756048,30.59868246221772,56.51027677824719,176.77499068685552,2976.5468206982728
Maize,118.42949927537481,37.94530366470937,35.27761199917373,194.36859496752274,4172.995621270673
Rice,45.400203734705755,41.50768514363886,75.44887694820193,273.77015036023283,3742.356417777312
Maize,81.4960795504476,46.544988830691985,66.51894523282257,182.96959396196462,3374.3287499141165
Rice,54.349174560976834,51.35887402022358,54.46570898018867,206.931913349817,3250.735625325322
Wheat,117.65412363277953,35.79229131513024,61.73841294313616,104.03898461686659,4143.46860697231
Maize,49.06428037819714,45.84187776386384,75.45898130044574,131.71960116760846,2950.275268126498
Rice,72.2880801889273,26.024438122740765,62.7436417083753,228.33730159495994,3737.9774472404065
Wheat,99.03079878676849,57.30592402169914,42.10247045508404,243.39538021277542,4357.908714557714
Maize,96.36435424219562,35.32235225684014,62.7816921373458,216.5201873568999,3641.294785042582
Maize,73.81829095151458,49.180856879057536,22.416689764123273,128.66200725512215,2738.881097718527
Rice,67.72193343621745,20.813643275287106,43.18493370983487,189.08108571556699,2854.7019064045053
Rice,71.80899028422965,28.20748571619228,44.37938191073476,171.01895327263796,2955.9735861863132
Rice,61.142101052691146,39.48330177294312,30.01029406525008,199.13226880701768,3099.2039632709902
Wheat,56.42663509654398,55.13009870929386,21.38512883310621,274.0658069108189,3363.592129703327
Rice,78.6431758047112,41.09020599802709,28.00287419826457,255.17228773173036,2730.4995811578956
Maize,61.482700485408586,57.19481929175516,59.2772897478233,116.79790027783179,2641.578770832627
Maize,62.99693319178001,39.351875863311854,68.13732898182126,278.06183955491286,3131.0045666605483
Rice,92.54048507796456,39.617963869438,79.29220956361846,194.35343022996472,3949.67485478646
Rice,117.48298653599137,24.789871540021274,40.78181018650966,248.7724289771997,4123.974375246136
Cotton,88.29097604475001,52.106249766088794,55.96275333566611,128.00784625287042,3484.9855702722584
Maize,46.158357365197304,29.8786164986825,76.22869800890732,234.14390514140962,2882.6682694252086
Wheat,46.04668910832536,55.9844995748926,30.022506880289157,147.26520352189158,2705.7414865409146
Cotton,116.11385766764528,56.432968813215844,63.05873518056456,187.6761794281863,4515.278936839914
Rice,63.78326322458669,57.73240447496599,65.29872398894979,103.37257401642088,2696.9504349124654
Rice,47.36535888659803,40.8092195641236,25.338532152160305,130.3221275860952,1880.7735038181088
Maize,87.92356697203053,47.08375139134577,71.6749631109839,118.41609862472396,3456.426424869423
Rice,89.89190226322128,51.14063520246654,68.78630282665063,147.94883458765167,4107.294632775686
Wheat,91.88038560949505,25.240584746018623,22.004180394646067,120.00361800486445,3201.729537443578
Maize,61.392162228603304,44.03828779989989,25.46506489280309,238.38200532391238,3220.9301393732644
Rice,41.208854737158006,21.371916052132466,22.94761363351114,105.80798044184388,1574.2392485437456
Maize,117.20122955635775,39.90264333554904,40.08461190796173,223.5481001249996,4328.75113661779
Rice,60.0714436552882,26.193707264809095,50.55733944079557,128.14156616511485,2428.785632004166
Rice,94.08210304420379,27.31691703848339,51.94086367727773,289.0322914355794,3793.9741940396902
Rice,96.53038959029676,34.60190266770406,36.06000558616656,286.61881462197084,3410.472265703812
Wheat,88.80059336635885,37.29748666866012,74.69581319361646,145.10062050419253,3544.0373046624213
Wheat,65.03259153709186,44.92689698128749,42.09576739231479,222.8842596446059,3087.621546304937
Maize,61.68770030112526,22.977136737540626,22.73300935792115,105.60106389449169,2165.547254204538
Rice,87.81346261621624,40.14767044949778,38.013626692483186,286.3577086102348,3299.499758402607
Rice,109.28765068893532,27.305005210124044,51.86656535264933,204.59746163834194,3878.9474047864487
Wheat,115.73869831387165,42.959007001269676,44.49330935529392,108.6446302835558,2979.1806076427374
Rice,48.47246435230061,45.49618449044734,36.43055114595555,168.49999860162748,2897.24914001161
Wheat,52.38628900781759,42.26837026211415,27.879394985859044,115.36989237224684,2436.289865539682
Rice,115.57890070264637,49.5318204191323,69.14987000577378,178.58888787467197,4189.579004252173
Maize,98.92281826678341,33.42436976963605,79.76871452745152,233.9852684322646,4289.996618494092
Rice,110.63950598638185,50.604263665325234,39.772528011432925,193.9779816082879,3721.8588942286565
Rice,56.210610730827455,37.31068326832775,42.89726265059623,176.7444349438909,2790.3078725039672
Cotton,87.00686968875215,39.36737993290387,57.08225148061742,123.83140910809296,3427.205283554108
Wheat,96.0911675533979,45.92408509044286,63.10648848413248,148.98780913873128,2883.16165530861
Rice,94.40895083575782,20.73433535996896,43.52177208821547,120.02865754767022,2871.7280580643933
Rice,72.65213526933584,46.15976885680993,74.29577101890891,261.4997463313322,3906.451070441421
Cotton,41.23159133530468,44.743405962884616,53.600239353735105,127.04796559694451,2401.2583326757313
Cotton,86.63408454434105,32.3938846701312,47.02340458435586,219.0746733097787,3878.0230067890166
Wheat,60.2481231343687,23.43177139597958,58.80036518959431,168.54808271776918,2515.4162574244597
Cotton,76.02033969143122,23.637417996521645,77.1682308949504,145.1956769310367,2994.386013147402
Maize,116.60648120670538,56.928949879409146,67.67313766530233,227.89368789842075,4119.296619841622
Cotton,71.92282541139477,47.57117284903349,22.40078783210746,191.40046187538815,3424.046782109809
Maize,107.18412853315414,25.084104550829615,39.93859464439758,180.02909345691182,3468.282446283065
Wheat,55.083248459940094,34.26892677235625,48.23268109707336,218.5704009784443,2868.302187400975
Wheat,93.7968398420023,43.69931975606386,38.871054332546315,198.25352569800015,3579.592455466593
Wheat,118.16055635511547,53.422868203625946,62.01125364982739,160.69684171031216,4350.620134993005
Wheat,48.15144806983494,21.746437148520343,69.57614899175486,211.81225755305033,2969.3469396011046
Wheat,40.66559537817536,29.465325258800355,63.88070571111629,233.8997153101389,3555.84130696389
Maize,74.68662341060914,55.5899596118152,79.35999720969652,105.33863171737086,3445.21583951751
Maize,47.41003864410938,20.36662200735266,36.352858873581745,193.17434578153507,2310.8691200334233
Wheat,99.8707479740985,28.055964111755497,72.4993697014653,111.53665691670875,3276.6828300920492
Cotton,113.16389310788472,58.36096703891864,65.99735991046917,137.28108281362222,3985.4709554775495
Rice,74.7216778167007,44.536073860886844,41.730725453488766,212.10174681559462,2981.7798444866557
Wheat,60.69693137243527,30.466854665500257,64.04747261941813,273.2377830531161,3474.7767140224964
Cotton,74.75226552052878,22.679643775833902,26.24455738509482,276.56113583769695,3458.814784271187
Rice,97.87582542800008,21.127653617888885,67.36000894043315,113.98880202772625,3105.499900505822
Wheat,40.72433292642968,29.78980318547709,51.93983615522616,183.82101725734134,2327.1740646693993
Wheat,87.15631915877577,55.25943278355642,37.53741036255519,216.60129660091025,4069.2938114643025
Maize,89.06333479099033,36.63654617190038,59.34663810705081,129.4139809100687,2926.694076766191
Rice,91.01505975167484,48.81333476663972,58.49719992286454,253.08644334895433,3557.480714583916
Rice,59.36176639847018,56.73140141519831,32.569173363175985,248.84705168744776,3030.990118311996
Cotton,97.12421787025013,36.32161846411266,21.823844888691568,280.6682027413589,3420.56662654649
Maize,47.31131890654211,27.651094841495883,46.017355214100434,101.6972024166886,2248.6329586663014
Maize,55.94162691734407,40.684717234276775,54.170712160665275,143.33684879780054,2663.3811318067765
Maize,110.19760373235856,56.323347482394176,72.5963167022359,265.43734284906435,4657.6651569829055
Maize,99.09785205812531,52.174976565508025,75.69300773885567,234.11601016538708,4625.604728291538
Rice,41.09964432090762,22.633193734526152,51.72831308940599,278.8779707396982,2750.231191892508
Rice,59.87010082958402,47.70291200310327,65.2282090261127,111.4359309060533,3053.330856697555
Wheat,57.15251863945316,42.875900898358154,46.358196339679814,219.39279314328857,3481.6327752044963
Wheat,61.664506242957806,56.29852705385702,64.76492939437358,213.80931497873485,3388.32368135352
Maize,59.80478162239091,24.899256674011887,32.28809149635001,107.13488327210648,2418.0881945042897
Maize,45.00210365942766,41.36144452818627,42.26388408821188,202.7044153824967,2682.0816398702905
Maize,76.71524132774563,55.178507740475695,58.05367992881689,221.90406226198485,3964.09807959342
Wheat,98.61867798289322,36.40095146966972,21.08947793642473,138.25863484042145,2721.263278000401
Cotton,88.53853797739491,39.27979670931468,63.34767862033724,154.66591662493258,3060.479552151583
Cotton,93.82973348784638,22.81842710667833,70.13213007609001,228.06946925954742,3706.608046393127
Wheat,46.49193428289913,31.125745617956433,43.94849966563709,193.66018951999166,2395.9185064990484
Wheat,116.11925681414297,32.9802659667579,46.876545030629856,271.6027315136654,4183.511644772822
Wheat,107.07934670744199,57.804897949795475,71.07693273299185,168.47635320183767,4119.356463858823
Wheat,104.40722547965302,31.306694421646363,66.539278119562,153.33193167764023,3867.0662142363944
Wheat,105.8387044033414,38.43474941078608,37.2889693420025,296.9731880689685,4122.154161312962
Wheat,114.6168406506209,46.85217694257119,39.43856639369234,282.2271540260167,4224.885361433265
Maize,83.54031728909581,26.487334896315097,60.7326939434358,105.79854899979597,2870.0150702031187
Maize,56.022561429410075,39.457695485674975,53.791885546889674,254.1457230613132,3098.259602381289
Maize,89.34268862820329,49.541561579036305,29.733774265789815,122.06695476504059,2876.8382752235175
Maize,99.43051949343513,54.67420852108264,38.59579455374998,105.4970389658742,2956.028790107452
Wheat,99.03339146832204,45.05037098649707,73.99899661271925,154.73910319326978,3854.260509416573
Cotton,81.71592193335042,46.76214061267792,61.290466203335804,153.86917581222087,3272.1063965976414
Rice,45.476697546686246,25.051338903382756,79.15845906113117,263.8637524693929,3471.66966044789
Wheat,69.68903507441023,57.83105988985389,66.02075179884616,242.13344918856703,3457.4010909341923
Rice,113.66132867706858,25.302963099379294,76.51846592861541,296.3218854664028,4460.812671235984
Cotton,86.75591278059409,50.98691748727193,32.971314432228525,242.3025800623637,4167.902289696747
Maize,83.06655546045707,30.592652871132753,66.28909248901554,183.6511106512096,3208.5539316135614
Cotton,61.508281150575485,57.34372574805006,21.213051208867846,239.78553218904338,3147.198629696824
Wheat,69.47591359332631,48.798381574779185,60.24560130269204,299.8918134372804,3634.101108084204
Maize,111.62768713225354,50.152548519134754,48.15693668721448,242.02837651250562,3965.733321849608
Wheat,93.31704380214686,28.762366922395334,40.80560431520412,252.33627119606365,4081.420336411666
Maize,102.99096214018662,37.72159906540644,71.74426113758534,287.6730030380519,4505.064007033637
Rice,76.34763384541242,44.71252778357146,71.25606155945184,122.73025226233668,3270.439329085889
Rice,90.41977755649263,50.79894472826403,21.338102293918617,240.95685868954538,3231.229590363893
Rice,59.8706886994566,24.158375036495585,56.57030734696586,270.1611915934898,3373.767275492349
Cotton,96.4368664226789,58.49461265818113,42.069933459257385,290.8757200441786,4602.232368818317
Wheat,74.20810669626698,55.60882682218224,44.93966009002695,142.1938579423399,3450.7869982180937
Cotton,75.40364118517965,30.813943619823373,69.92244435312656,200.78580154484882,3597.269623428164
Rice,91.94578596615054,52.91040972129328,38.59038629166069,236.11096952889636,3574.036380208467
Wheat,114.90244971751413,40.73295692159294,76.58292863825721,149.4935459002675,4148.617448156527
Rice,45.120507728689674,38.47225926248075,30.778029582328443,220.09457265005483,2848.985649458894
Cotton,105.97945898776061,32.57736423245622,59.763345402090664,151.5157564995999,3205.1599728158462
Cotton,63.39064883297545,43.238743465263695,60.32630402082588,166.69140410632946,2816.296763446182
Cotton,75.51355636051022,49.19556470814391,35.13170968567509,188.30373930217303,3464.465914790387
Rice,41.75306630200072,36.43731619851033,39.48503653803212,205.8380197493134,2831.854896113007
Wheat,64.08368622674504,45.16876772033169,70.08790955479643,189.8731743250301,2958.6307734931574
Wheat,80.21049941041043,47.97251684621215,65.70831529729715,198.63910395758583,3868.4932291201276
Rice,44.49408618779512,48.44487268061144,39.74575281888558,159.71775125765853,2602.1041578132026
Wheat,79.2876583506532,22.07864392524721,52.03739281609603,131.79301880452613,3066.7128382501032
Rice,114.16885030867418,54.389912227402675,23.700817775185726,109.46999546536789,3333.446076505179
Wheat,48.431457448624414,38.33013259060192,32.524752943917754,139.19574449833354,2514.249951213533
Maize,101.15525824604035,30.496643267848576,49.14923353162395,216.38872830115662,3971.1475380863376
Maize,72.77368427007941,29.670580299187264,25.158424116752695,257.2230895606265,3115.839235558408
Cotton,92.41389716194703,39.320564513758015,70.59994129351625,133.8495194885789,3514.982070001521
Maize,60.81892783881835,55.47326157875837,63.08037260645887,121.7110715545297,2837.648516504905
Maize,52.75938100330866,35.133903267305875,76.61802023890968,249.85807210985004,3799.655997377043
Maize,52.83700914169812,49.98902987134173,61.60801435784163,161.03166610745794,2942.1050122909314
Rice,45.639355651451574,23.872749239488744,76.42408233573113,290.2998878454705,3093.215573890361
Maize,54.85173639209944,39.04226808604247,53.270753341457905,242.8635941220746,3023.907497646564
Maize,93.13755079911746,59.667445615709426,56.013116663718165,165.35120944860617,3811.065125938368
Cotton,110.53524894748064,50.817512111693475,78.61826327757565,157.908549558741,4363.502799908987
Maize,105.13005484729294,28.42113953762452,58.52774881185562,204.7396772542618,3508.4138248050026
Maize,94.81074478995873,40.05765894791643,21.847194131644795,115.82893365564189,3446.816923924524
Wheat,48.834549072888215,29.34499054594266,63.4281665978314,123.5353025290598,2560.288772000817
Cotton,63.13499570367598,36.382437090500375,74.32812152824494,135.1715762632385,3108.772257593167
Cotton,64.78455002579751,51.203360949398586,67.7348149876596,254.94471866091203,3708.3365890824357
Cotton,59.9965557118097,50.84899261161615,55.029996357525356,202.7714718538245,3259.0979788341256
Cotton,81.20045277677785,29.124015116095407,60.27821078561098,102.11342455488858,2887.3747775238485
Cotton,82.8443051903738,56.888932726194405,79.4115073551003,234.7033054944218,4395.945279423164
Cotton,68.55087801368882,43.702727310593076,25.4397253105603,184.73803573209943,2934.453816876273
Rice,68.30313269891488,35.196971638480576,60.03468971799437,202.17047299275958,3454.781865009154
Maize,106.2844478324865,40.07742323123443,37.00386167423563,142.82324868258712,3369.742119076719
Cotton,103.14342786557485,44.20285013750975,58.4054237951702,210.3564456788207,4071.7625016543484
Maize,64.62366653445966,42.395621273831416,56.45741455303633,295.8306479502977,3514.720752128247
Maize,113.10307550986074,39.456201421447126,29.207409926489724,114.6889382011523,3678.9806246429016
Rice,116.22520136020049,40.197312163576,32.40479874441435,156.7834799328861,3473.949947375316
Cotton,66.13940336240327,27.056476417115448,57.29777468259281,148.59951857216595,2749.9174561500704
Wheat,68.35399590344439,52.50931617218718,27.693796838226447,149.70986215023592,2807.230896348003
Rice,80.4507322737567,41.670412797640616,35.91085250781937,175.74127151307545,3097.485170224437
Wheat,115.28966500269388,25.243194468188122,70.11473286428014,263.6219569488335,4578.01335941445
Maize,110.10555465138492,50.646284063311114,39.62549036009832,282.5717379928775,4319.6045448658715
Maize,48.205437006687184,57.29775913509403,49.283609376179776,140.44301749179465,3098.803289597537
Rice,71.4184594617133,57.89227596947848,76.46842010875042,208.58998758962255,3583.254949447656
Rice,84.26969517998174,34.76070929644691,33.62894533021678,227.37979443309607,3449.5158177503586
Wheat,80.2505978041232,25.42067494243016,43.377561041480625,204.36549487276898,3011.2154472338807
Cotton,55.50904543495142,40.73598506532261,56.387466532612734,186.8152788393839,3091.18889376891
Wheat,108.70534169345237,24.504369173968826,65.32033577023833,138.39510117184756,3591.940012387197
Rice,94.15526263974698,57.35949674050469,74.09920320276231,197.6438718398477,4073.554568453744
Wheat,107.03266998814429,27.34318509420584,74.92837925441091,180.24296554226578,4202.323642798387
Rice,108.70114234795777,30.110634398046564,66.59840446235738,259.1126725004539,4115.910114401866
Wheat,99.86846829325918,36.26546107539882,33.69985019559863,252.72087183259904,3980.0496127069327
Rice,75.13684809997739,35.32657874236503,21.488559802553947,126.79973624113414,2433.0265117704857
Rice,88.84374040123396,51.78651569591556,43.02643582133743,117.70381051261352,3267.580226389733
Rice,52.829232489579454,38.25267282203849,28.4929310592694,281.6307886455006,2804.1476804412277
Cotton,93.89163339799262,26.830730400133476,62.62325884629789,207.10167779289952,3508.12985681626
Wheat,54.340260459142456,30.688395819442963,59.66783520954301,271.5601874565181,3280.328966082684
Wheat,95.51596724081254,40.36453540750088,22.63829849728729,111.63022411328024,3441.85823259468
Wheat,58.36785286031749,25.898156697045394,70.19562674785706,205.30312330432605,3115.072083465404
Rice,49.4041040120176,44.46622702584057,34.924595977470936,207.88530291524728,3225.2081498440257
Wheat,53.222759211436596,42.629892262045836,45.933624529462534,272.14040650843,3344.6874737099133
Wheat,40.15937081752562,48.58809265529031,60.076024127344546,119.5219996459415,2407.524964963363
Rice,97.49916942828241,57.508184615174706,45.765127211135194,148.08911273518186,4028.0192315286145
Maize,98.59208392467033,56.490182444046226,46.477268167996606,181.30766277740264,3933.1051010579545
Rice,81.19466799306076,57.843024722753256,23.937679720144423,273.1682950839884,3600.158194698841
Wheat,52.9090240844307,29.788623880948037,44.08661295560023,287.7766630141134,3307.2182295677726
Rice,46.68434700085518,25.262612265574184,65.89087359319902,298.54492391872554,3221.9542612509986
Maize,41.53031731498296,32.09106801985794,74.91058023119587,291.8386972917043,2843.6792676356445
Rice,53.25985415721766,55.80340691065258,44.809828223802306,101.18835116887088,2816.3515856565305
Wheat,111.26844279865173,58.88213898493953,45.41514961274473,109.54166829077441,3985.010989686807
Maize,59.32294733613454,54.37299804281904,62.15762637941913,129.52136383151773,3448.957619014099
Cotton,68.34170617737726,24.400708845101743,76.56632006631659,169.77241935405462,3243.0204378162666
Wheat,48.42763875850665,57.897119922391724,36.02365641436161,265.98360619739174,3194.436675831762
Maize,57.78890437985362,36.93432109403144,46.40865239227621,278.53123906709607,3548.902208068632
Maize,81.53796566241641,20.37241163049415,67.75839461313807,137.3668812589166,3289.0257652451155
Cotton,88.6202146476522,37.69574962992775,56.581614162442314,223.93283032394174,4142.5634482451105
Rice,59.62818513329688,21.842766787018704,26.635180637837284,283.47239701305534,3007.9774195206073
Rice,44.61857273800938,41.7551168464447,57.663964133735945,192.74634718626416,2803.1723455682863
Wheat,71.28262953019188,33.54216109748205,31.204777075839615,120.70871439055679,2422.2985024847867
Cotton,58.73626967410673,38.93739734376195,50.61295604470425,191.562730016925,3122.8103544720325
Rice,57.56431385838415,44.52681442972468,51.74619605962631,175.15898045761145,2576.670868434222
Cotton,116.78902421707642,54.752043832712815,72.5722017334991,215.5315992132014,4756.628818516568
Rice,89.30403887405792,46.476063058877145,47.74965644074629,187.73173688142072,3728.299485720582
Maize,84.55027545376767,37.36195473912723,36.766545334153655,103.46918537074359,3001.5273458471925
Rice,73.26200828186575,52.777114146814604,33.85798089296189,298.7995466827342,3819.175370304109
Cotton,74.31554667441154,56.223285502925286,72.45511260106016,208.7080475461142,4163.695191798455
Maize,83.27240030704647,24.790398657287888,30.260651265093703,194.7261510969219,3290.6236239065533
Maize,95.71438456288858,41.27731910211166,45.55211365298862,290.92347430081077,3976.55596154735
Maize,96.17168769454636,31.380478389697764,31.230386895616817,131.1720735174154,2928.5255932970413
Cotton,53.73551261643597,21.882447915077897,66.39824240686252,137.84752050904964,2363.1301753369967
Wheat,80.00902016613016,46.74186780455941,48.462358398477136,261.6029498125567,3931.523942886507
Wheat,72.95664760272815,54.510831098369025,41.06862143340872,152.16621600500176,2888.832194078642
Wheat,109.64215730155074,26.51610617909576,41.66597843758801,259.84542125830535,4278.487032140307
Cotton,90.5135136974701,52.49654630495602,71.13285240337876,154.30669658170052,4072.8071362426103
Maize,82.60032531327855,54.13582934147767,53.226437257666284,106.6375260450003,2982.133743300798
Wheat,49.23157137431339,56.57361770665934,63.07207106787582,203.40294477734318,3166.3999981348134
Cotton,88.45103114587292,30.611403563442096,73.82231097504106,139.33728682537227,3398.520192604893
Wheat,49.376312454418674,56.15812260759557,74.10450056243852,251.56925858649421,3782.558184144956
Rice,66.97652604526016,32.82651018945729,39.71054326027179,228.23992664642964,3540.1365008255057
Wheat,51.42735718514655,42.09352053822011,77.14707578878313,284.72053359558356,3204.5150034398844
Wheat,95.36589176194951,22.020298833291285,21.492552920876328,256.5976714531472,3399.198344807415
Maize,56.50016910689221,21.755243534749745,42.610133660969936,136.15519096814538,2318.4390839013963
Cotton,71.34874985504209,48.814928509288116,73.7479314505305,260.03164733295927,3557.5267269506794
Maize,111.65398220950229,37.77919911911164,36.478212789018976,228.34740896280465,3848.363737078578
Maize,56.34531067191762,30.251695014768703,36.384887019279105,233.790328352125,3016.9786803128104
Maize,80.62440511670232,27.61653984099641,38.157337104913324,266.45257719402974,3426.804301501991
Maize,73.54173289328176,46.798139634368724,56.73880309081533,214.76481383778804,3140.385675636737
Maize,41.44992328365838,20.016061761013596,46.29996653686123,193.20070287060258,3133.8152144621176
Wheat,103.42064908582502,52.23564676787417,63.604090181200554,227.3282070717456,4327.625848231119
Maize,45.52367250516798,23.169984245197153,73.69463855387994,159.5914857916718,2660.2932630592163
Maize,77.94040167815629,27.659584596324777,60.45196249657164,136.51942621741986,2747.477410648765
Cotton,84.854263595116,35.44945581196359,32.268003211854534,223.3175676142493,3457.2146251382615
Rice,90.27411652916697,39.39434958864415,75.96091414163013,146.76967381709554,3550.070357080141
Wheat,95.09053034463005,34.19980463255767,35.86957240084871,115.98302186932135,2588.5071819702753
Wheat,60.2617906818172,32.82848659937176,28.993657719689487,100.11083691705079,2001.580973243715
Wheat,40.79830213267595,58.556640482927534,25.398036731657655,221.66388028001342,2998.0803973184275
Maize,97.87549298839295,45.66318724973577,53.80302443996994,172.42975669604738,4195.900561167949
Maize,82.8525279478063,20.93731821469553,26.825747748839106,250.4621941346912,3354.953121059468
Maize,106.8894162565799,37.20703633777253,28.326553046757844,175.0352796626205,3804.706677025731
Cotton,105.71106903205555,55.00034798975881,38.001828835729796,197.20068964764533,3889.886327903828
Rice,107.46609342303066,32.05824745642672,36.89918058106783,181.41699456307697,3573.528889547585
Maize,78.80757279836321,23.78225379097553,56.25437061992854,230.11495822186922,3689.786610075742
Rice,66.69027166694926,50.335390863596714,69.0047167683609,171.22783240299364,3766.3302323616913
Cotton,103.3246562073096,44.240553277443254,65.68097937217354,292.75352998846176,4836.582068091341
Wheat,76.1035290423404,42.812500313060156,35.749067282988605,287.22939731970604,3410.6604171010604
Maize,54.67537571227476,22.143062384296318,34.7186298791588,269.60558053145627,2928.3479903025595
Rice,108.39792156491795,25.619960391820694,77.94749180641806,284.06005411454964,4527.758472626374
Rice,110.60479014178779,44.90197584852455,20.49417449551761,189.82793769187822,3618.8718752721597
Maize,77.3047804912136,28.312953658353432,72.78323198361295,207.28607935789842,3592.4685952216064
Wheat,46.055978184783,40.16280318993697,31.983711147344298,248.4185185116489,3078.035152554262
Wheat,71.0260871933545,41.79526744117574,76.83705938538607,239.2291849877082,3995.231735555677
Wheat,104.28301275700827,31.340287610837578,40.53843708965118,278.13571912109416,4470.708185513563
Cotton,112.14192228369829,57.937006221659715,46.42110643359514,243.26620545133906,4311.980491177924
Rice,56.27781939980767,53.698564273423,62.42723683666286,299.5769416456921,3438.5323058628746
Rice,45.35788896202172,48.89494030531194,55.26014308839562,169.7011599663182,2893.8471641992946
Rice,110.18803625062709,23.119754656376365,39.07635978240937,266.5995484478836,4455.535806247516
Cotton,71.15239511831003,24.24520077236078,53.22985495206941,239.52696456653285,3182.3749287627534
Rice,83.34087714140506,39.711253834598224,63.84241306177317,238.27728904300372,3978.1931546591504
Cotton,117.44526496406071,26.428533967639428,22.540096754149527,165.16711896899977,3656.330187469421
Wheat,45.32517823313783,59.13061854117896,20.67195831534225,257.1203584846045,3065.602518103226
Maize,91.86544059616764,26.340809361096376,47.48401634437348,280.0752044695198,3846.615009116437
Rice,45.928433805989364,39.498713418558964,27.910197068210852,143.7096923041126,2067.4895003028396
Rice,70.03751427732003,34.56484227366022,59.86065748788286,225.09936742334082,2829.141258166072
Wheat,104.30516361547573,45.57545685816392,32.84314737364605,178.42696582055504,3367.0020535497583
Maize,74.67777862045075,25.161456355576995,45.97106640774025,297.9096238589754,3497.820237529392
Cotton,119.77458831223603,37.212657121695635,31.860256212456136,195.7665631663363,4174.285524892515
Maize,84.72474279572818,30.988201312285746,52.90901514494747,145.66403475938853,3128.5320957291096
Wheat,65.69297221087628,55.51006098686752,26.963207563074135,176.3715250443665,2870.3275027612203
Wheat,57.60890607238025,21.623428485387805,21.386411167248816,230.76767796332524,2441.3975921282545
Maize,68.04164274289295,56.54909976025837,23.06789828640183,115.21787426991526,2874.3085778361383
Cotton,69.80266190076406,53.31976554212002,77.25550649091859,220.7203840442475,4112.031377457268
Cotton,45.49709421791688,31.902828657632618,28.53717311665615,286.2449518357796,3184.2370606264194
Rice,69.56593595414185,51.57162618708419,62.50869518821011,270.07255753157006,3998.0335258991327
Cotton,77.139081579138,21.248542413549902,24.075572253369575,113.53470733159668,2083.012049983027
Maize,97.81902017910437,58.67462201173574,26.48962113411093,298.67797574781366,4135.205356733943
Wheat,92.53835877772863,41.063797703591575,50.53257508456008,239.74538474077582,4349.334762214113
Rice,96.70125241833233,32.13124104261781,47.89225580926062,132.45616486280474,3547.8884414268323
Rice,40.66909455014857,34.50332850378708,77.09481856639218,102.4832178338847,2045.0721142227828
Wheat,57.41339196644289,22.656214138419895,76.69012718124424,134.25652725843025,2729.601902361787
Cotton,92.93474307198852,59.573980561681566,66.77651855254791,267.6351841371477,4484.42885641245
Wheat,78.71914945437977,21.571677806027697,56.12610980764099,104.32786498903275,2568.1656311161864
Cotton,40.42507805346767,46.19628492591436,47.29761904358066,146.6294607236173,1910.8293127750712
Wheat,104.35957139454578,37.70943710825833,41.37071205970526,251.46111906697507,4026.70425758696
Maize,101.82476586322699,57.956648727548604,76.82525281853333,217.22210717962702,4185.749069947027
Cotton,83.87353303948501,29.839989612271808,56.174528685481135,256.54714207203835,3516.324032501824
Maize,45.31706606210177,41.28347295752045,54.74435166115967,249.23010076535758,3016.0327950637725
Rice,101.32120396260677,39.294248343310116,33.914067306134896,110.12027742436095,3151.635732966094
Wheat,86.69708701850911,48.11465776200406,22.801869073106783,278.5022838188303,3756.18287077851
Rice,102.55679817263673,22.72040927809682,76.71131478557265,145.40636685645373,3391.814785852117
Rice,100.13975939166724,27.751565200934195,38.82411553067924,210.67848804595275,3522.115664589257
Rice,104.24016575662696,28.582592803713993,46.55534139946752,228.85763130555577,3389.799825185619
Rice,81.44064531236998,49.52603019366759,26.87839661514241,133.72564217701907,3075.415921325209
Wheat,51.2259614554812,27.565547853069603,70.21545979455752,295.2462513401949,2717.170881746757
Rice,93.6925978703751,42.93967055563907,21.65790997135584,197.6311912174618,3334.105344026883
Wheat,89.63790280415765,28.609752820038146,70.0394457259458,111.5285391194787,3444.6329755913853
Wheat,99.38025497592697,54.464998003359135,28.417100767278008,287.4524089555681,3899.0224462389087
Maize,53.59048048405882,57.68741817958554,73.19384675786912,217.25356863865363,3654.1915285543946
Cotton,55.598015992023136,40.73971899768962,63.78635824016944,239.83863959627527,3615.6308742419856
Cotton,111.23276137754628,34.09235536836713,29.880215750438307,205.0351579868448,2908.300928530499
Wheat,99.99822387616567,29.362311000699965,53.949079571568085,266.9475909553935,3988.7037863780943
Maize,112.65827909602584,21.99124006092175,38.75937886131317,106.62669243864218,2493.5277983587994
Wheat,100.69722569311367,30.740003047899815,30.693985934695007,153.67567305542954,3227.1962122822047
Wheat,87.77242447922416,46.16943119781271,71.5509319646665,193.92967128053846,3817.3016883038126
Wheat,92.33061896222989,41.344677252368434,44.21136599043376,115.320723262742,2556.1685480888973
Maize,111.13023391520079,57.761651131237095,43.91262286192295,241.18133386533165,4819.726512514314
Cotton,86.30454036095524,35.851090499668025,30.193200488397203,178.73268281112814,3250.7941833414793
Maize,90.59130594627099,47.754533693135784,42.983940565146725,154.5335980536288,3193.9494492496096
Rice,52.518137280288045,39.572909899004856,72.29701077973101,100.67576936168246,3012.895201313595
Maize,77.91369760928822,40.503048636968465,41.78772262937815,243.96606234999075,3077.287373493966
Maize,97.31176895664791,30.7109725841647,77.09621374998729,266.76186177457237,3917.6222002227946
Maize,61.67541586530923,38.198031073679985,76.77853395250324,179.00810713629969,2656.4958527487825
Maize,56.18033444196279,38.831399880508286,28.69391955844076,212.8435954066731,3278.641290274036
Cotton,65.10614465795325,48.26570086995736,30.63867521135869,145.53732518591968,2868.2589851938333
Rice,59.32005023942668,57.62559996744456,71.76044421991335,224.43952925602662,3763.920639860405
Cotton,57.19301096291167,33.172851099300175,43.565655135483155,102.4274916630401,2450.5927286736633
Cotton,73.98806742944696,21.688018743251938,20.26243893698056,197.72877941975167,2926.7516654037786
Maize,112.62708111068272,39.85180502002559,36.43230918232226,228.84109636813847,4033.5571223705083
Wheat,80.56477173909747,41.77845328596675,55.8577395917336,283.63835464594683,3996.006835559286
Wheat,55.03363046522584,26.73762204527661,67.95595795759809,176.26716342445684,2899.253068671387
Cotton,46.15773355046993,50.41858425104267,28.00331702559557,253.03804059620597,2828.937636765637
Cotton,95.69249161103401,59.39716433765967,26.63248186500412,219.53740598870016,3787.5864783404036
Maize,70.62390115491102,57.830988680338436,75.3255592143399,285.4024225850161,4213.868433336359
Cotton,105.74647572682875,27.884241552946087,65.06890206935496,179.67553513188614,3814.751437959283
Maize,92.76086149126161,55.01452959603043,55.38677604668471,163.8190679745976,3333.38993539658
Wheat,103.69931604330948,48.17974545646739,66.15120739975569,277.4283997388287,4157.152039796777
Wheat,61.7556831534759,38.153862552276465,45.73126167839831,109.84888028165783,2846.7160240612543
Rice,95.38871379688464,41.62443977298916,65.5073448385476,127.27707858673536,3431.2004554680957
Wheat,61.124958775497504,53.98400699929832,42.30817947647215,116.48088691680888,2899.724908058286
Cotton,115.12547835602332,39.205397585534925,34.645674349556145,268.6219913152805,3959.2601040762033
Wheat,90.90994252266995,34.92829476420508,63.74080527757812,102.12148467406388,2835.247509562989
Maize,65.96094401402738,39.72989972103943,45.1803375294361,272.33143109940966,3266.617166563447
Wheat,61.56094898338181,43.16519216140196,78.8826262595717,190.25355907425336,3310.5321779118262
Rice,55.274126805731484,27.563106151133955,40.96911093848606,100.80505577079416,2073.1228697345023
Wheat,95.57127671149823,56.036309210679626,75.30364523186395,180.32903544240838,4370.883701642233
Maize,57.49724903983419,46.967477953184556,75.97775291402476,137.3601682090071,3090.019413724878
Maize,87.62426127419913,45.33075669349955,34.51117682388477,224.88009749443262,4052.9526936090547
Cotton,61.170802154028586,23.979849047225525,67.8932708952808,235.87175798432932,3348.22616473153
Wheat,92.95751558350949,44.16695752690367,45.984470308673906,197.50551408099997,3047.473339837801
Maize,105.19517828324314,24.838426489539692,75.05148363382088,108.103905087934,3746.61909036537
Rice,102.24201945157225,23.147907007815963,47.007456358114325,231.22576087344038,3366.9466965529477
Cotton,100.86810647446254,41.09243582569573,64.65822304024196,268.40775672110425,4354.989577259451
Rice,55.01779245538017,36.1114213618598,48.01804454982787,244.0648554652803,2930.49102894788
Wheat,47.0707957587615,43.55241080624893,33.66804534277137,265.9915837910637,3572.2193843317727
Wheat,95.91590627899085,23.568886722289545,31.961007736681175,140.1019047101775,3389.332036464543
Wheat,69.4677771035481,37.239322513890336,45.52587165538073,277.7775879312965,3355.9833538154007
Cotton,74.58769811226779,26.991468601806318,65.3296794208529,164.43869012959254,3110.1270170687094
Maize,42.49192742347128,59.48400343696466,56.30428911084601,102.6809628503982,2616.2599576388143
Cotton,60.766115942003935,42.44600849740698,61.3177573940326,268.6783292658141,3775.564927084754
Rice,42.69411230995712,47.49747443763469,36.93958104391655,288.3642537929453,3156.9687723159896
Cotton,110.33486180809982,33.01673122730431,48.88612075745633,231.11163948346976,3770.423967420144
Rice,59.471734657482436,23.789556591173767,22.66371589815962,146.28732609268494,2134.6500325737766
Cotton,84.58697356584065,59.034834511341465,69.05194495748724,150.34889285650607,3672.1270030844344
Maize,43.11834565289043,31.45036141532733,79.39352973439247,193.31857468712388,3222.6769742066726
Rice,93.34779130445264,36.95232740694297,44.41274375748026,279.56621592028387,4072.606154673696
Wheat,65.84218766032751,45.994556868103004,20.6578191878926,129.91953122951168,2399.9161766758616
Wheat,111.83353495661326,20.98789190744445,30.18755837305684,265.1947339166974,4054.8007798498747
Cotton,111.04945511472286,52.410365220691475,59.151612665025134,158.26056174103007,3913.8873003491713
Wheat,66.02324946893982,41.46312760114481,56.72475909223155,261.7172338858196,3784.4117833027785
Rice,112.07687165523743,31.128687482752888,67.27188317513264,284.05423952030776,5115.670573522325
Wheat,119.69261387990231,22.46431941169877,35.23304065766409,185.49877439886404,3614.156568613701
Maize,106.03325312991585,26.499936618977657,65.81791493282805,173.01013082110617,3950.2288891316207
Maize,107.58970782041831,55.80135435413747,61.279041291420185,260.44426379426034,4334.89439189325
Cotton,59.920698888727195,47.44096895743564,39.36886986283059,205.89657647587882,3042.9698466961927
Rice,86.1361919086205,29.996068865475593,52.72928888341772,236.88980969263943,3629.536789756276
Maize,45.38047311738943,22.62403059780118,28.836428509899605,224.56584739223592,2451.109490335705
Maize,47.59343494573358,47.624612495465456,47.153870206134954,130.57776912895926,3168.358148868692
Rice,119.91140896266324,42.896309038710605,72.87184037333846,268.9580720579123,4670.021565145817
Wheat,66.13113995407288,36.1807809783294,45.271482789523446,139.15502228262724,2919.732714917852
Wheat,99.8547129639077,34.544457967602554,70.37400238852533,286.4564288141562,3865.418779586746
Cotton,104.53320424214532,28.67257103716433,55.41520191558166,150.11425828442958,3638.390980224955
Wheat,108.64186168057833,46.78445026150071,31.512602786141407,246.7761946547484,4351.487562611636
Rice,119.81026379217252,58.82672111175482,54.866374681873786,156.9310786987184,4063.9252062677306
Maize,59.319718820549426,27.028609833473034,50.35899974942381,163.55708171737277,2085.918127592565
Wheat,43.22806614877598,43.884664800620136,43.91848011178304,162.00037055646106,2544.244879978714
Cotton,72.89532143956689,36.96740222983905,27.17782637096422,249.57845080521665,3279.6910930023805
Wheat,50.406453586315756,37.867548869786596,45.00251983083379,211.3630235938786,3049.58582995493
Rice,41.79407113296441,30.165891205112576,24.365742574377627,276.59049116949944,3243.6196152993425
Cotton,68.83414617131889,53.00539502645676,25.926143083925076,161.47454384080896,2846.7001087944404
Wheat,102.69906008601892,39.410224165889645,44.95499197596296,238.39850441134885,3748.97618244032
Cotton,85.29445529800567,41.73623408793056,38.32288891810782,250.58971993262213,3380.583042920597
Rice,65.02223913682832,32.190436511893026,75.53265955173342,130.29642260599164,3013.013905410818
Maize,92.34736043941757,27.27233862667799,42.54234832281623,180.11787146396222,3435.3719566822515
Rice,58.561454424704856,23.436415528112818,65.471487324326,196.5634988700822,2836.4616849850663
Rice,41.150515685766806,48.56476563699664,51.814851581974565,171.13747797887487,2891.9930621333297
Rice,101.14827091491419,27.849371267514226,62.24514011854013,164.4225191938276,3715.771348037959
Rice,89.89944678912073,47.603014167551905,35.60695898092395,237.28397879952837,3742.7236184328995
Maize,100.9842099600768,35.615057841878155,76.51429837029974,143.17327953189772,3500.5021745603744
Maize,43.115041335013245,36.63099203958606,51.80530981486544,241.87814905022574,2822.620413033874
Cotton,106.96957022645218,38.76709984371087,69.87944427711497,287.00883927814607,3917.0572769419136
Wheat,89.56209600290427,34.70834032510173,41.902741608566814,213.03950423555023,3571.7895152664255
Maize,85.07162805701121,24.024799088903602,26.012680943031473,222.28684734789482,3197.7332624496926
Maize,89.96912384916253,32.385272400113834,60.42269886325093,113.78654042481782,3228.3469366152613
Wheat,109.15465974946913,46.54937442775754,20.465578900245468,272.8953807235656,4218.588815134958
Maize,86.95492052471256,46.63137605875484,48.517578593930494,157.0895574399731,3491.844026897111
Rice,86.47603039105434,31.448972289599773,31.568114159987555,223.01023310571298,3337.092726481107
Rice,119.25433256526127,38.40410506230752,57.64253026612173,295.82243394896045,4675.131730119101
Wheat,100.53841336548544,27.737889120477497,78.76519238827113,219.10052011456156,3674.621530305945
Cotton,75.38350443609082,28.41488326119343,47.86417437923876,244.9418974928755,3255.3027488183643
Cotton,96.59176000263422,20.921883536264296,69.04989539153999,189.0639236447504,3638.1506180426045
Wheat,71.13843773534308,55.86986199630979,50.467051217067265,112.07316870301148,2832.0031848995327
Wheat,58.31003699867992,28.42826660299625,49.75040186624145,259.51986989795773,3400.860932332533
Rice,87.74815015102075,29.101355077458532,75.82540959072668,106.99976825279714,3057.277880580371
Cotton,114.25456784911611,31.184057305805272,73.3979521248009,240.1315657775708,4419.504611901695
Maize,114.33116160123701,25.09632286781716,67.14802791127846,104.58431462992739,3582.660049702328
Rice,67.35242224843923,45.57051532725451,37.77534519900705,272.4610473153341,3685.817871368304
Wheat,82.2141972977356,23.005718127103464,52.700504943436435,131.52720716659613,3165.7630476589025
Cotton,56.9308718855889,25.36809705305401,33.4338339983411,202.85429908851023,2851.2908467451953
Maize,119.65048875991067,45.790269063603716,46.63500188279239,219.43014089662947,3740.191199406925
Maize,118.48943262943486,33.58642481925771,49.052783945587436,191.50908147468243,4282.457168993488
Rice,91.96071437659579,48.31791306804756,69.89840241015986,168.15269786977746,4156.68238509443
Cotton,104.35312477419787,42.29698978680568,73.76170191949959,193.56285923619436,3970.8203676728303
Cotton,97.208012902696,30.240846922460523,44.87720374378867,162.28315077623174,3431.9839148053125
Wheat,87.45265752315746,46.03311801957312,21.062266704394233,187.62446941617264,3052.582345743822
Cotton,44.267839759111816,24.650947211715227,71.70643038736128,171.78259819960613,2181.515150393201
Cotton,76.38114740421288,41.45641532320121,30.45672071008164,213.24096470142905,3058.4308513766114
Rice,93.98290417339284,37.48592420180138,57.31291783342361,147.58483244899668,3317.541946256005
Cotton,94.20252911069477,30.71494331269763,21.49825402604787,297.7313109828025,3679.151256081415
Maize,69.84980947379069,44.16019990958,43.97038851563386,200.1739906764331,2988.064285480199
Rice,115.33535893264245,54.8533436936113,79.157618126921,138.83241548290192,4036.6585520903095
Rice,53.388562578942484,59.95618799052307,26.041616066228187,195.4133499134545,2915.1997121296945
Wheat,80.02875569724485,44.31051074973698,45.421589119978535,273.28302590496486,3600.3180064943253
Cotton,95.27071812406582,36.18823497316681,38.42899701139713,104.36135862487912,3191.1095922870604
Wheat,95.77086447134474,29.008284008648065,74.30528740329586,235.91082382145777,4164.99712457759
Maize,91.89111654150524,30.283843575804468,72.16040647444132,209.59355935878563,4382.115018736211
Rice,62.02305707614882,39.17819912599063,34.26192561837373,133.9115988740271,2880.1506504673043
Rice,52.496525494929756,34.69110805122837,24.87126722302587,263.49528786098415,2988.195631640759
Rice,90.87522614613687,56.55258090499777,57.62830364366705,173.77692447480115,3604.486626134193
Maize,87.94416929115502,34.73181870622838,40.182122713022586,158.7604057631015,3268.836965579764
Maize,54.348480823139276,34.93778364581742,60.325063436363784,265.62503837138024,3410.5508747659437
Wheat,96.41113164564507,35.34138049735908,21.92718536406887,227.70500923833293,3388.9655631708583
Wheat,76.41375933869251,53.464808414706326,28.003954110649367,279.6518167349649,3891.2568430424785
Wheat,93.42084732825224,46.03153283387607,61.1823339663586,225.97674073423988,3626.13618557937
Cotton,106.98936638161206,44.56675401275571,32.74223931814987,248.16353158642306,3967.749735251322
Rice,53.57827428615386,33.365720895354485,71.4552605457441,267.2891792519226,3554.7607044414285
Rice,41.53158943974694,52.71616707329758,23.515453262608126,110.94792718198738,2098.16074643301
Wheat,102.32820691166295,21.534554454228044,32.92891896713448,255.20979177387605,3653.9719255440773
Rice,88.77579401220927,54.831886893524526,79.91361490910413,222.74129636991535,4134.343100584609
Wheat,95.97116556976974,40.50999599175718,45.98456615520756,113.90155930303865,3034.054080052274
Cotton,107.0523979990914,35.93000939453651,62.17793981267861,201.715584373743,4281.935829607136
Cotton,104.22487478596004,39.88669122870743,30.95978293142082,116.49161559679078,2992.2345302092285
Maize,116.87361175430597,46.69662122135324,56.59212409913226,247.18944034464448,4545.4927408007625
Cotton,82.87480630816945,20.510617060715894,63.56636410216511,209.30034277957662,3523.4512477657686
Wheat,79.07965061279242,54.86207425832991,38.86859815199063,290.71470748245946,3686.8826457601845
Cotton,72.1509759912584,37.86958101245571,69.73382671855268,136.62707431435396,3151.9022423446017
Maize,52.29528342753636,33.71866078800313,56.205054708336995,221.20669050407568,2786.6149875692645
Rice,85.8085786305618,25.529822625362286,43.34738057690181,142.31642691409826,3343.7288459579554
Wheat,62.1610019460783,37.57861497433768,53.458543600589515,222.81299694547965,2933.796101210702
Rice,113.70460097703804,39.85291085137516,54.605650846155456,244.5299404721713,4130.149685067607
Maize,86.65526434216781,36.14586777973911,29.932117561631962,244.46086586590772,3209.114424372853
Maize,87.42721444064881,47.14640375307589,44.16394219201797,263.014798136522,3556.735435854491
Maize,68.39397287016081,36.83586115036904,40.60583528116959,270.71004559166335,3830.534248957909
Rice,44.159148158216595,58.456703113862936,44.054163354747566,115.4543452534354,2649.852132507047
Rice,42.53950122983909,43.971100712943674,65.66663530911548,168.65343141448082,2828.3710972811223
Rice,73.86681153225581,52.29911742607636,48.95230444800036,237.42450407196114,3469.6933406966
Rice,46.76523024777903,24.374236124379152,76.41896919435587,199.71725747824243,3123.9439100490354
Maize,88.54775644321113,35.891651717836226,37.62058480150617,138.13518935095829,2885.385621519825
Maize,110.4778404511726,33.473908057886106,44.942214697095736,210.5419140333396,4090.829565535921
Wheat,110.63318532149778,42.779295525463674,67.21740862874248,181.48713055322875,3866.230801994684
Wheat,92.7236328105786,54.44454080245703,52.76147559924502,178.00765553086103,3578.8859883977366
Rice,56.89854651783448,23.133528710480267,52.82168878546686,261.95074348713274,3329.3173836665965
Cotton,109.03974650870977,22.90299192178843,23.200409780311013,181.51966676643625,3593.11060789247
Cotton,110.88747482505666,54.01270832630396,43.915979763107345,105.29090109608484,3759.1095833523555
Maize,55.73228679623669,28.514003441534296,36.24402394530395,111.61266777821825,2003.4342530356041
Maize,98.99408686165418,46.750130177992546,79.96010736986692,271.24880833832407,4387.058524605268
Maize,62.92156391416984,41.715125294432205,38.50130423793861,292.12016200250423,3518.0081916797794
Wheat,104.21122498823438,53.315743795489176,73.06979208763181,237.68186729114151,4222.377992188592
Wheat,119.77903199228821,25.00355639345614,60.574024102428645,172.87365882001603,4268.914477739351
Maize,42.402080426351425,25.19131862890445,40.45498455152543,287.7200631589455,2308.196696543524
Maize,111.78926926327455,42.272734411132305,52.61206270244742,232.56061727514717,4013.7184942304516
Maize,89.81044268789265,57.85514613433484,70.43215279695163,268.86670983986755,4232.113173445482
Cotton,117.8706095331857,36.59991033483017,73.00209788185471,253.17046080740187,3845.757262277919
Wheat,77.20076140211421,33.077684010187795,29.623632500368714,175.82786315451847,2612.8642715775413
Cotton,107.7910344457099,44.26757292791543,40.37438847249018,195.74044017015711,4010.2179588689683
Cotton,44.99152548786218,57.217944021801245,40.1133908128143,137.2264308736199,2591.299758677618
Maize,66.82232400626366,53.47711331378495,22.522687764556682,158.40282008814683,3255.052175475192
Maize,45.3613230200968,59.819344429328794,55.89426559111379,255.62513225730436,3757.710876182552
Rice,118.02745067832564,20.902743328095085,71.28920317953128,278.79567837662165,4590.459050476411
Rice,105.35791258174694,24.51432578851049,42.894463269531066,244.89208465028236,3922.328954130471
Cotton,108.20379369967765,44.378710534664876,64.40215669905062,193.03473933132767,4105.890853802046
Wheat,115.03721851471154,52.82305757335399,57.662024816044394,117.30185378794951,3203.9056367753747
Maize,46.80827888958283,31.40977369227066,42.53892412958005,111.38958973968964,1853.1636159824684
Maize,70.84780740106666,29.56844352136875,28.463587969537826,174.86511292257075,2814.2121755585904
Cotton,45.68279112352017,51.479031975248034,62.55943116655804,192.76434375353261,3183.4610815465003
Rice,56.86344812400229,22.255274154129264,71.27391013647443,221.82412444265938,3184.8825326941687
Wheat,58.34926216301379,34.775305903303405,61.151269544089516,101.29790427739944,2362.476364672867
Rice,77.5285768838063,40.232368903693185,21.072709042089084,297.94457809326127,3813.1043622574025
Rice,61.48497339629141,42.41394697401294,32.973973663459475,172.78777668080858,3179.986512048697
Rice,48.07824854542089,49.144606271711076,24.168799093011913,269.6189327602243,3279.4238038821845
Rice,53.399287127528616,34.19382893722633,54.223165974573604,206.9933411330809,3196.111313350989
Maize,51.78204508416727,44.50737378698429,65.38866073042475,126.0878909066693,2610.684909307614
Maize,117.84614383298387,43.415016911638254,26.634751224119565,259.51311050690435,4475.107387384286
Rice,100.7434005534779,41.90464402614988,70.30026923560311,241.96541498397522,4265.506365384223
Wheat,117.42091722156496,45.61933172568849,53.33053870372899,205.4872169858456,4349.63884479345
Cotton,75.17923892063268,30.37796684272305,61.39814072850349,202.910618266756,3437.654362009057
Wheat,62.26947853301253,23.38595014338516,78.28411091651877,117.49592115018561,2741.4309538708603
Wheat,103.86345577673494,24.770866881589736,25.02085929486184,231.16978971477482,3357.8495293022224
Wheat,66.10031344329174,28.983295306156045,74.07344137866735,282.24903115086,3669.0505893055856
Rice,63.95066989642786,40.00791742091141,27.566161759244558,118.64898384427167,2746.8040083711485
Maize,58.600479376626495,53.61771002184081,43.57752839820094,152.70229012978098,2787.1389323440535
Wheat,50.374318257938825,48.05173368353536,71.08632177986686,280.4615946884197,3819.866539738127
Rice,60.51704488134128,51.561624168081885,74.3752542042721,156.86878196395867,3420.4104173980577
Wheat,68.42557987791102,34.03902495704365,50.382300412708716,230.78873443598528,3223.161064338978
Wheat,93.91953665165843,36.18614966594201,55.64627829652551,206.96363298862883,4063.266429534449
Rice,45.005187377556126,35.74727543962452,62.48884007591343,219.26552100077242,2871.3900160368244
Maize,56.840555173227436,27.67492737618006,69.96552010716286,183.15778031545062,3348.059939934294
Maize,104.72189122333411,22.44866632574288,27.290670172259972,159.99829411074222,3335.8079555904824
Cotton,51.75375388670166,43.63664371308907,68.60415849375366,109.70669014593379,2685.815850571526
Rice,67.41161172180172,59.568667336823445,48.876569030697006,248.85618785883284,3439.329303551033
Cotton,109.1727137486512,26.673188198010514,47.03740550649014,249.21869243884535,3979.5895655772156
Cotton,52.39402489147541,21.86739279597095,45.433985119819894,234.14514801574464,2779.626874501526
Cotton,46.61894684945519,51.181267272957314,50.55269511476256,228.72675762392413,2787.9028935202014
Maize,78.76303960640087,30.10344026738897,76.70303320367621,148.74342643350525,3235.3196046487546
Rice,64.19356090228291,53.18575221411714,52.8922263675291,104.46898675325824,2644.0295252278092
Cotton,85.07266915870832,48.15746668138061,77.19065229578835,261.74307937708795,4336.317507121336
Rice,104.30439123867801,57.82694148203218,30.817407836938436,198.22770713916537,4197.285073077853
Rice,50.97187905221945,36.35708943026688,63.44815872995799,161.36762614052367,2488.3696950315407
Maize,86.45592676434279,46.47879357802537,68.73437231652483,120.38638135611401,3831.304766732024
Cotton,80.4407008311891,38.59419123253083,60.74772988009171,112.54431818027768,3049.1240408577974
Cotton,51.52630288105597,45.22354789234174,56.415336813592425,169.77334435903546,2639.4207702635813
Rice,89.9198788423186,37.983956240309496,53.888766865170936,260.9474129533881,4107.428722516144
Wheat,61.89123342886173,27.545289856962995,71.65582895472176,283.7447498667661,3468.254099320354
Maize,79.026745483521,40.315896640135236,69.29879582987,279.35027292261293,3975.5773322888917
Maize,46.58178594216495,41.143368057497696,27.337323270835974,284.000166949931,2924.4970700539366
Maize,76.76672457708985,52.42415393040644,70.91525942185268,281.54506862586857,3923.5843439341397
Maize,64.51707744342562,49.42082823174324,44.84411716642655,205.44495032007916,3411.022514127717
Cotton,105.79049689482835,46.55166495765776,35.22180979974865,143.88312771138078,3462.9073094296473
Cotton,44.55829815978946,24.5354838221029,72.18611408083555,259.6093165673641,2757.2199483418094
Wheat,73.4885819934664,48.8246516265486,45.9214879780245,142.7425949705158,3219.3831810877855
Maize,76.67451393051505,40.01220625418059,68.501881410609,153.4414553513138,3011.1182289061585
Maize,98.00048610392949,55.76398144424637,35.80421671735067,146.6508643645097,3236.1579730289277
Rice,85.94300600721688,56.79483736522171,20.235759285333067,202.99648073916117,3744.0037043060297
Cotton,93.37698697553449,22.20626362407142,49.72755157417666,164.365501633816,2967.2789781567712
Maize,102.1639428521405,52.82566241417915,26.013695398573056,130.8312099250683,2808.040709687878
Wheat,108.9762378926551,21.507895616906826,65.26255733149458,190.63468237877646,3981.181385919875
Wheat,65.11003973779765,34.68678502780091,36.56450816416462,274.7814477570334,3251.808598670499
Cotton,83.04181642911223,41.69199902484316,46.618738796208724,214.11057098999444,3477.3831466496686
Wheat,107.20864627513599,25.924031945085098,25.222013905493256,275.6671211775174,3792.7746628984387
Wheat,119.15609047720451,49.852552502763075,37.19955490683516,139.1744370158275,3868.825477525009
Cotton,111.16154488350105,20.334188166885543,66.88941459551432,133.3947747345108,3392.606275057576
Maize,69.71738100995015,26.743961937361473,29.095274714139165,215.11542513968405,3311.3989929086933
Maize,55.613321377492035,43.23187319413903,58.829573667617446,192.66578030925461,2702.389281269623
Wheat,79.1514029925271,48.5755024814917,75.04555116827007,232.03452832939138,4029.4781661423262
Wheat,99.33131614688338,56.665724107756645,60.79020558546322,258.9253582053563,4531.011477787541
Maize,79.4055256602638,48.21986607738495,68.6613013575336,250.2614591304353,3755.9452238325357
Cotton,78.65446906509348,46.87117081019464,26.538297758234947,288.4522347317122,3429.945032815475
Wheat,107.05843368654405,35.77364585402657,35.04390956012327,179.65128183140231,3859.324614906895
Rice,68.91230232537491,20.051377021072057,73.67233113443547,141.27734844963615,2676.43283119797
Cotton,108.78357398493165,24.806370349424878,62.906336817085354,210.18252798957715,3784.0907988529657
Wheat,72.54438407613789,41.38218179024157,58.37322958263867,122.14862403823712,3218.6877514858897
Wheat,66.25864845426716,47.00519543377679,59.826004167302,157.77022466632627,3152.5144907715376
Rice,76.31919289597592,36.6979313558585,44.85203325827861,141.5776110526289,2521.243119336523
Rice,100.99575669398948,49.22716046113561,22.673397897059193,179.31274335941617,3968.7120279314895
Maize,50.080162229119544,40.87449181328715,67.06649252424374,122.24331500044308,2541.3156324332585
Cotton,55.71353726976139,22.96704782377249,60.72279417292123,106.36834890961957,2316.8286085416803
Cotton,116.11558605304735,27.680650038717953,48.36826784676348,231.35880092600635,4126.6710955987255
Maize,54.03933019050859,53.599928929757716,73.98557692209545,222.04979565796097,3622.2810373480243
Cotton,85.41818543448437,48.99650986497758,40.16957989910593,241.67178720773222,4225.816264053037
Cotton,86.34515733295503,55.7904794804998,37.65930465387416,232.0772880542688,3345.661035217849
Cotton,79.16995696401958,24.702289964837462,72.36777950476656,122.8589362284767,3265.9472333519375
Cotton,91.57961988614548,59.60890138460296,67.81925928553912,158.21577627512926,4018.7638723094105
Cotton,58.386138063809476,28.376268557997342,50.89878863890068,125.90532198007047,2495.688976415369
Rice,84.21298142213985,20.47119505146568,27.844084367470998,268.5944804097127,3579.719675643434
Cotton,69.77386041975177,59.896917562142164,32.90428828790315,249.38073107110466,3784.2075409449294
Rice,92.93338077033512,31.242955417804524,59.3736794245284,140.3054005836485,2997.489419796462
Cotton,51.29788346985195,46.7207781005024,43.1024742704247,168.26184809797869,3193.786849327712
Maize,85.67019334715809,27.067292567052206,70.18839149995827,293.32299845284285,3645.6793350327334
Wheat,54.821628430665896,43.209141287965664,76.99730055993226,218.83187157593028,3085.602300376855
Rice,62.29144504920291,56.16139945818237,68.3382155164951,260.2311194602314,3714.2736384439254
Cotton,57.496784025886654,32.80724669713754,42.652725379733425,152.91820695374582,3100.982489694438
Maize,54.62702238950537,46.81015904177437,67.32118575388544,142.01058403586103,2851.2089317922023
Wheat,106.05687612485336,27.51614355193666,41.08650040824101,256.7833857693097,3926.015953286856
Rice,62.856605412871225,44.99181594874901,30.026005265938032,237.17449104628804,3515.4728476836317
Wheat,114.16990254915595,33.45801407270041,22.003592291951442,236.19558584235273,3782.488731247122
Maize,117.59412202761527,28.448330343518066,43.1430027656612,210.52691636583876,3647.529591872428
Rice,85.7008375949678,32.52728202814541,74.2135582218369,212.71566855530978,3634.3476772325043
Wheat,51.44008981325811,27.153642740311973,34.33919526534059,247.13950106125077,3173.552745933494
Cotton,69.9638594703665,56.07664431351531,32.39078989578704,154.00049622423904,3043.89583157163
Rice,103.81858106785712,35.88747545268515,78.18924711446242,170.55369317139116,4416.709666419296
Wheat,69.39125829576564,29.811172198974695,21.500246771035528,274.327354104011,3377.8996855074265
Maize,46.9613774642231,37.936313640637316,67.14692902362526,161.77304020243156,2619.672815193703
Maize,84.54279287425504,32.821446672259825,39.28219734445222,209.2619142758598,3367.5282527437994
Rice,107.60966811968278,49.77677015253304,22.24927741217956,240.5278928013368,3746.1229765776966
Wheat,103.67411097148019,58.848796475419775,75.06815241257502,299.98496536663527,4655.817648488415
Rice,54.00985121042826,37.52134626790587,28.378539812575017,187.0582662990664,3761.2812693801006
Rice,93.82116915299733,54.44133599888961,53.106757023541725,185.61857532498874,4055.893651109441
Wheat,57.64034107485177,42.63452294238478,36.44325244577287,268.5176758867335,3471.4358157990137
Wheat,57.45660276417378,26.28942660376934,23.911568131081463,261.10062225197265,2738.515682744022
Cotton,109.92574186441482,47.62490968325366,22.995349139802745,246.21517634690971,4403.587659461356
Wheat,59.97351621921841,40.537379885032806,26.933401930180327,192.64592748180578,3073.3894077253913
Maize,61.0597877214409,46.02426093008414,24.282020833362804,164.78782403214316,3188.531960980732
Rice,40.052271260903964,55.5874965028666,65.63348693119538,221.74609651696971,3611.3347297270857
Rice,109.65352273004142,37.617382826241844,49.13397213700575,275.24465862632815,3922.962695532965
Maize,103.40758505673078,56.047104928694225,40.573525480938784,276.7554916417173,4045.954630865982
Wheat,90.18631480725423,50.026760571266195,45.10213460792043,121.69966901408769,3032.247530669504
Maize,100.02126111510738,39.54419703511939,75.7368041343574,185.6700567626301,3724.6462288169805
Maize,52.16388539395935,44.12888542631855,74.64510876428884,192.9443912397499,3260.532697113826
Cotton,76.66588756700604,33.02324530076046,62.940588807354615,295.52307350475064,3741.5853123885795
Maize,68.09755098790248,59.34389198955097,73.08094264530126,235.5996030485169,4364.839698543083
Rice,47.50212210056132,46.69404652201584,39.178881655257484,181.4492834524141,3190.571960409349
Maize,78.89043881719392,21.753874099865197,42.86655956049697,105.2115771971186,2634.182470978676
Rice,113.65917202741083,33.06487622992035,56.822730911253686,213.07703201983918,4565.0876345016195
Rice,43.20472952405556,44.9325773503623,57.41755683783585,119.21519512767122,2859.1612604641127
Rice,63.31687307950351,22.253331111969594,48.901990280740456,266.8899914695526,3117.536909135551
Wheat,56.60327489645628,20.95536765276571,44.039470906277195,250.50373211407242,2460.932893596145
Cotton,59.051732293255704,38.0009695811121,79.1708186965217,192.10183198163577,3216.6680668851614
Rice,112.67476415035003,33.3076071877068,69.26741756706346,185.84215590833995,3888.5664634014984
Rice,77.44552433874321,37.531944321326634,46.09881187328271,279.4677931137537,3754.356260541351
Wheat,77.3039530351855,30.507732395200208,63.637548634374106,157.6916700836257,3204.704851856299
Rice,100.84605139642258,26.588709877719236,36.17370159514757,149.80399242135417,3260.804836451291
Maize,52.35937632039406,47.56573427921351,26.010159574239793,287.8394865651524,3343.477799030606
Maize,78.98122832800406,40.58284465071202,41.145861533164435,261.8491673506965,3326.2302110268247
Cotton,74.39881712968477,28.006168449974673,44.17836800740365,264.12511861343893,3540.50207226768
Rice,87.75285524373248,32.783577050399934,20.99222747364025,139.0387628551851,2768.1663697500603
Wheat,119.96461626003509,43.672316306533034,68.88752009815377,128.6591982861869,4065.5976307374226
Maize,101.55591152656376,22.889173930899112,41.551604143350886,105.20590996342698,3283.5745472076283
Wheat,71.82925624139418,25.89812037064718,54.82508994680882,147.40830178373602,2582.8965218743724
Wheat,106.20424418192376,22.929824164295603,24.437791236257357,254.83809834286495,3635.0792761556804
Maize,53.65666906499841,52.49269330856475,30.49980972503504,148.00768375282996,2611.1353203800327
Wheat,42.43709490471681,50.09636932848037,73.3816235196536,245.82065671897524,3199.3764161254194
Maize,56.35586979714184,50.13251727517029,56.52125167296805,150.3816530734843,3158.0740197809378
Wheat,67.23292448914077,48.65301373904112,77.01704301022913,179.05849959013432,3279.3946440258724
Maize,80.84646059676479,46.77541694679476,79.92500206347901,296.6324579822817,4160.103504788916
Rice,89.21033124329598,39.079676615127,42.311606919985664,148.96234625682712,3065.190099006828
Cotton,112.84845737715374,45.6911265402846,37.928183844996475,175.27412545965353,4108.232069880116
Maize,80.78832076403661,21.534462191518987,71.50136330954581,160.21743609304272,3105.593105508504
Maize,80.10205157005835,44.85857690627138,79.91668562224726,121.92499726600046,3503.943041409671
Cotton,44.01944078583857,51.11510822147508,57.77847405394744,197.978828426165,3467.3363907806133
Maize,42.79292421249791,40.01433441537561,67.70844335069134,175.73813266660045,2787.5151405617385
Maize,84.09279695330977,34.300533137089474,66.90475152891648,238.97741716145603,4067.2265139093834
Wheat,75.05428905986756,31.097069392039167,41.320382493172815,263.5189093903092,3872.778928688642
Cotton,107.13443159842389,45.7120820064833,54.456222815425235,208.8499428991277,4322.574585509424
Rice,52.854366776947614,47.712047945196346,69.9834164758528,106.43928441746738,2751.753435178843
Maize,41.997732969363966,54.8387039945017,61.286832575663325,223.78447124694432,3306.3412631235797
Cotton,75.92310143441007,33.69336329843963,21.269828838922294,111.07814600418784,2217.180555526983
Wheat,58.9982845401806,50.79089229542342,40.20234013385201,223.271264719805,2994.828764668389
Rice,43.96914986710699,42.45423296757352,28.66854179567632,237.0059898538377,2621.4420650367797
Cotton,97.96786294781032,55.313459627123166,33.978332724682346,139.55352552350368,4024.887033493976
Rice,48.9274399965798,41.11248433182483,74.32936864947953,263.86922974435424,3233.5374385730843
Rice,88.66556000062174,40.70519313591869,22.21359733464609,282.2170263148097,3510.794314747268
Rice,62.48398001335113,43.115083257636364,33.188042717715426,262.6173928227639,3026.0797855606847
Maize,53.87968402840176,49.972614205697376,38.57416113429389,161.02183804241645,2900.309425017312
Maize,70.38012183354539,58.587619153138434,57.01304431798369,217.3286024891269,3662.3224266341704
Wheat,104.11566209783629,22.942534168630626,52.04610140515193,282.9630298382456,4356.358235284009
Wheat,71.36748615236581,22.137384095640687,33.09616897120317,164.13294524456998,2869.704692344493
Cotton,100.06157193688446,57.50201349629354,29.854464033389267,264.005564453085,3764.6074577377435
Wheat,50.03890374393205,41.195025020728245,34.20788207576713,101.8950262523393,2044.775077156291
Rice,101.82171357320632,44.59612058267744,50.15177760209933,100.72934055693526,3714.440957184468
Rice,58.95466599253189,39.296944063789155,36.27066714267221,251.94233206779347,3104.3410872525324
Maize,94.19145039110983,23.74629810429898,76.85615009646332,252.28951642542424,4307.308721887823
Rice,85.26252438727971,50.72357513674666,47.83191328573085,257.7954375704587,3873.284424342767
Cotton,114.33157737693499,49.88898580354348,23.527760992678225,286.00536757763246,4080.0265631701654
Rice,70.98580143802512,32.46813285971248,63.755984350198005,123.58126236405684,2847.01298110659
Rice,45.293215106755234,32.24956980913602,39.73071729253938,146.39699699673767,2089.5524186528846
Cotton,41.532438844100234,53.51365523622074,59.209335923494855,280.74498407476153,3244.1778510366034
Wheat,106.14868487782024,22.894290309653066,36.77566223139392,135.44723955447068,3280.6320582442054
Wheat,81.97885101291457,55.24420593426263,54.24462450399919,236.4458535153168,3991.126574652445
Cotton,102.01952414679594,30.266467595836577,66.32915028844788,206.09260000816306,3495.755717904086
Maize,58.75404800092117,43.71938991021976,75.68052450647323,116.63873537030145,2917.862462978183
Rice,67.6066996410587,57.439767160071106,35.66762866598462,157.05273238830657,2901.483814171351
Cotton,42.40830977690551,47.12490006146586,40.09141705993887,204.07444328819358,2588.031061522543
Rice,116.91938596592897,36.57719249868146,47.85598521715638,270.4700233367668,4407.556381009566
Maize,93.42943253606506,47.58136835621661,75.63049026415933,241.50769792293474,4078.9366300077345
Rice,114.6564070207445,33.759185452654805,74.08321140863943,224.3766322909866,4677.1753260582545
Cotton,61.23971259432579,31.090336653967444,25.39269680603828,199.20657798828296,3022.3741936100364
Rice,88.91708889805287,59.86733111738719,27.91578954522865,159.73679676282686,3692.214526325528
Wheat,94.27999746341102,50.03160924719151,49.7305506398383,123.84898226385224,3290.242134152765
Maize,65.40397602060708,45.78879909527271,26.397156368325412,181.8152069132191,2659.1600470337185
Maize,107.8487388012504,34.21158572877275,40.73485240092185,105.70369878225851,3308.1908274353204
Maize,115.77291703201982,21.966433166201927,28.903122693048658,142.21117785337012,3310.0097291965503
Cotton,110.78840941568035,21.242275041406224,58.16242130791315,186.49667517453196,3611.0004683250713
Maize,99.1253580751498,42.16725021795195,76.9697259043497,183.721037134383,3684.6322810167917
Wheat,62.19717437799632,50.48130884156204,79.80402621766288,108.85908619939848,3057.2810457592814
Cotton,62.529283368450535,41.495167617754205,42.514467949814886,217.81203070505825,3036.656582505482
Wheat,117.06882563568303,53.63140287756458,55.94075822687674,209.93685117064723,4531.994293354578
Rice,40.82275967485536,21.337061323728864,71.37605921144487,115.62086080418257,2448.995819047874
Rice,97.28399785937157,34.6700830570376,27.04772436778304,288.63261049208785,4155.993205647088
Rice,96.49969300442098,29.482815646967122,61.3738646631179,119.87655579017202,2989.0857994552125
Rice,89.81516327598379,37.89091872628488,44.530619703504094,270.9668302474672,3971.768888878912
Wheat,119.20870768694927,22.8950557277649,32.36876961680984,100.06194638300119,3062.6284086229516
Cotton,64.95035486109802,58.1652656628429,44.16521712484652,276.4562190090766,3385.9192890449563
Cotton,67.19774910345986,28.930216042774436,24.55761721789501,103.9439464408625,2214.8674215216556
Maize,46.31515223572444,56.89231101934339,61.724428915358345,251.5624063784232,3658.6130385545143
Wheat,75.423850923499,37.03572620146727,35.16456012490718,172.33816226005058,2922.3148551972927
Rice,60.88388209878785,59.42096533020872,38.684338702692685,247.64336002726398,3825.385313893711
Wheat,67.47093617421154,42.162335338408425,27.264877894487764,180.3490410849957,3032.0384884466484
Maize,106.76574322045022,57.233314567032295,71.8795468333935,114.18158446636835,3799.7639236931236
Maize,114.83876108219965,20.213959547768916,49.60665675696431,253.5013390790728,4363.25058424443
Wheat,54.85864576041485,49.929552247236,54.32881266718402,114.25053706427299,2812.5002556760755
Wheat,69.80071452427727,56.122026124100614,54.16596098569128,284.42408719224363,3660.5173736326533
Wheat,114.29044496923153,25.588822679158163,44.6295868724805,110.19480715833228,3826.2644450076614
Cotton,44.944676855137814,23.845034069286058,31.551794926288366,195.8650555543031,2454.857525029932
Rice,47.38884224891028,36.982904287438224,64.707964909904,244.60688617015913,3171.607139875852
Wheat,53.023279136498346,57.34715624531741,27.62337592146046,178.64929295840756,2598.181955931017
Wheat,87.61702673014997,41.69546240761755,26.23242741672863,143.44669491848694,3351.894345695766
Wheat,52.037781680479796,41.09825854886928,62.608702255790206,251.81819227920542,3444.3560136293236
Maize,117.44611051605868,25.645044731972874,32.53022122711903,256.8589409577453,4188.676988206458
Maize,75.73716218068162,20.03158044372875,38.40636508116994,284.53899679087345,3283.5236834616385
Cotton,80.12143682801332,52.40560362981845,48.51364802010441,175.23302208621556,3640.8798400716996
Rice,59.73268926443252,23.502982519449528,46.961079003772774,201.25034689946537,3061.0401199209346
Cotton,77.67682019477868,45.35399274941296,62.514747503899954,172.6256885692144,3263.512034688763
Rice,92.95309061096091,56.58465818060766,57.40590760660166,151.41636437027364,3329.0648921617253
Maize,100.09417095632342,28.346076526337242,58.663769736911945,250.2065923075217,4124.861919271328
Maize,100.30944661679304,46.61091344947643,62.84325983932744,167.9303690033911,3439.648706504787
Maize,86.23128901552707,23.14794306830038,37.55676364540792,185.62988839847043,3171.659542004968
Cotton,112.34878199950857,44.15020575350452,39.33999870802842,180.73473152480557,3737.3429135406936
Wheat,105.39262778448875,26.55726883812811,46.279864873733246,242.53224512934918,4195.880703259643
Wheat,100.56384917589003,49.43814242060712,38.447730382011564,283.55912522213595,4107.4689514523
Maize,44.44844173443685,32.049251791756326,79.0962721382518,233.35121226147547,3419.1999984117856
Wheat,40.55023697757194,38.53564035218585,68.84311558528577,194.3165192188465,2723.793340678859
Wheat,56.995782175637835,43.977221681104865,29.879281295361775,255.84102294777668,3381.6464182921436
Cotton,93.08188751307618,26.850936426649582,20.33564935291217,228.1942648244275,3857.098415965633
Rice,72.89579911060366,49.665512744704834,22.56699609483607,112.1220714235627,2427.3790704019375
Maize,72.19250074394495,32.105613625472586,34.64380706257552,119.13271728376833,2699.842964374004
Maize,110.7669510583691,46.49487439651014,26.857477150211395,107.58338881472666,4045.4309313620292
Cotton,111.6450278505471,26.331322027974945,52.000286893554325,191.36326524126397,3819.0527675131407
Cotton,112.73402112428685,47.52470636825401,71.47971336364151,265.17068686779294,4655.606492189004
Wheat,65.11024612120218,25.12752291241847,64.20501325479364,162.61663387027042,3125.7727438677043
Maize,95.28446501914094,37.01425985079935,32.93654378493142,176.83203661849632,3383.0873255196134
Rice,61.73065450194957,29.88824294955507,43.95795536154715,281.89542167357814,2892.0608597704777
Cotton,55.24878664595598,49.9350099771273,50.473652571876656,267.380689063331,3718.4100940978915
Rice,54.77059658778954,30.48140018027498,68.61235097020014,233.009622476512,2702.0820593617746
Rice,67.36860966908752,55.26869225581585,70.34729618636989,153.36075641845025,3241.9381122847303
Maize,74.39660958238574,55.67280845626451,74.58309871446656,123.4082965376887,3671.9415810803885
Maize,106.47593368440548,27.857652608911433,50.55471503017251,103.21176453602274,3183.329003447378
Cotton,49.59128747781697,44.55383780030897,61.65648478615178,121.40213452088418,2477.440625554251
Maize,98.79406779159154,23.508705668798573,26.70802227403623,158.51928872478857,3339.890330930176
Maize,82.51639313514443,35.66148398406517,53.91733759723893,210.35801271589912,3291.41762708467
Maize,63.0356274140794,48.532869180050895,34.92150856826811,112.80001655047738,2324.6944621511193
Rice,79.42556676262598,46.37692987399665,45.90301310159667,127.2455556636898,3150.0697664229638
Cotton,63.99536558216181,44.98802677626432,58.04303049840316,136.21614046158822,2907.55308448291
Wheat,87.68655641906449,31.301634546497745,35.41915627122687,226.39641859666125,3129.2330072494983
Rice,74.70751382841954,35.12099797737608,23.131103467805666,223.1579597960249,3272.5261932969634
Maize,53.1524423263103,24.117845788011447,20.61403138452545,210.15314527443059,2619.186052941439
Rice,49.326645964455736,48.760912817344035,21.32957213267129,150.10028493918793,2346.8689730395763
Maize,83.7356545657704,40.15555187165094,20.50098425082618,174.2239382437464,2992.404936839436
Maize,112.19304266288827,48.350625293826184,26.62130339347253,119.33794326754861,3580.1832072326606
Rice,67.51661492461484,29.95774099187491,34.369322874207796,145.29212075161098,2942.5361479837156
Cotton,98.64000857780985,32.97752914540265,33.273290850937954,279.5410452945161,3830.990336600038
Maize,92.69290839518135,33.368613490404584,79.2077956507938,295.9383492871657,4504.337539193921
Cotton,114.52439314475848,21.02969638988865,38.3603663125366,229.53191712805895,3986.3587363211273
Wheat,105.67848138393127,33.64191491322494,27.645247001563945,283.36465840468406,4219.0182290857665
Maize,85.32842071243704,52.13218294072134,52.733752650065476,228.54838008028503,3841.404494700469
Cotton,92.56243985872858,55.89193982998954,71.4774473238505,106.63929722109398,3356.7167762443737
Cotton,111.87091732672279,40.7287326254371,60.68362260726051,299.3525169972818,4490.395326145277
Wheat,71.96150276695478,38.22006780876881,37.76492534812702,119.79046033730698,2816.262785123629
Cotton,66.14357646862219,21.23298474797481,53.696969587487295,236.52836028901214,3619.607785326229
Cotton,40.86488669081571,55.168173503415304,62.89135845202455,150.567240614958,2658.3309242716323
Wheat,106.12408593531714,20.52040853703491,63.68626954206454,178.396222581392,3886.519118489583
Maize,104.07845603226919,57.79000320840847,59.99230731786133,229.18683696018763,4230.735392392108
Cotton,48.35636144801211,39.568649947523625,72.24862548653708,187.2974698615414,3031.829098579113
Cotton,86.14859049061602,33.67737974298906,72.20632750064627,150.10921178622564,3806.261707000446
Cotton,77.11853585335099,56.968737393706405,54.7361935644202,166.88923737566495,3644.6397619624295
Rice,49.49672764072892,20.97563972440387,45.79138214667274,168.30962338463524,2131.7858944306313
Wheat,118.44545816485788,43.25699579476348,58.49421773390599,291.86478090164275,4552.24952239898
Rice,57.17567099706844,41.9573009799735,69.09272008222779,259.72260318469023,3836.2452425629826
Wheat,45.37873440724489,28.772816048455283,20.339126290471082,191.70975429588003,2359.5005569531063
Maize,87.58779036015277,37.155497254008424,79.51982054089106,139.96418406827283,3230.25528937716
Maize,99.10933417064261,46.09056023775081,30.973626339751952,262.2032220525312,3753.0690003413215
Cotton,42.59547568377496,49.085247875277105,48.21493913959857,131.4364943216747,2670.9467804934266
Wheat,92.69741109816178,20.02867434826319,72.32178409057201,142.09244342840068,3591.180120298201
Maize,82.58335007611635,57.47413720364061,33.50242394265196,173.20267836803023,3381.691404450996
Wheat,48.26120071000388,26.581014895712496,48.60771343402299,276.069639170398,3672.927571954865
Maize,53.80191015570897,29.34321736889437,27.95493081087075,126.35733372682205,2437.927058836221
Rice,85.43794378528645,30.53893782775393,43.70457952329156,124.44683857090521,2902.75996274742
Maize,63.708609081063074,21.512805462081413,30.62812728758015,198.7949976610532,2501.238378160344
Rice,115.06525829210528,24.922084943612997,41.817664926269416,155.28210821873495,3321.105782777859
Maize,105.49921835872406,59.45399691776648,42.40785300756332,213.74558832963197,4189.095695314117
Cotton,118.68537652109305,32.60866949509144,79.59024737589996,190.3273369366447,4152.985708534643
Rice,60.77366711603312,24.612043613561973,79.68878175822633,186.99182127024335,3539.5533938806757
Maize,117.57789062383816,24.27965044698493,26.887176719636745,122.39459409739865,3655.1805250057314
Cotton,74.49870958332463,48.778398706798875,63.55812675970083,128.20993804996803,3361.215151702585
Rice,67.80150362510037,54.182746561305635,23.10472878014607,264.21571548937004,3127.9968459965617
Cotton,44.02796215754826,30.278091980338793,21.811520920231317,277.17654751434884,2591.7836512358904
Wheat,44.22122062876821,20.8363804934094,26.32003365469786,146.93670657705005,2357.8217881062446
Wheat,95.36090047573238,28.923600737814233,77.92913942047605,122.69210030495381,3315.564763197707
Rice,76.63431955472223,22.260627631870292,76.45181287368185,110.68333438690212,3245.0155177186534
Maize,58.121730082888455,24.135797465201662,31.635669216840828,221.65952274837937,2879.1259977434074
Rice,89.11762450601861,37.260324793905696,29.700340133222692,243.07064250004112,3576.527223670933
Cotton,60.228649460008896,29.196734834465303,34.43210519095682,174.56199784064108,2475.8993461726573
Maize,86.2105403475538,40.637835141016936,50.93281964450853,235.9351734981279,3704.8868510027087
Wheat,68.73669975861523,30.139750130287617,54.18227792212459,242.5917631119052,3401.1311807180223
Maize,105.88417812894552,57.62149204411791,33.29560582636684,287.06845627938105,4623.806175086289
Wheat,105.65569286134235,56.23775871705058,65.39736728539671,112.97472756702145,3574.0689866394055
Maize,78.18803184979211,42.67224420041864,38.573190164159044,138.45834464621595,2931.770917942423
Maize,68.06552874680125,34.17695967949545,75.32787953176462,113.70519751939763,2968.313599494073
Maize,69.00478372472756,35.245875281389424,59.40336238740384,273.5987866672221,3792.7337570534596
Cotton,104.45716205345744,36.47409132577988,46.1810716582167,258.5174320067137,3845.199805106634
Cotton,66.25435862380897,49.10317288539776,67.39472010217072,214.9284141243678,3201.263353275077
Rice,56.72474989654768,38.06555982075352,69.07487756279988,116.73268201023663,2920.735689593595
Rice,46.77506735002454,54.2691978602359,37.42889633653662,154.66247173074393,2261.2956299056823
Wheat,77.33544967075267,57.76379143721458,40.38287263016506,159.54396961170337,3607.997094370832
Cotton,78.57056791358735,33.43784613515736,76.1573092237162,212.1486392030834,3598.859139948313
Wheat,107.27269683223257,42.427779255027204,29.884462301796315,151.6087788073431,3110.04764052658
Rice,57.69909571568512,23.80226147330258,22.529025017776053,114.59197278259097,2002.355919801805
Wheat,70.47930189347198,28.01876191065436,47.243319356572954,246.15246037065987,3402.828980696686
Rice,104.67245911149527,36.538630668406405,68.07259401461774,159.81604233108226,3669.1987119406367
Cotton,105.88988885991787,28.248108636071155,66.30008637864475,190.47483540466013,3865.3777811272103
Maize,70.76888607830145,55.0624196315487,75.17183773476995,125.53332699646107,3498.993588744337
Cotton,76.72992186293448,26.33145024236392,51.99203986214241,260.5096606789159,3469.037114610287
Wheat,64.26287126794264,38.22643286212368,26.003880293991998,213.1063753848115,2706.755137915896
Wheat,114.60439027354496,44.22796961839502,55.321338460160966,280.3171252419726,4473.667671813062
Cotton,49.49150125932643,47.67455632643377,66.7037368611927,199.09431261306668,3479.1606643771565
Cotton,114.6999538401176,35.32277478906027,25.599687216189583,288.28513436357593,4607.161096903911
Rice,94.70931614682746,54.763962748989144,30.359444065855385,278.3736408762652,3552.416345185075
Wheat,82.5257722149385,42.732766043117024,20.737439669340255,215.29197129184678,3554.8483228368027
Wheat,42.61272486275967,37.58031121790207,55.61915476680862,286.77868762997264,3270.6146969712872
Cotton,78.04769534576067,22.689625362081465,73.20406351675427,164.61774945891045,3463.2590728108025
Maize,72.61984840021859,38.5875787378066,60.23979896012597,173.12843254084225,3100.6263032961774
Wheat,52.897504958009804,52.82943363262921,78.92240525545893,109.09559026120739,2478.7444193209813
Maize,92.51276828005255,44.58164072885262,23.782019149985693,217.84018135277063,3673.352813212753
Cotton,117.69207258946287,53.286498149164736,74.18006510908978,244.38479398578667,4486.375590099459
Cotton,84.97510488516201,39.76046682397222,68.84409724320085,254.70383804842064,3621.564544623481
Rice,97.18026211551566,24.738468203779274,38.85449122997029,129.96325720922067,2754.867189252073
Wheat,45.476036205281346,20.54559383343524,78.41159311023512,188.83181446250006,2943.6192267149722
Maize,73.41335966535958,32.128781868743644,37.27626489028491,135.37264241878313,2791.47483390546
Rice,49.30867881315967,47.9196188599117,73.3582834296931,232.42546977084976,3553.9183335756625
Wheat,89.02366684292083,51.61039615766775,72.84491462445136,131.5892744843536,3775.415089354961
Rice,115.07857265713237,31.830113384813178,65.45945699617835,280.832736791215,4406.900531218058
Cotton,92.94221859773108,39.82615683532988,53.80822842877111,146.12692913228267,3401.972353262878
Wheat,46.144243865153726,36.844756177363266,27.200164977013284,158.28045325764896,2208.2779975638696
Rice,68.37329639880663,36.42091137405711,51.9183040697899,270.1812644301999,3485.2776912997306
Rice,84.05307035526812,29.25394852800602,41.40777533929607,191.69352202914476,2994.7343277743166
Maize,72.25662049066017,25.454844201178336,67.5330219893211,104.7991891600146,2903.0245384078908
Rice,106.69152083801379,27.867542329248526,65.4877523898107,198.91725024052914,4173.101845381422
Wheat,105.17368037679914,22.213295486533845,74.63675044235632,116.90866707602461,3286.4433749692303
Wheat,88.94648160825771,27.925229672943082,20.889809745902472,297.0689437374621,3950.699652520627
Maize,69.87663561061642,20.368035905015176,68.54619300938276,217.62231409112047,3304.1497465201933
Wheat,60.42690990105953,45.09033602543913,76.30772318748012,151.30652352219568,3208.648004111574
Cotton,48.46994545705034,32.655016295507316,67.358026946489,212.74353590952356,2576.7597828836224
Wheat,68.39181467892432,58.925788457076344,27.811667592222,115.37342067635097,2341.3303276180955
Wheat,73.05380137661757,27.748682031051914,24.876746290453262,259.9782608537634,3232.640467020009
Rice,94.06583400832588,33.833142812383755,21.25071438846205,285.06561077283277,3934.450954805257
Rice,92.65278594380588,34.313646345661326,57.72471354968426,274.88887764123194,3863.3603159282056
Wheat,45.60865117130056,20.33805984249842,57.780359111593235,168.35152045971256,2902.0971077536583
Maize,71.62074523449263,53.56831812157836,79.21482285309273,165.1536239286737,3733.6435734176825
Rice,54.54230937738895,21.279778405772987,43.88259044624574,107.01752224326,1983.9471124140382
Maize,52.54501642534446,57.60719338916965,39.91437709384981,230.28007174018336,3195.352912729028
Wheat,106.18417197897968,55.68297404374483,57.46549563106355,206.98095683795898,4808.302808077856
Wheat,43.353217337300606,41.42087664343855,69.53652035045565,191.86927426546828,2621.479005924645
Cotton,73.5346300721697,41.743822996451684,76.20643697138011,281.5261906669414,4126.312025033759
Rice,53.45629246132145,46.15111691824625,68.1874499707423,133.57578021656926,2785.093929932175
Wheat,110.34641725427792,35.48200047739548,45.600438836948285,101.93325333803647,3554.414244095042
Cotton,84.56324106200282,45.888891335914224,58.09485411872385,114.66329042415309,3543.8884400346215
Rice,58.51045091014784,21.790735547539477,71.37795960296702,144.67428756547378,2655.268704632332
Wheat,80.19418297331012,22.161905093989063,49.43658129870437,106.65710985269139,3016.8175848247447
Wheat,98.51890877624926,38.28921678478177,33.001198622323564,200.5687421286271,4120.967504824229
Rice,116.6494407135547,41.9848920442414,30.183406384872377,162.8180910467156,3736.0018407932416
Rice,57.63568033963352,55.51270561343276,20.009464674683404,136.09660161362655,2780.39454016311
Rice,110.89454177034762,24.18642535631585,63.09427969887706,250.01681498973244,4019.755535528661
Wheat,114.74432913339922,52.905917087755576,26.66583253075943,140.890265246506,3676.1934082521807
Wheat,113.3136435625653,28.401893491682785,34.63034598175643,237.52102019875863,3870.2080936606653
Cotton,90.83314854895278,35.76334594040127,37.8725798913676,169.85298116952777,3491.3815113419287
Maize,90.38565235477662,32.66409739309651,53.6227916082061,202.3655521325109,3868.1355717869837
Rice,72.25685065470583,36.00621091461596,43.87743663774616,286.773407970264,3577.925536709513
Wheat,100.19183058430303,26.019819922903423,60.480439521389705,107.47032696316256,3641.2525310552364
Wheat,82.50352146807455,40.1428029761422,23.338319559722162,200.0529014954924,3582.9365856041395
Rice,94.19504569826356,52.06570359325469,27.436351655866368,270.88459206552363,4160.799178369058
Maize,74.27663230790364,37.661360415155876,49.952690211996,217.5948496740697,3247.410224084012
Rice,98.51971712345113,39.624543035927964,40.21788727080979,155.37410339303133,3274.941610141535
Maize,105.95772140836392,53.95070341125257,37.74880176508158,179.53622702900685,3626.721240408922
Wheat,51.714900528225286,48.24232458552123,24.021684742251363,236.0531257457149,3167.5500982449385
Maize,106.63437724593824,39.61817634079139,73.74315048488009,278.16237886276065,4220.138253806648
Cotton,83.22372254322458,30.307825927567187,61.50911516750305,108.21327474932232,3187.0878558582426
Wheat,107.57327272721794,55.397069873798664,27.297089409178962,114.30776437807529,3175.3161266016446
Cotton,74.50413650728117,43.08081606762234,23.902757464228436,165.01030472191752,3128.009878154894
Rice,70.3232388306428,28.845904404427735,78.49235200587458,146.5559368874958,3133.977251983568
Rice,113.2048586013778,30.764790105520415,60.87035302637029,152.9861772444812,4113.9089930421105
Rice,60.0935414038721,52.12532355744984,45.047364265624495,144.2539997251762,3164.2949138215395
Maize,107.53698602289145,21.76582248349822,62.10386244534709,139.16500977103155,3872.4856445231812
Wheat,78.72164580075233,59.6836874811528,65.37990718880954,126.12479337385835,3782.8215925170407
Rice,81.12763540410077,25.21406718859167,66.79773214332675,286.7908263590476,3900.705405262469
Rice,64.67746251915872,51.84274101587749,48.67263833918346,128.8378927812306,2627.524798227223
Wheat,85.84337604952125,35.79101267086732,45.792965487490875,140.88075495310724,2873.875586832891
Rice,66.0168957020969,39.68864733149867,20.66168505613402,149.25314479615713,2095.73833282887
Cotton,43.14155313933219,55.22602309858311,75.59342690851028,286.6029746260841,3357.292917549477
Wheat,61.75988842754848,36.51644758356853,56.198472703336584,251.14282672021696,3384.7801377593078
Wheat,40.510323472527254,41.49975014692938,32.189236231398084,257.9398860631029,2698.861071691848
Wheat,118.26838296454854,21.971986496366796,75.1762051652862,120.95165190769961,3703.9811414071723
Cotton,117.2597767855798,20.093898954698126,74.89591410621779,267.26197500313435,4560.250640540014
Wheat,71.6124237977844,29.791994920069037,79.35104986196575,181.6386163634836,3272.2148333215837
Cotton,98.26966834717169,47.22332371675069,72.44339378833874,152.56460524247774,3542.333678842729
Wheat,67.664487872834,24.85059573436547,79.86706326920388,215.15001670406212,3377.2802298448887
Maize,93.68745256687808,24.550478352181976,34.68117128739635,264.4365811633468,3425.351883427475
Rice,104.43440344367832,36.43842432143613,70.53497511195405,255.73043021498188,4233.385631793127
Maize,115.74049957537926,45.91348154432906,69.38169852774587,277.99949651622643,5053.799479853117
Rice,72.01698206797376,48.48287968991722,33.856421553244026,285.6264372030888,3577.170309026375
Cotton,102.66383863648382,27.13802696393499,25.906252940059446,147.6244142855499,3613.5294081892084
Maize,61.274276050569505,23.183525894881697,78.76523082065597,184.77157883385433,3450.5584787591556
Wheat,119.22658430349186,57.61588135782177,37.761473091236624,102.925707841014,3584.88603672939
Rice,42.061567901148095,30.42665530248407,72.25350742806836,275.864331853012,2946.3038777922743
Rice,88.28230452008967,54.13385990434895,20.247629280476232,130.91443029495352,3082.5977040132825
Maize,92.76047853210616,54.53965801851273,21.261488433176133,272.29496246853887,4186.586147323742
Cotton,95.04364456593031,50.900903670501776,47.952278521782105,165.87746439731927,3507.958826880012
Maize,49.63100630312712,26.753344266102804,34.322881036103816,173.62671799622763,2652.783219557233
Cotton,115.08238267785043,52.87205837016801,61.39047700615786,107.82645089677187,4161.094610472785
Cotton,54.494662324006626,50.770022369663465,53.93385953407726,165.37575795306392,2762.8551627835213
Rice,89.82027225918728,43.86891960424869,24.649147847029486,277.6727365602528,3609.0343251157674
Maize,57.814086329846795,33.48808140675811,29.757697778943026,105.10948022432083,2443.800417761126
Maize,64.57731336170167,30.500344170661762,43.28295620350485,181.26549460934507,2905.514693050738
Cotton,83.71668333824995,24.87556848321436,31.136243837325992,106.27992596254823,2476.6538084371527
Maize,73.37547348516611,40.39028267603486,67.53334083463571,174.18468502181298,3263.653636270934
Wheat,52.818048078120505,43.41043502039386,44.964214133196805,134.52812815605824,2576.3029795813
Wheat,53.674912193667865,34.37355962063149,25.605912010549957,150.4436786536744,1995.695042068606
Maize,73.45158305302397,39.01436270723474,49.06057413632749,275.5196746322838,3849.915738586616
Maize,100.58263826204006,34.54057829477067,25.45029086368485,187.2098441243782,3295.853510277911
Cotton,111.83717174782308,45.64024229282805,27.73623832518903,154.75959828038242,2915.9833176790294
Wheat,46.73021298075063,56.050368311862535,34.376589921692315,217.86767559010957,2940.8847884859697
Wheat,71.44831260475209,26.556810481877797,71.57166231484939,128.42139196651647,2777.182120925771
Rice,48.01964509783013,35.25635239612494,75.47675193997831,151.87832148417118,3223.79451541075
Cotton,41.32739845060783,25.63474415803445,69.57546375992415,209.24959352057772,2647.151451979493
Rice,92.93749461151653,44.99775081631328,40.04463304507084,147.50460836961378,3076.4064442071817
Wheat,88.19595535732702,49.154820379543835,36.3467864665299,235.82554748017466,3846.963810543089
Cotton,53.0415291051909,57.27650930389824,52.94934144741435,198.29826045190453,2997.9385102719853
Maize,58.70502664744513,31.154877050438596,63.31118963198674,254.39781405093817,3140.7859205207756
Cotton,41.89662029156147,58.008448234617205,79.6023672896105,289.6489071444937,3821.884098388188
Maize,106.7957764555523,22.53050687282699,27.894242712735572,123.16097786948154,2827.3205481762366
Maize,117.97524768388412,44.120554534583526,22.957519941428266,166.93300199690896,3352.922907573881
Cotton,50.836762943575266,22.2853087737332,61.66135333971626,163.90981257568131,3050.1475350683068
Maize,58.51801710122385,55.75096751047779,69.93354701023434,130.23658386745086,3217.728991787522
Rice,109.47276191575472,41.192362282802165,70.7809267919854,262.0606274666942,4416.878145881945
Wheat,114.11710383649479,46.77393403051184,60.70781294462964,251.975740807758,4481.48260848265
Maize,73.57019062454484,53.2629570364181,77.24094824715122,196.8850941668798,3846.719958513774
Rice,44.04979778152593,26.01242489935875,50.66028581267521,207.55415555892193,2892.753457184489
Maize,43.15134669542555,21.543662477525352,74.82888790017276,111.90882760049925,2154.087384423435
Wheat,85.91598928552084,55.155245836514084,78.06872821949139,211.10147046540914,4136.082023190925
Rice,71.43160871145432,32.5973290983573,70.82944742018645,258.2683048039273,3549.896860155407
Wheat,42.29219420621236,25.159156317086612,38.58551379551724,214.76551471677143,2475.606771927735
Wheat,86.66019138500454,38.738449483483464,31.772939070217717,153.0612740240838,3147.9538164207056
Rice,40.9042029271218,43.932243027840755,52.88720389890911,233.50965446686743,2958.2132370825416
Rice,102.98975665194183,21.238824136900405,47.18088502281131,172.29768599304953,3625.8705141467613
Rice,64.51462581626973,30.99582633028351,72.66550053156398,208.97465685714704,3426.513110036531
Cotton,43.22064024073857,21.31199497107584,26.001900264029224,197.51307265578495,1904.2575275623772
Rice,87.06817767865226,36.81341556781996,35.46440367869111,176.235000193036,2905.3514210153107
Rice,71.81475315464438,55.80400116264977,65.10793667112252,243.77559607882702,3739.841746650933
Rice,117.90403306857196,59.30609645974277,25.699198698638728,276.7752223971763,4931.970167333933
Rice,83.53589300029617,45.4819021401451,39.24586484130201,101.042503695385,2734.2021084516164
Maize,62.019134482960666,26.465507751383672,43.229323643238985,286.72330384607346,3247.784591969465
Cotton,96.75510917071799,56.23397559997223,57.3556277937614,202.30302721664498,3867.3845795542993
Wheat,61.719360203416905,40.64991292800242,29.487958743161876,240.14637607265303,2955.847810570397
Rice,112.3394633126052,26.149972484116724,71.63626942098257,271.1249132351754,4452.4572057982605
Maize,69.97775764059011,56.869066778066454,46.852534127976455,193.420738462854,3727.8517915103666
Maize,83.98948502209642,50.298762028924116,75.02130271283339,266.99481467297807,4314.575075208197
Maize,44.04584830593831,49.268210908926065,48.072194818035896,135.52396389104044,2341.5028276927906
Wheat,74.08969903617846,48.36722815177619,36.502415536444005,131.8335068959629,3626.5203880175827
Rice,106.5890831728796,28.013592843857694,28.50972972126049,231.4942737712307,3716.978582547165
Cotton,104.45190442906735,28.440267668301043,20.22470568267709,274.02860111034744,3649.502315025805
Cotton,57.9454847082821,47.5317199370902,51.929449099090135,278.4852355072079,3878.1441261904984
Maize,58.086325680845015,28.788910004415875,26.429401815615407,228.7480916754493,2681.7876043556466
Wheat,105.38442497705894,37.54686787212195,43.5036658178707,205.09784604186348,4223.73636618741
Wheat,114.43187361354605,51.28007302375765,55.356305674225204,166.27861753930324,3842.4300480260217
Wheat,47.628873701840284,51.35810072391364,36.541153814162016,296.0000831198663,3676.536486291383
Cotton,76.00469115409803,38.130470901034386,30.513457541966915,163.9391373332501,3000.74226974252
Maize,66.99634231713831,51.6875975310098,66.4832973565605,248.83722144631864,4057.9674710534136
Rice,109.65507643659515,53.54487184792227,76.80747033689724,206.39635998100016,4891.827768483139
Cotton,46.6819931744015,46.19103005137041,26.02642507171796,221.70246850506933,2480.1930083678844
Maize,56.89007540464299,29.137034092336805,29.33541946310047,178.69611011772525,2879.443466800827
Maize,100.19746700691954,30.9604712154219,77.60075943516313,292.96462509444956,4063.6848044271424
Rice,44.10350791849724,32.59364621634941,22.267053308734777,214.3364652198542,2217.5436675037054
Rice,79.40283045714314,24.67216430935808,78.65794019302834,287.557526091758,3748.8315873818374
Rice,75.36856277437761,30.926384814797807,20.278668985099326,101.51828323478283,2564.0380127857434
Wheat,66.7520943190999,28.380768972501286,72.42011933907989,214.5341166382242,3347.2326712294484
Rice,71.5657852255139,38.213149992344086,38.43951085926497,243.4373779450543,3306.5399112445916
Maize,82.39524695441864,56.337501914890595,76.31533149063779,249.01603423244362,4203.956773982409
Rice,52.90938867107065,24.17921267015832,39.01671731813513,280.99537635633624,3185.4860004075717
Maize,85.75967026268742,48.81071695789582,59.25837929204336,100.88032180075726,3393.450101132681
Cotton,104.4345863439989,47.49132017652511,24.8019541859562,100.06603185189529,3471.609806333103
Wheat,100.81287438321272,23.830167946534306,34.53978868722434,194.45269215904307,3873.263805115559
Cotton,52.311992375501895,56.902896196232,66.42076078875505,105.85874100107414,2812.61133689637
Cotton,51.93995757931791,42.73888808627278,51.72115122072918,294.9065107324749,3309.257718799933
Maize,61.453949419593066,34.54902084542737,75.67814370722269,144.4130349082784,3152.9899836077198
Cotton,68.88597810728298,50.26154333981226,45.72508450048126,194.53294587296892,2986.937996312343
Maize,72.67644651267861,30.294618336065362,72.18874194883539,112.22752600244472,2785.0604737336735
Rice,94.37577734666762,47.74039348185282,46.93732624869425,204.4096832342517,4012.9156292786492
Rice,44.534434573266836,21.588448302889887,78.75489672211911,175.9912250294817,2697.154200617655
Maize,42.77381633808531,53.57632150437088,77.5900628839326,108.93200577544475,2431.3570952650266
Rice,71.35284503551273,37.92683388085274,39.748202333364816,167.02485333924494,2599.628740898041
Wheat,95.77309537103844,45.46771657431767,73.15542022500819,178.28720404457113,3904.697707891893
Cotton,55.47482743651861,28.849512792267348,70.85668245293895,297.984298254988,3828.703497410875
Wheat,91.32035850050013,47.082948506337914,32.64082383965377,141.5771743838751,3525.192389783767
Cotton,60.786251035223955,50.889611035731065,57.45742404699618,208.95592307401995,3351.901832626075
Rice,110.8868887050813,38.92852747537595,24.36093893538889,297.4631098397257,4696.2586197225255
Wheat,111.65519554132932,44.70907696247177,70.2026432350077,258.40384158802703,4514.142992098685
Rice,63.78297634250612,38.25303695289594,30.472753010209793,298.67350017641775,3370.5831427346952
Cotton,58.39950031705924,55.76365477031382,24.248882083145872,293.6596629320338,2789.28302100771
Maize,72.9043177652985,39.91476722057277,44.01314573232867,197.90790841883086,3109.085188549383
Maize,59.242526814411896,53.67234836115276,54.61532831597861,239.27516997411317,3665.966554750723
Wheat,93.79070746333629,52.05408233080994,71.29501751358626,122.08862538823021,4027.2653586017123
Rice,106.08517476386284,36.42019285393426,78.45455153130419,188.2297650093604,3864.7111419397647
Rice,93.84737047289735,29.203379674299,46.36955075419182,261.8037084533395,3927.970356735618
Wheat,105.94803577994796,36.24328530239084,23.626815379116213,201.06706419542869,3845.307300516881
Maize,71.75937297659793,53.048695031008805,64.94693474155224,240.53980656344638,3783.2234724825976
Cotton,52.50535765670887,29.105301432775693,53.910395373436245,249.15026599685538,2508.3952243508993
Wheat,99.03607579180738,40.97745383430997,46.87348069066779,150.69382824857877,3558.405258307387
Cotton,68.8379604113243,52.2438699184299,38.55613272753138,275.13987458851307,3817.6280826580987
Maize,93.7016660183306,34.13909900513515,50.14391167061214,191.9644861818358,3320.7050002522583
Rice,61.65151535854125,45.6883854801079,40.320776267421856,142.03702072430875,2707.842135792203
Maize,46.49837078453381,29.825262961952582,65.42071206484161,273.0831763576888,2925.6228215697083
Wheat,119.40654363902107,24.371177814726398,52.63362178955846,183.56376122125073,3243.390056135846
Rice,52.49612063444794,51.77536900371425,72.61086644924671,250.06248767594394,3799.4068052837347
Wheat,119.07367951707849,23.958744936348275,52.612634878966524,209.60661444431858,4004.0534581043876
Wheat,118.18239460531578,30.855255803183383,34.2957448003958,176.37435044690008,4121.794121948589
Maize,103.50544831264317,54.2043768798976,71.06551293392867,261.97528300771387,4748.412684540748
Wheat,92.7538369665598,33.85877148314669,53.43314269580264,216.8939863289226,3606.1232413821144
Maize,86.22456402008677,58.92181398056644,32.41046228861367,178.11242048540635,3452.975480415426
Rice,109.28812363022678,59.18937339095439,57.410468597373324,121.91957406702541,4002.7056100369377
Maize,63.15516172955903,30.73104081814227,41.46300589654565,279.0890627533416,3557.36162787087
Rice,77.41449699879016,21.639128889995618,70.66433673752394,107.09391706833331,2975.911103060579
Maize,89.55119754932015,48.20253136821516,47.19798431879257,272.63746967361124,4301.9174101846975
Cotton,72.89523806955928,38.03946010593375,63.586481486445,171.9923049766311,3190.2469621022597
Cotton,74.19891632722144,24.030113758383052,25.73217245817423,227.8677527002812,2771.3164603773093
Wheat,66.42277340016676,48.300912759121715,43.76146077814077,284.43994476713704,3618.8328925392725
Maize,85.13854533476288,21.24699636447685,78.99448618834393,130.34132310077968,3280.405472470837
Maize,108.04596224120928,54.80786761968969,68.5076173686289,213.39009512776204,4054.164532418321
Rice,56.12227024050503,25.54610116453215,29.596448142015717,252.88657247403842,2542.9709010571705
Wheat,114.75464310027532,25.092475149869,36.6658429686353,251.51676654381149,4102.7821141271515
Maize,95.12701229985836,27.02689191874338,39.78894853138166,205.12638291990078,3358.541111493086
Wheat,105.86185701440242,58.410654339682665,59.02193362972674,224.9478919812916,4279.93984812366
Cotton,84.49525541040093,47.72677441015384,65.41968556937934,251.5053988265689,3915.4365737104945
Maize,102.36133611392508,52.05486141854547,64.97159652847458,268.20552755148236,4838.056215556157
Maize,41.296031787157375,35.90539942931012,50.59244337838417,252.36261937517276,3257.37118607901
Wheat,105.47043398236282,33.45250910019822,68.64923227028908,170.80098863624852,3531.056764259251
Maize,43.21110872682932,29.379360271326796,46.2246849654485,299.34528021154665,2956.1272277809558
Wheat,111.193070109029,39.22592113249635,27.432833917733713,186.90053874386086,3893.5184154415174
Maize,119.35701977909146,42.073149341366744,53.866510499228795,104.89294055178668,3866.918015147079
Rice,63.525396974142225,45.270993746110214,77.13808307606641,172.5233903170924,3310.342362251563
Wheat,56.82548450286349,30.28474015994778,67.57961908355068,125.55659091476865,2405.4546971392074
Maize,101.22906910864326,57.946163236119624,54.72203886153454,124.288523145675,3515.505195594348
Cotton,60.242107273620256,26.790339928285434,58.808339620945816,156.30700802137886,2646.2685544943697
Maize,109.24499065377628,58.626126990656495,75.83372162213436,110.67509883545216,4050.8846488342306
Cotton,48.22740737259814,20.59424490030015,45.700567666097626,237.7024376819126,3186.673925255217
Cotton,50.07641571034866,39.24502767267383,39.88364833655824,114.79777684038102,2173.4211237288173
Rice,118.33212440804925,33.33471352466251,78.63449390002694,140.65791108719122,3763.1204841882522
Wheat,93.90711186160037,37.96493655721003,71.80658801062,118.57994289882387,3429.726227588661
Maize,107.75097795431623,42.82658315923156,39.38261507711614,112.63354618060622,3668.3652278911777
Rice,65.94635018812144,37.42356632050836,47.82683584165537,153.55033310790833,2520.4163814982057
Maize,94.11869996164836,36.5938740120638,44.90468774046794,214.379793532074,4017.6174702382227
Cotton,87.53934618468777,49.308936616532264,28.945740720286036,292.9371112893683,3878.5505938435517
Wheat,88.25200960983577,47.43505100345858,77.46915942879554,275.1113308699213,4124.425033077766
Maize,94.60259676301773,53.330851281433915,44.25874587318553,275.186785089065,3761.2910195981663
Maize,86.02873385032788,29.99835924957982,72.51974495827449,135.21340720753153,3486.3921992764185
Cotton,74.32498954421328,44.38114039016254,31.361373660839902,152.98143869956402,2906.1516277736246
Maize,62.07381555044375,43.40779141571416,52.87224863823319,115.27866335906114,2786.014350762822
Maize,101.48650647305615,34.78951243490755,21.437683107456188,255.69366798303702,3511.873501470807
Cotton,58.101794400254896,39.442301676107235,65.85322903053851,113.96326029711238,2667.714502546066
Rice,95.38834449235313,32.55128573222915,54.854833894776704,211.33913416417064,3591.2043278290416
Cotton,58.66662581194613,25.67377590467941,57.53537500818516,149.57511446479015,2662.1656215324338
Rice,90.02641359635632,28.552048426509312,23.103252953279206,148.68912680574894,2770.19010782011
Wheat,99.76626137032231,24.220545856048044,32.66229981251692,298.14501104952103,3520.2420681393473
Rice,57.497111112523136,47.32278300760497,24.45985234121481,251.35596139570748,3786.3246628315133
Rice,44.795464068904664,46.429095724366064,37.33485894822871,267.38787165821003,2732.9043878716357
Wheat,50.47789943953393,58.02425486319491,57.64634046092906,214.39653706880253,3298.704089958888
Rice,88.47975738168203,49.18713654588965,53.97115905904251,274.2028574787498,3650.600192299116
Cotton,107.95571249805884,22.081833550245257,56.72898929680342,229.09810783327057,3421.7034005478954
Rice,43.59974569883395,55.36980695715817,52.95507628267366,289.23474095926906,3449.4141966510574
Wheat,98.7321007233317,54.50700651782903,36.38172774055156,156.26771720912734,3620.0096516271474
Cotton,67.30549167600417,37.732812830907946,34.67044984066551,219.063909156579,3421.6913960291163
Wheat,78.28226959356181,43.43452202111686,28.223581012194877,238.02626958737844,3502.548985250282
Wheat,114.30876398764525,59.043133298900756,70.94425249420952,178.58746100556135,4331.0025016478785
Maize,66.55772037886763,41.29217455392665,56.98876151247467,275.94159648081063,3405.7405979792857
Maize,77.22695471515888,56.212873135043594,31.190660750243588,295.9606326208309,4231.102450158361
Wheat,41.09459318085449,23.321550312407457,30.63256278927437,198.75389827453233,2551.869211782232
Wheat,46.52789760038707,27.642074748347312,72.3821360915682,178.12813096086782,2472.08670007005
Wheat,60.68732729078272,37.630197737652715,64.56385182579916,194.38758571129173,3171.0016429530306
Maize,42.22817926568595,43.39027233349219,59.56394479432228,270.5473491463863,3265.179746341032
Maize,90.51002608386008,52.649114074512006,44.41184645235799,229.09368510363353,3764.1433142939554
Rice,74.1118685441298,59.53048460572747,35.71853385671105,108.95447450361901,3143.2997815999706
Rice,83.85161621824176,35.554059858964656,78.76704578676942,208.43398208914297,3973.751463136381
Wheat,53.971774871706366,21.896625445603398,67.83437450136802,103.46002454819396,2382.2738963413285
Cotton,63.67456235492929,52.04686013181299,38.106753388176585,255.7070742006811,3360.0900374062403
Cotton,93.10595798821801,44.175228763312326,70.85388777670968,165.66245470849276,4117.600755924116
Maize,117.22421789043199,27.941714354728067,65.5359169168809,194.40149642346586,4305.91286866121
Maize,44.033341888176736,39.79313826485681,37.8248329926799,259.7356211815264,2965.1343464769902
Maize,111.23074566842129,49.692409821348974,45.59317125449838,109.2897634571523,3193.540609948503
Wheat,86.15049610489667,50.816471482745754,31.1572067234616,131.7083071183221,3216.620217083575
Cotton,85.1135653404499,39.984736479950485,26.66314666268656,179.59207528902297,3350.9737231889017
Rice,80.02228281662083,32.20858120515437,63.365721970381806,145.98503270911212,2501.8560413108135
Wheat,45.55152687233467,58.94970328153974,36.050711441231996,167.58028515501263,2788.6998253473907
Rice,47.19014813889285,46.53450443825972,69.20356194477522,299.634947578493,3493.8740804004715
Rice,88.07296045272689,36.32950077385195,79.73652269086557,265.08288751476215,4088.833391885386
Wheat,67.27668571484466,31.218528968186096,24.597188835778923,276.7803629920217,2988.6311556125047
Rice,113.38144532621445,49.24411932014249,48.38210750502202,287.41092671315505,4515.623833728655
Cotton,72.52724298875778,29.68733782375071,68.12375355864819,168.18717606283911,3531.909737628659
Rice,51.46251669621129,26.868399558947527,67.33705379247401,159.41539155929453,2607.5939662565074
Cotton,97.17750668016288,41.19335555848281,65.59982949985812,146.81249851441498,3874.969564213677
Cotton,63.46827371528079,31.599495705765676,40.939696118114654,266.02338226162453,3059.553943113609
Cotton,82.03762458847146,45.156205796944604,47.23119534110314,235.910372457037,3860.1045760160478
Maize,95.8266228404136,24.71754699496934,55.698101440488216,147.23439649657547,3315.056735860325
Rice,112.02112889616564,46.19764418269286,78.43643501439543,175.398765842091,4320.116436875025
Wheat,103.37529558413408,31.33186111990809,39.65283625630957,201.34235278655967,3641.7660944735767
Wheat,94.10888542981793,20.00971737738051,75.38863326301146,205.62801145475072,3876.5092442794594
Rice,94.37065459161148,25.077442306967054,36.16141509082965,277.7455457103429,3108.046690309183
Maize,115.67397152256692,57.34461511340376,79.34446792842228,176.11322658944326,4089.3213526340965
Maize,63.66592779972288,54.694185564614315,60.2158212096555,281.7048061001025,3917.269294269612
Cotton,40.08896753569499,29.344361281449473,47.810688821513054,188.27351206395792,1982.3236110807647
Rice,61.7563647518559,51.13487618181965,56.80342568381629,249.27453495847075,3406.994922433956
Rice,57.43131037013952,44.34286372695897,36.35187014241241,286.0508639970112,3346.065762536037
Wheat,92.94676680911985,58.83618845799478,36.450431450688,281.51514079265326,3944.1210481270164
Rice,90.69692798124233,34.94422638136236,26.81327263060963,111.39057345913623,2704.070663167044
Maize,87.4769106163779,47.25842450068685,26.843017862323926,141.14085899531398,3183.715508741252
Rice,41.2994754567563,22.541428896956745,40.86030448813468,195.38108510645503,2651.7199143436683
Wheat,98.3022443560518,35.84989387265624,65.7713286737823,186.31085799062146,3549.294356258036
Cotton,65.88243299883932,58.55270644752722,56.47827005588975,228.1783329674414,3450.4260876986964
Wheat,93.2044791205305,41.559234978004824,26.15507361986125,288.9418101650824,3699.83598759787
Wheat,84.52627428017226,31.515180133393784,71.13419149855466,122.48094225558977,2618.0567869380016
Cotton,67.41847403423257,24.810838525144273,56.08205761940398,190.3717330268481,3059.369783825575
Wheat,50.76610136832862,48.14113360726122,77.65133460708678,138.48220757742786,3194.0872483321796
Wheat,47.55351181283848,45.79424173718907,60.21112804467245,278.8215196795895,3655.8737941510044
Rice,106.52146664897788,34.95754854415098,30.51049182225086,292.9160371603306,3888.8704921253907
Rice,113.47180336652464,58.03765407463337,48.427001738469336,195.74033637807003,3888.991496638052
Cotton,91.98304374114397,20.888112519514014,58.90985585283225,120.80205954562814,3104.8623807291447
Rice,48.27472918883867,32.14895406527303,21.695882062998663,257.05893334453464,2964.304483176649
Rice,72.16217735105926,56.842779451983255,20.894615849288474,239.4282700984798,3425.8326668057452
Wheat,98.31513600841258,32.837417532777614,27.764180035914073,170.93416532206209,3368.3602444826493
Maize,102.38567072080545,30.090113354206814,35.09986610272824,277.4814947937927,4227.887300155285
Rice,49.45748978328709,41.368816397249894,45.77294741124054,295.1663779565414,3135.437836953603
Maize,40.002457507630595,52.952069996821514,49.246428425587304,211.57076982603908,2850.79468681702
Rice,96.9709636704484,24.12587043513444,28.281656536273807,213.14558226885848,3792.183645937015
Rice,68.52769407889645,57.72082838582945,60.403494746949846,159.50270102275556,3278.494105858959
Cotton,60.35850652946082,51.80291524724656,55.768283701792086,216.90120719666282,3033.4427320068457
Cotton,41.03179758316203,27.250010222062077,37.66784593046961,187.9284641049693,2214.5542349286306
Cotton,83.22395254091998,48.48031844792651,20.819593006117522,160.4382053856104,2855.636961295594
Maize,108.09205883407854,35.39834890550229,24.658874921197445,113.43703930478026,3273.501838040635
Wheat,116.61053170180703,36.09178712305275,43.50168653065036,150.541571941825,3495.8289902275937
Rice,85.25959604906313,51.331603697554655,29.238461069941035,139.5709299355329,3208.649796846178
Rice,81.15690621919154,58.51139231922929,42.60917636887825,208.4083969107898,3447.0784633837684
Rice,46.80451083913929,25.066234913887758,57.69095627062131,220.33400435271875,2291.0109639414095
Maize,83.90982412340799,36.825209475152775,52.834245672757014,221.7143448612033,3665.8484757022443
Cotton,70.39832631723158,39.237664323372144,33.87055298824365,177.63620020913584,3002.024296905472
Wheat,88.57082247068615,35.052472678199905,40.629349475525146,184.2459467370992,3471.8671589787073
Maize,71.09810783012374,34.527564948649,56.84187190691904,266.847685928128,3428.5070642445316
Cotton,59.22392987602934,22.09074670246386,71.65130168260691,195.24656270343246,2828.9794097014815
Maize,47.59722201827012,47.42154482250493,65.19280632433264,297.5546664274245,3665.876644199757
Wheat,65.19347556711166,37.448576684801814,53.204001610004894,187.92344600177296,3474.2776196672903
Cotton,47.73158674302018,27.79175210575707,41.73757989898917,229.9161889235678,2762.4183326277607
Maize,54.15175606591872,52.641340092082736,41.903076652508325,110.07259979867916,2681.9677298217953
Wheat,118.98689268636367,52.10242992606511,72.76503861586377,230.66798488376216,4567.58661693835
Rice,75.5282845525295,39.455665123555754,22.354614562432783,270.2852788830012,3022.0420129991126
Wheat,82.54974132040132,31.93802644591042,79.27895866521565,288.4915677066592,4346.256441092116
Rice,109.88948229897723,45.5237090318581,59.862524651093736,299.4641223279541,4847.3446076861355
Maize,119.64551203925502,31.52608543109612,60.86826194434343,156.4357291298466,4100.48701326621
Cotton,86.61715594757453,29.440317212948482,22.27987023828453,215.07401296514337,3165.0750212346807
Cotton,104.99790568353373,49.22058616105306,56.331756493476334,190.14359710642947,4143.90891163779
Maize,66.15528194693402,21.61300958883803,49.08668360542682,212.7634961150342,3228.275956087266
Cotton,64.45951659578328,23.790738841383757,26.346734413644022,131.49059143796933,2771.7201373861676
Cotton,72.21629767956482,20.27152696094359,36.675320646161545,271.2299145191883,3513.1859869829073
Rice,93.80058101389193,26.117727459017047,73.41886737281908,281.9137886689175,4161.536111089447
Maize,94.5753351404079,22.759600348418378,52.99930495195718,189.9323326225845,3128.062635484764
Wheat,65.21915477195606,59.832094711196746,44.804994510434526,156.08597231471538,3159.3243035254277
Rice,50.65679393093029,31.552398798163583,24.360929350448657,128.16668553060248,2239.0381464545344
Maize,90.59170051724068,25.97072050676989,62.84729164413834,236.75296495556088,3931.794440440335
Rice,50.26606897510116,29.639850319836718,62.171049403761955,162.44636792414704,3032.8827438790727
Wheat,86.2794006583464,57.44502286160539,56.84261641835381,281.9077139826777,4196.546592272232
Wheat,95.47377024450472,40.80640892097583,50.61575877323895,234.202494968974,4410.621631483333
Maize,96.04891971155612,34.59272385231428,46.02706413244236,229.13706503484815,3310.1274525243016
Wheat,100.27776885276774,54.93565831636877,55.59626557927954,211.88042317964818,4184.427978952687
Rice,109.82875372525316,35.799610821961295,34.003727103704406,109.15526788574512,3092.696409337855
Wheat,79.99671935718308,33.40034279830783,76.47554385065887,286.3844871371174,3560.6174362789643
Rice,98.4199351623657,28.291300901989423,55.32767175081377,225.587498659892,3741.825060479264
Rice,89.53381882926693,35.11187295637646,38.671546661262596,298.8123966766221,3549.43548979382
Wheat,54.93119518381461,32.66737424067704,46.980791053109435,207.47128095457742,2847.5773449925646
Maize,42.05517158955266,47.09215837192564,68.34108733261354,242.0221783812426,3224.313066331018
Cotton,62.7633108541547,31.583308186829086,29.696963643817845,111.24191157324444,2641.5538402551215
Wheat,75.44269650700954,43.08798985690245,37.57013734761563,226.34723536468218,3005.5656820175836
Rice,89.3684755542925,22.63568660127891,60.77048136419332,252.92992231807145,3979.7265158363457
Rice,107.99674644025643,27.651566267860574,38.92935238893344,255.70285897051147,3968.088162450783
Wheat,55.69965733649325,36.296210864453954,67.55010091168796,254.02233044605708,3640.97331217989
Maize,50.04398319187817,57.477970156347816,27.82720923064165,145.25652545873353,2487.1442651722828
Maize,117.0783957979462,35.09007942862782,65.76117022727651,295.0796955210452,4328.441110693695
Rice,48.64356475011257,46.56296484799336,24.101102891033975,299.0364241249878,2866.1580616592587
Rice,78.27928560857514,30.203488896855927,20.755556760049686,115.11917503232026,2231.668587061943
Maize,86.84509830346414,25.08134303892927,73.89341112992972,287.28928456235144,4159.021958270724
Cotton,83.30995367259506,22.341464003202006,54.880353015937914,157.88983886087385,3475.1599641625585
Wheat,46.88257256263546,32.21653994171005,41.10961382520869,237.85681635019296,2689.627123767206
Rice,44.56215312028955,26.306441071876318,33.95567821783102,167.62218414722642,2452.747576506616
Rice,48.43867419688286,26.960417920644968,57.01314699564897,293.55086467462434,2852.446429387337
Maize,86.847014709809,50.430372335478,50.54013101220429,120.3007716607071,3320.3962135222014
Wheat,83.54759101074569,20.63352283779497,79.49586653179911,199.54936339127522,3711.305048605611
Maize,58.69926336293954,42.31240502941738,78.99295919922474,185.60955838841494,2920.2817910010253
Wheat,91.02193134764732,35.178455223738595,58.10147396849658,165.20469045559696,3416.6035516605016
Wheat,105.60540016445195,40.261999996341885,46.57223036635343,229.1067981760297,4174.276782581312
Wheat,43.3263167877275,42.51320948858412,49.468458148079726,126.2111486843335,1682.3298791371994
Rice,79.85039548384339,32.53470777829113,60.948743974211716,243.3324836267394,3987.7367353499244
Cotton,95.14483296821523,31.804354407371413,26.09447265412288,296.11842476095745,3924.215940635109
Maize,60.184954165574965,49.336073973396225,39.70112442864309,260.911742893726,3556.113933345501
Cotton,64.62167242345193,54.851079524846284,24.516334460216232,272.0033505819091,3323.403335633307
Maize,89.0910322391507,27.703265298341115,24.401645571015173,171.9273486358005,2609.0503423826217
Wheat,111.83482347549895,23.904750421405957,31.750354513654024,164.97732129624376,3575.7897183128493
Rice,104.79395362423195,55.911832255681034,49.115195275593614,203.40967093802664,4044.7858783962893
Cotton,86.65041752796668,33.99581854589594,67.08645926976736,109.14532295245453,3192.277409372178
Rice,98.41773742057994,42.052695626512566,49.12975346995235,289.07162689130655,4484.709036544384
Maize,69.18579761662389,34.38172578080014,40.12859663365219,128.75703460323845,2893.5121742871956
Rice,91.27724224790062,25.03209345384205,24.941179420205486,280.6026078336185,4076.1096695508663
Rice,77.29452729020456,43.57326579790912,53.01773139098778,116.71644440007114,3066.4037739271994
Cotton,55.19489091660488,41.005634070785185,36.2761151889906,264.52498553571206,2998.158615468997
Wheat,96.13906191018057,28.119742367647888,56.896050675028846,130.392505175643,3241.758843696347
Rice,84.51717098790576,38.074761786091116,78.63126434794509,107.62632281829454,3406.566319920972
Wheat,68.68972655628731,51.877900160625835,26.67885928865301,243.89789005188175,3599.192052834865
Maize,112.90713520629046,43.617044124315655,32.7275239233164,156.05306003488568,3296.5150147529284
Rice,41.67472942613866,23.876693082679793,48.385672285962485,242.8992305568699,2737.1527261014203
Cotton,65.26185209995968,41.9208598891654,78.11682892075578,211.01705009456396,3916.4026104092295
Maize,44.550511822211725,48.10953197158348,66.30858657619973,121.76147804601311,2591.0646347002457
Maize,101.32218529773017,51.70813623123006,73.8937515897698,286.42601466023274,4848.117523050042
Cotton,96.16859632910341,45.164703145370666,40.02289090854757,190.46283495269552,3748.833637321264
Rice,66.50817749890535,26.10632658163135,79.52230842671568,246.8894555597376,3779.0586276569625
Rice,94.05303217656584,48.40693066360643,26.169968963849442,200.204114403125,3334.1178733955985
Maize,71.67497809567598,47.09367384326065,23.17837436276605,220.87229499224094,2990.0684929137656
Rice,100.50030331379475,20.977075317625328,71.33615762324169,160.5547184713385,3581.9335050794907
Wheat,76.33469301893649,36.46990670360972,75.63589221241918,140.07206080069005,2885.3271341017376
Cotton,72.98237822653324,33.318009878494934,25.435121452766104,208.51404068161355,2942.985192902352
Wheat,114.77839323906407,46.77648257014574,26.805645604750488,188.0437945942004,3898.823462542326
Rice,60.07032799125602,28.64543249243683,21.99044946534643,178.02264268678664,2981.1877035766906
Maize,49.635787199725236,43.63487691897034,26.270453758563445,234.5134390189246,2953.0139726204106
Cotton,86.76344906075666,56.5282384725669,32.56518900801685,238.1013264022272,3912.5465845740023
Rice,117.5457449827343,51.91209488834431,78.20459713460005,109.1840112182526,4357.853537549115
Rice,70.22713709817494,56.85830944866122,60.07161333438083,167.74889884873443,3144.6844115147996
Maize,44.96294109030252,59.1402386773076,66.71318153111253,182.35291004527548,3056.641503697893
Maize,67.1444213847654,20.42680508024651,66.56836422149132,119.37843223283362,3322.65019721879
Wheat,80.47453234556468,44.909651055099104,52.104424986752875,147.18017333965767,3224.6219558510434
Cotton,52.9538405305771,36.51357591035626,67.84933866278104,110.32835944455132,2900.574911520782
Cotton,92.64817744451936,54.39417961340487,55.74845194339818,299.24841972340414,4615.058436706486
Maize,119.81995112081604,30.072588080365268,38.872765856201454,247.3114405939689,3773.3866100740092
Wheat,76.1391580785155,59.241179564603044,53.66660652610405,117.49003130055073,3283.135041203793
Cotton,68.378284538417,44.54831878174989,52.01051516807081,104.04987595801842,2842.430346594611
Maize,72.05633334675733,51.74149608915324,69.40718322555924,243.85756003045606,3913.761282679452
Rice,49.21169427161609,23.423982112910732,78.90363304289954,187.83843313653338,2706.5986584079155
Cotton,110.6618881140979,27.3383153903546,44.662553925255835,257.3593418129152,3774.1661410771117
Wheat,73.18605244170816,50.336146921368126,65.80344070648158,284.6952075636767,3883.890651885151
Wheat,70.9819529139873,20.879460881572946,25.985780242288012,219.86007780327452,2862.9381251988484
Wheat,92.77522183443794,52.67511943575131,66.60988216689731,137.4216845834506,3951.5087827352036
Rice,75.36267367448988,20.557960747676457,42.28501471959393,256.43880720929053,3762.5955432867295
Cotton,91.85867750462768,46.28475356245093,22.3634097733812,291.1623486348749,4237.46854029669
Cotton,44.915703210463,34.603756809272234,41.794770713730635,216.04625741199118,2936.953036392324
Rice,105.0978674977782,44.459794108767966,56.638565055298685,236.3994894561467,3922.577176524046
Cotton,115.2403162303522,47.84125627956455,27.155010060887996,167.4949390073346,3655.2215193992934
Rice,91.90123089275087,33.69900876745217,75.44206954581527,176.30553893206223,3747.0401645006555
Rice,116.36527430870485,24.318497924433423,24.660344796370314,246.93089957061278,3709.5450989476126
Rice,52.11458514959706,22.785834709930626,75.80040318998996,285.55421968136386,3541.5690926506213
Wheat,78.1932951584283,43.55744090250191,62.42825107614119,225.79767744487043,3863.5610287310687
Cotton,88.14453871563578,40.82621414936446,39.78273052485221,257.9695816970695,3898.263996049054
Rice,86.53893179369493,49.6880403648453,43.44502086254559,134.3270034830746,3516.3261338448765
Cotton,72.11694232712347,40.38942040015748,64.44856188396466,142.39181805159473,2913.0749123594637
Wheat,67.04675274930091,36.89783160123517,56.08826605287244,206.406937366678,3475.7400520874025
Rice,50.145921804033506,35.923487129449235,60.298575287296714,135.31083844856812,2439.3370206117525
Maize,71.33939604498225,21.0578761039067,43.349876990808795,226.99901404418472,2870.063494024851
Wheat,53.01286520843881,33.42228806786629,49.26880890845594,158.3306370789398,2772.669338592148
Maize,98.74925411937747,59.04080630097977,79.39204904227361,258.3065237333784,4875.3977493999255
Cotton,56.7064748395672,54.94222304908355,32.835372229983065,261.6220693228687,3438.4906642093893
Cotton,44.68522442276271,33.175122681368705,45.071371191327884,192.7574911510706,2622.137685397921
Wheat,84.18929102537874,43.511816202654884,37.50939125443804,136.16212700752706,3170.9920369960682
Cotton,87.61837861755212,53.89186982141976,65.906690626391,229.3549922163865,4063.781849835638
Maize,109.75304490244044,37.65097347000275,65.84075753994324,298.5574036527173,4297.073359513131
Rice,86.15852899341455,20.71831455000604,37.546727659843754,224.51817958850467,2986.876434786266
Rice,67.63846829787566,22.980418472745605,24.883418997978975,107.15493814280157,2258.1598618601424
Rice,104.24095052210563,40.41570885394826,20.685960600332244,103.45879515341652,3105.4434063580115
Wheat,83.22231145499369,58.777575027035134,45.64703199454913,164.07239409846125,3482.997891544039
Cotton,46.34242277049534,47.72838168875471,44.620255660146256,139.15676137208098,2717.9159570083184
Maize,85.26804482505973,22.83664765754278,79.30339271839178,262.61024142866165,3861.0805340277298
Cotton,112.64148363373299,27.57443503167451,48.18812454186077,268.9611334072001,4325.87163371811
Cotton,71.70501003985764,50.852925728674,35.38510217452524,151.72375426209524,2977.2483906856423
Cotton,63.70606415198401,53.65759039824979,73.47376646188805,165.12895538997856,3806.8224215925993
Rice,51.4775565614416,44.70778344754363,49.46407697921471,147.24939354302293,2714.155588665346
Maize,52.11564175482859,45.776926785192664,55.95053811263467,281.67650947425284,4040.4732543882565
Maize,74.62171874734551,21.133498015335384,25.740122625692763,200.52986692445643,2944.8463722881697
Cotton,87.65438593292237,53.14121038326034,42.97498443978644,231.22740881640397,3747.9410672245567
Rice,46.44923241356814,51.53100832683319,76.65342046842721,183.09641733992066,2911.6125806851815
Rice,115.16548712201326,30.361405764133885,55.37032305052553,226.20283870090623,3761.310917861209
Maize,100.41068939561568,48.34706879862028,40.6701113085477,177.17107534434723,3432.2531534126997
Rice,86.92991346269301,28.594184256999924,57.540030837895586,167.9356875458451,3103.045822229657
Rice,106.27509367511927,21.61320644206052,74.62466537468697,226.89601463469603,4151.741895480267
Rice,46.41494054496906,28.04546170361509,36.4394360283554,218.21241560979786,2495.9295658203205
Wheat,78.14711021864994,27.14515507017198,50.307003108240465,158.70559083358992,3075.7195931667416
Cotton,90.40745014893307,33.50991986939389,77.52143923470533,129.8696900638947,3774.5105743742206
Maize,106.29223248946315,36.73797988701833,30.343768597907157,173.71533876762754,3504.178235363052
Maize,102.67756480394141,40.341555659908316,63.179835535802695,183.03952782838184,4399.080003506482
Wheat,62.16553997707197,39.070155020333125,56.86886049217894,225.73686668492098,2991.241773092888
Cotton,115.27041356473634,30.826984238611573,60.78050786843809,282.9057527273727,4429.479210256105
Maize,49.947667314469626,21.16682674296298,41.07317784005418,107.23695950658502,1965.1482776067312
Rice,110.01068948969217,44.20406488948603,38.8327624090259,148.73220250836897,3876.7564776346467
Maize,117.67521996836949,35.829793193894176,61.05258023530223,138.74318845591208,3292.4053147984337
Rice,54.17228185781005,31.94688629550199,32.93259710627272,200.4588817387567,2329.305266448662
Wheat,97.76528513630282,54.677641713220495,45.1792846915403,185.94016140863198,3770.5637813579187
Rice,43.22284150223987,49.86973231192639,31.29047876317508,245.80752476403768,3306.234776487747
Maize,72.4338260111324,54.31062193489769,20.498290467399784,148.48318250897276,2959.3956071473435
Maize,81.30266393581392,39.79931178849844,78.20344160228416,218.8996731499517,3479.6856105131737
Maize,86.45161807277073,25.2372500850711,45.90217871938514,276.7714527199919,3402.5635289519796
Wheat,114.87497985988476,47.84885744485089,78.16097686518953,282.1355479836609,5252.470861097574
Wheat,93.78005498353558,28.24295119748701,28.419411186069567,291.7569209450062,3614.651420960151
Cotton,78.50223609753897,37.64918676366867,55.24200676744916,254.6522304159977,3454.7708675617646
Maize,104.77400290127115,22.60003155795554,32.05844196747438,281.197581251783,4253.047897009722
Rice,116.04262567635271,53.0123360969193,67.40444761779648,146.90617439705485,4386.264894897367
Wheat,41.76529189458327,25.03762564190002,67.02217932565851,139.5161888700954,2738.5444102290603
Maize,118.6017017804831,56.12390028197239,26.75642894235871,101.29761675610528,3344.8593385700237
Maize,46.890571125094425,54.569224090462285,74.72386717258334,241.36887148581968,3071.667588238589
Wheat,105.15094234150091,38.58331057756985,31.677778832193475,287.4934375627489,4143.25328755421
Cotton,62.426780204113,49.77472817215963,56.77864049536162,137.3870690083353,3059.482065003658
Wheat,50.57437262030974,44.777802952726134,79.13801720526224,227.38871508537576,3467.1465410039987
Wheat,75.1884511771068,52.123025693509796,72.94379208598183,249.2919518443555,4324.312093501386
Rice,91.51652635580908,37.27220403143648,77.39383571367014,285.5228470296113,3862.674742564497
Rice,70.476147601878,51.432339369774,40.55592627308717,229.37204480344434,3653.1019788436265
Cotton,44.36523266261592,38.498272682605915,26.3345385331678,294.0587465497505,2720.036317161959
Maize,87.95689117269733,57.63863151371175,31.300812397367004,168.93462820250954,3646.502714474521
Wheat,112.19226208885398,39.454884033005904,50.02969370459683,169.98570675428152,3724.4056206824744
Cotton,70.65722927578014,38.50477087734918,67.59378069639934,208.60250200286913,3249.3447454979437
Rice,57.30662221046616,51.40287446254051,29.009218651032512,176.70037622318142,2669.4720842278084
Wheat,75.40618767462523,52.86310767043352,59.583891935645426,100.28514565750652,2727.5307676383027
Maize,43.86901688390247,42.17956457284683,39.41465624237071,246.35440501739748,2931.822901253468
Rice,105.63900675842198,27.191912539803017,40.47212434352921,250.3434082956967,3691.0750093778934
Rice,106.10726487601494,38.71032923830318,59.71506380947558,249.3949209373541,4415.154519134503
Rice,87.04003707437028,58.72290011638714,48.01996517199321,169.0041333220933,3756.629807323939
Cotton,68.24823111507115,50.119447721567404,68.72199758155963,204.45789466223437,3961.4502450825553
Maize,103.98266915566268,52.446504155165286,29.355110579769622,171.9947036353339,3746.152589523547
Wheat,84.37496198306937,21.313019952769604,67.3968961860223,103.20728000612915,3094.6803587893714
Cotton,106.0745846840013,38.7143785053664,23.854114883445252,212.48978825428375,4024.930109439245
Cotton,90.51670340664165,45.86484534630222,31.6432328147363,124.7521332168022,2962.9561256998763
Cotton,102.75243785702378,53.201307345122984,59.368982870189924,116.00826481828813,3289.626169155485
Rice,87.88503945742079,21.970946143310858,71.29553939066427,251.09981373935744,3864.060041338833
Maize,73.1312854572533,54.097555425674926,35.16077766436094,101.90124048362112,2470.9894150967725
Cotton,116.635668794091,41.936037469676464,39.631496349734775,291.8016887217452,5071.482563267177
Wheat,83.28910599030758,27.892558823042396,52.2272448972044,203.05107282251538,3735.316999806402
Maize,88.40716148324307,32.690208657988,32.69436838935814,296.60328614122966,4334.565608519356
Wheat,57.639011153179936,31.27718207006243,68.66937569525034,111.59951449454168,2673.1314591889823
Maize,90.05206315418212,41.23436137153903,66.41819870034564,216.70590977318267,4001.104407528516
Wheat,85.72861195863551,22.067427196445273,28.717502717946896,169.86540719518223,2829.557346780002
Rice,54.78707183576199,26.341446339996942,47.829783908997925,268.6964985628572,3344.776182424632
Cotton,44.7669677882515,52.507721735031296,66.48966599927729,172.24454704685724,2658.131673223197
Wheat,88.34874557718169,25.304159629872444,40.23977186620489,152.0975158114698,2421.039336298443
Maize,101.09538154802564,29.335850778325078,57.9864093630639,271.51062541998266,3911.4866430627735
Cotton,81.87210967376066,38.134824224166294,23.012787287454366,174.93061833065218,2672.2284604411625
Cotton,58.14181002557166,40.68483552453322,56.521325631759076,103.36666397211229,2986.2988669727247
Maize,93.32175813544279,50.544419184566344,29.159178800036422,178.05782016786674,3922.1249292625434
Wheat,46.40845812876818,37.89329706664751,69.83499950686708,230.90445380218839,2792.2118070939323
Rice,75.34669638415636,51.59458484142155,41.326967814828706,150.87190776127636,3465.933671846851
Rice,53.06934067187362,44.7338522818183,36.893231763691745,186.39751848503147,3030.820515412812
Wheat,54.75672408479067,24.5239895769529,70.4533386026891,111.3430276564451,2148.7132615790642
Cotton,56.18351593265629,26.253257535713544,23.00864138430861,217.61855830279143,2546.9546998405144
Cotton,70.93656456351823,37.48134901799084,43.796527960060686,251.25898477207875,3275.853623289089
Cotton,44.092016449631814,35.87557572356158,42.20021243450188,182.66251228022207,2746.476740179041
Cotton,71.82347527432785,49.74177078549178,37.08802245497305,184.04652656029202,2873.64182398874
Wheat,80.93659576917607,43.229485591894075,74.70525992008862,117.65649971698329,3286.22949231883
Cotton,78.66354279730601,35.525323240089975,65.05570361100334,140.38817290239652,3023.261923867199
Maize,70.62272803224324,26.830411338015423,23.835389851516325,130.93506062558254,2604.5385381259252
Cotton,107.1317286456602,29.073484093019808,62.881246966097244,196.33755373230758,3833.5551551386498
Rice,51.626135393640325,43.02004073876236,51.637947987727635,205.85110819015003,2857.334520793602
Cotton,80.45573950250991,36.9375521959917,74.05207366409476,289.788026256852,4027.590661414267
Wheat,44.963313356524345,40.597100354426885,38.77673704090151,114.64630085544678,2766.5144275668376
Rice,45.692454310232776,26.827097412089348,54.449719976574976,219.97359463100943,2684.5296104202116
Wheat,85.9092679741677,46.51625009378263,50.045316484459164,205.29970546564826,3371.262212262297
Wheat,85.28147399102568,54.10154963423868,49.37365437365634,203.24661958716584,3840.11316141071
Rice,110.24268102755656,30.317580271476025,47.366323971032756,274.6318574765653,4159.1205814911455
Wheat,84.62989405280585,39.66056903327306,32.337768531936874,141.1076941390973,2674.3725946480195
Wheat,116.78328163238801,59.021093160836074,65.34259534954356,108.15465486827429,4562.425498950441
Cotton,43.89558787199438,33.3296696220291,47.080161964357316,234.4543015268385,2745.0300080413517
Maize,47.840614782459284,43.80185379695045,77.51097650015635,169.03149282719602,2912.5531772948784
Wheat,43.52526892563051,23.607828008009776,35.64850563156658,103.51798324250493,1980.7825872626813
Wheat,54.8221480266832,44.240600099177726,60.96463037762247,150.27480145808278,3311.2353690392783
Wheat,83.30160887533424,23.585270932184716,76.44302477834651,161.86535484336238,2936.272901312761
Cotton,91.64577451419424,58.369417412952885,59.80749938096555,223.3676753568484,4133.966783159964
Maize,43.646812635893504,48.626506082892455,72.27637445704369,134.51715880985444,3286.3282795089085
Rice,115.67767118764795,51.52639152542825,69.64885758542036,182.6108695906796,4342.239873675316
Cotton,107.37323013203049,48.16417443086547,41.60706292934023,196.4950888835665,3600.4008144322993
Cotton,63.72899857256745,43.58916144305863,56.00743639636979,191.8474782728182,3034.9044537105433
Maize,46.17500241811744,37.996511243420215,29.375680388681335,294.7881533333564,3106.526381439949
Maize,53.59096585752458,54.33493519044249,52.13155296173597,109.10084755805923,3016.177354038374
Cotton,50.15555310039781,58.27342670172252,33.82531830886023,290.19363729047984,3306.4684846648174
Rice,49.86270234391575,39.961446916163254,64.62420889714673,216.38744279880666,3311.908257508051
Cotton,81.48493509325871,57.26140196621048,51.683505313527476,259.14554299396764,3607.5862166165734
Maize,59.66779539947203,43.3333163995407,44.67364175789963,186.0785236032151,2610.2195571812927
Rice,68.65117732233156,41.53536747585733,36.12782577001865,190.7675762513961,2928.561568298186
Maize,119.16042667074579,38.179309318214266,79.92190891047721,275.8652998031647,5141.092160480906
Rice,94.74513991402759,28.371510461204792,24.30263125309596,279.18689925838044,3702.0501126882587
Wheat,115.91845336376011,20.148786432722368,22.6136408343452,147.73777628625953,3365.5956864067543
Maize,51.404524402649244,29.66024907424245,33.035444029631876,139.84837571692364,2380.320645912914
Maize,70.57115798660554,40.388926864142604,78.26434751766918,199.2470347739902,3811.128610821937
Cotton,84.37854426258835,35.1983980903901,78.75429009919907,280.0554054255383,3976.4593287964904
Maize,46.14064495109904,37.93940912010535,59.29566408632816,164.47101868123525,2873.187529952563
Maize,40.33499549023663,59.22592878256198,72.80640003238429,230.40292306782626,3109.0990139141945
Wheat,93.6347467037534,34.010894826773104,32.837703850447724,241.63033754812022,4125.9030688141065
Maize,91.34556134411483,38.08731757440432,78.32252565059741,255.73493297883115,3963.070060412875
Wheat,72.86310479996894,25.34062205411278,28.56709100837388,212.78489158419265,2744.621393283841
Wheat,79.17152608256261,21.918309297479507,26.067511290899496,180.49103565579392,2988.654925615858
Wheat,73.23544004736718,51.016380583699785,26.732692354836374,293.4031977597946,3684.7245080624243
Wheat,41.92040358759111,42.827327002879144,54.38767539635388,222.26615066057053,3005.415797442815
Rice,66.82972849739699,50.4281922417558,66.85846404308313,245.71304232665418,3762.051720791397
Cotton,54.16658043178319,25.994511955462066,42.00003067247799,168.99656913917568,2279.317693956441
Rice,47.8739351281095,42.87315084730764,78.67375926716758,233.98983620061603,3736.23514841829
Maize,116.53763471114799,30.145698973655023,46.065208287099765,151.5595324328252,3901.2611089919246
Rice,87.94877800337325,29.122472676000797,29.026913046392977,149.01938350572723,3307.651211982073
Rice,98.29250273892822,20.46104056211941,47.9580048911682,242.94444036188528,3577.0170644896434
Maize,65.2290994612894,25.213628942762874,60.74222992534639,204.27894725258702,3209.6352593115553
Maize,71.45177035952122,32.37072445998781,69.93354683026271,236.65532208447794,3606.5347542749255
Maize,58.95391951173788,24.67515042363756,47.526097397395574,153.88769814961833,2883.972477567357
Rice,47.757253677233976,59.4343376164375,55.61640956295005,219.7446682113461,3517.7920872310974
Rice,54.3225309953267,32.34530594095803,36.0406827295312,188.7867299406225,2718.55240694533
Maize,103.80112362371887,25.212957868093127,58.75499158433084,219.3920573691056,3475.9981393720805
Cotton,94.20366441470208,27.96329251311831,79.15831663702062,158.1759464488439,4058.6038400084044
Cotton,83.75431007883816,43.50812913365906,22.94321435526763,243.09019272982476,3613.5550966473306
Wheat,78.00718982934144,22.561740954591542,73.19184024231006,261.1858732318931,3560.6088166180252
Maize,113.79474269248996,54.497365205646275,53.736950166051365,151.98329477154473,4101.195261017486
Wheat,45.818795822293474,58.45998716948589,35.125919573737995,160.1241119711284,2300.364539315004
Cotton,62.448065059033276,29.869896826695236,77.29338260055547,232.2308539438186,3680.43029557535
Wheat,67.99502828565713,38.003810743634375,49.001258183533935,239.11703486070883,2997.751058134536
Maize,102.59406497702302,20.885378041179884,39.90141510040314,240.81993687949,3645.2229184727835
Maize,119.4011696129577,45.62840898908886,30.88985769625047,236.53970095516738,4249.472655042034
Maize,59.253641180572245,36.557042322103555,34.66713261539972,178.56154339050778,3004.4390202176023
Rice,109.94458673096645,30.802338644062228,69.97094249548655,178.97073488073568,3969.82989335328
Wheat,106.4498208345433,28.27348442466434,56.86460055902995,150.96352472887628,3737.58293575557
Cotton,57.97259181134133,46.16092310635042,74.79473716929897,131.3667399792726,2995.177074357313
Cotton,71.94660641593781,36.64868124129258,33.918107129467145,238.51547587938114,3258.5350533378983
Cotton,72.77382954340153,27.18637156119648,27.26831443093409,118.63775719446257,2523.4066333843134
Rice,118.25765348212467,47.56436325947296,20.3652518585354,287.55845735735636,4293.590446950961
Rice,54.47135211031187,42.602891321467744,50.47172225695962,265.3372607342903,2901.4799993139154
Maize,103.93263768838256,54.346882197179845,79.89841582291929,271.5011479914512,4487.359089519336
Cotton,66.73541713384878,24.699035955059717,61.69791612911834,281.3337629230381,3582.4676260542933
Rice,98.46962766209283,51.42666407777824,38.50367551790876,181.72099414464802,3620.934741881158
Maize,73.60088034365303,46.94067147269036,72.61151498157031,269.34014467008024,3921.967506478666
Cotton,86.2687810493232,24.60043747312391,66.90333595927758,131.61226005832987,3094.299551090051
Wheat,106.60894186609049,47.79282919486883,20.924909964592356,104.32835892164714,3007.46619999926
Maize,104.33324519871073,37.661891555193215,69.01162883246135,256.97827893277,4181.673929983503
Rice,109.31385468317602,57.799391422233725,38.03160543430976,114.95932959938786,3539.646847606861
Rice,44.76938602757272,25.664454024715972,28.980407875016066,297.70493346518435,2893.4369280044452
Maize,95.36404424317959,45.71333563262952,33.57985038422447,234.9592859203112,3874.052343530016
Maize,51.19899013774103,35.27920181851783,48.11478826250834,250.6899420484211,3034.3922644473064
Rice,73.26548544147288,58.27258682363511,45.49207562408066,149.1607712555732,2961.3605784257006
Wheat,83.88707320437507,33.198995811611056,37.33323796245361,234.77307878393762,3106.032530982612
Cotton,72.21915877974646,58.487436379672005,30.333099332421963,108.64398745099145,3497.704327014483
Wheat,81.56893406424061,56.05943404402996,65.73384737853016,267.5651439847202,3853.6644578274527
Maize,119.72210470388953,30.81532941242625,79.40658702409502,133.9248186063145,3858.815550575553
Wheat,50.81738509702838,52.14167107305711,66.66749482518142,239.4716133667541,3533.6960753372646
Rice,94.03648362691405,59.82416807214024,37.75621806029247,144.89610024654567,3602.8045563772093
Maize,71.68007731084921,30.106520086851294,34.688537684728004,113.69063388520854,2697.074602051217
Cotton,50.6407839125863,37.471086772932786,33.059952563956294,196.29873570987886,2562.6010885076603
Rice,52.698941069944766,40.807229462670385,28.201704469342175,133.8572420545579,2449.2104654371483
Rice,115.94184849964935,31.797245432154572,53.079832981538075,245.88879766530997,4244.09845238169
Cotton,110.36811973694097,20.61059358584119,56.32402231720065,147.51316867669698,3456.7265029652012
Cotton,112.56335683320175,28.805169767901067,62.330159639788235,168.49451124716578,3898.9290482889905
Wheat,119.32262206619092,31.277475373670338,60.81280225602008,213.4878502528946,4462.545562187831
Maize,56.66523120068143,37.74398805272749,37.53999867700295,156.9936555154623,2627.7202267335056
Cotton,68.43514698912495,26.844099136536073,39.81866032381079,175.59762324199232,2826.249766479858
Cotton,93.53752239398933,54.93017426766691,60.89087212654027,263.1243542080773,4534.408245328596
Maize,78.70420318885178,48.19644530925345,40.9668584470177,135.84196991220514,3324.2515250962792
Cotton,73.47116267026668,23.40801910238648,32.75739137715878,116.44031789638674,2909.1367707878308
Cotton,68.62489994684745,46.00369804559726,42.46016922180438,165.67155702660386,2601.19449432159
Wheat,87.50245055547617,46.14625905622482,36.32504945467866,184.87535340277563,3642.706276026281
Rice,86.04747429120656,58.24884694574511,25.298763273114666,208.53185642731353,3693.8826268089183
Rice,52.91662672513921,20.12083485424645,69.80833413659921,174.48473923500143,2543.043237406146
Rice,77.73918700147513,29.91729799223229,71.18668334942218,257.98234004456106,3822.988455150078
Rice,84.27774209678799,57.11165917501262,33.18501801001277,107.86389753369465,3336.2893725504355
Cotton,85.62295509851124,57.28535661593132,23.886331971512107,186.3535076397116,3191.978598456708
Maize,56.80857543298814,48.823456774825495,64.32964624107078,176.45118293128093,3244.6288234145068
Maize,99.38171138018294,50.6305328419016,32.69171755180482,229.5156981613718,4088.7712842037736
Wheat,42.015927585685574,23.659318317185885,43.60612936621162,293.2552503794792,2674.781171275211
Wheat,68.38654844345301,40.55503339112934,23.848115134242995,202.07508132577243,2930.9034075357113
Cotton,102.41701188285069,29.263319651559975,33.57617508550611,297.3753693883441,4092.5467416674164
Maize,85.11143368443219,27.24872174454469,67.57413669977814,160.4498789826395,3137.9483527795555
Maize,60.89299460086882,52.4121319649333,68.26378681491211,106.1736265084922,2718.737187313034
Rice,95.59624954744382,25.401525467221898,32.425089493262625,133.13263349528256,2981.703709403997
Cotton,85.39127553248588,38.74606547985541,40.15483070640137,179.02497695491346,3499.078866407515
Cotton,103.69948875651097,57.54312958344132,28.054305145624614,163.26678183771043,3814.918813561319
Rice,98.80201489518586,27.433282222613702,24.450357817095345,119.41082619667554,2733.8401816424553
Cotton,88.80863376289878,59.11973694952938,79.53030286690458,186.53202153814337,4198.997358765214
Cotton,79.05421402486512,59.77151943044236,59.335637074690354,167.62315433191253,3362.7212839777194
Wheat,50.65457005340187,42.224686187296115,52.52579055189913,124.52384409148769,2163.8131716868584
Maize,60.9066414308307,26.805709607086317,65.92991002431796,159.2234261223818,2781.6183991332696
Cotton,73.52795783336683,32.64419551763582,70.40462958126345,277.2872110710781,4086.458281276692
Wheat,87.9439429605111,36.9797133070614,68.40288608268365,160.40977309786803,3676.8153973254566
Maize,81.0966284172244,32.37296897432891,20.992366957392598,242.79108464841033,3271.7010801746646
Rice,63.05476207676236,31.225423195060632,31.20847389142991,222.4094159315511,2829.646243396741
Wheat,40.517148623176844,58.8891883686543,59.294318127069864,185.43623248167435,2858.6627452909975
Wheat,79.69913775206511,26.134593096629825,42.54556086823777,147.80512736073382,2939.877068647975
Maize,62.85007908497945,49.333116348674494,78.94895906366642,173.8029398691891,3114.693738234877
Rice,98.76866405684281,20.016411577566995,59.92428755829524,218.42144269420857,3622.3561447076454
Wheat,41.91570122163868,43.847306776095074,77.39293452375239,170.15064294987098,2851.4404979495735
Cotton,86.78622490446327,56.6377201581621,32.08678889874763,142.97928671484635,2939.8003981271177
Cotton,115.31793900048524,31.51736376372876,71.8374216869014,123.29254977832642,3579.1561702097324
Cotton,53.95274136891996,27.421039010308768,39.281138348913515,275.95338758191303,3175.40683203456
Rice,77.73195926004763,46.06719179513708,79.37388849426841,188.06259515038113,3688.411388902341
Wheat,47.313759345371054,48.504056291935726,29.461320324388836,225.041664348586,2776.3274209083806
Cotton,90.05455298090821,47.52122075807925,50.9803891302996,198.08207222736104,3463.593995808609
Rice,84.04253444769805,32.77267520085496,67.57067203022731,274.51330367159267,4348.523417526365
Cotton,72.58924193702659,30.088096086373234,45.95854883624215,209.38697048964218,2964.6890450437604
Maize,81.7101617178993,58.236751998481765,48.0850436112588,196.15628358982266,3694.153990781104
Wheat,111.72597267752082,56.93198033079718,79.18134773034447,284.92019808434253,4788.698467871649
Wheat,55.70354418488536,38.29266439571281,45.518489018069204,243.9379192090709,3146.1200774621207
Rice,41.80516093642778,53.847754646174934,56.244326035943814,122.30998146937146,2687.0615558011878
Rice,108.93319077592808,38.09293910537184,23.272379640509044,135.54089223936282,2985.7768135311007
Wheat,86.16936659103251,36.97556072290041,70.5326048126156,257.4245725878884,3985.5501773406163
Cotton,111.2526764369474,26.270517903971786,58.89008293877261,267.1702642359909,4540.228703525357
Cotton,87.75561787305381,37.05624225967891,44.24120617176881,209.0381658180593,3952.2543930121005
Maize,104.8128871967762,41.49667754399228,20.970172397271185,210.89104557332786,3616.2455585954476
Cotton,74.37386906841184,20.90017309714746,55.50012923561023,226.38659257028888,3286.8862774089566
Rice,99.9887945030615,37.76452020701626,20.759469709049732,187.82315485652788,3952.5162720628223
Rice,113.04331735118848,51.25424873580801,20.072216834541074,236.03982469678078,4314.483059380203
Cotton,85.7698370977765,47.20184225497079,56.96591372896128,121.69625151328313,3134.0984273618506
Rice,54.462812044990365,45.4062795545574,31.341024040073258,292.2558484734773,3145.149591511104
Wheat,61.50380920241585,56.3822171374881,31.513252983085717,250.03096475898434,3588.079890365938
Wheat,55.89156615179246,20.721280393009202,59.19629394996462,226.2348408018014,2725.0814164455956
Cotton,59.74856220765864,42.281903447689366,23.221831276362458,163.26441140189615,2903.3290187179464
Wheat,64.51323594808291,51.49395393638828,38.80433368847338,132.19109749134583,2911.7395095813663
Wheat,84.41070294025508,41.65341530805069,28.965914128521142,181.86859276578895,3347.665932742124
Maize,87.03933035710662,32.95582210321517,54.81058218779203,232.31534811481168,3607.6769232484667
Maize,74.11997977934888,25.450022603679116,59.70590928364375,226.74194868462217,3212.8725424703757
Wheat,89.23366238566683,55.50252287264765,63.26815121594261,176.5282310131143,4153.057072355852
Cotton,46.525994048909276,38.83049569550412,35.31387301511393,222.65727876662595,2708.174645072317
Maize,47.0230589646528,55.124607879428055,25.35498509819504,262.74965911350955,2972.4747333229197
Rice,53.746356828612676,43.434084897326734,24.72101941651387,105.25695446752141,2242.1041412157424
Rice,81.44619984322759,46.96768466460003,45.56909290704343,190.12420958605514,3484.2113233334926
Rice,57.119574295865085,52.170446175138004,76.7506645437629,251.71104569335822,3422.5532836517855
Cotton,62.662752279406185,46.366221784005376,33.063742054821475,209.22889409267543,2919.88821989724
Wheat,72.02502689383952,35.92219362715751,35.40449608049296,230.295217585814,3078.529837872487
Rice,104.94928992083038,40.545335357146044,26.053328126351538,203.3352785210684,3864.1609928812686
Cotton,41.10897087302881,52.12182098703519,56.33421643363582,298.3749089364622,3199.1493945776374
Maize,91.95030561892979,34.94601185491937,60.79237243683049,110.92430729780764,2798.0609398175984
Wheat,93.51012248325483,35.524858270739884,58.5758724896456,198.20896435447546,3194.5104098897605
Maize,103.89246242853092,23.827604642320047,71.66781458268687,118.28330982290353,3096.4952406938546
Cotton,114.62023512482506,56.58337740886991,49.1855501015643,131.9571124227141,4234.190374994531
Rice,41.61102791594318,23.64145259781767,28.067422446023865,176.60767008365235,2200.460158410303
Rice,52.30269644105729,45.928367097942235,37.36430784226476,131.10801830009746,2647.0843827392737
Cotton,110.89370352447945,36.527779152111904,59.74579840528111,292.7374331913302,4629.687095055767
Rice,76.68148497496122,36.22477561021769,56.78731842449359,289.3579553450318,3843.6729774400897
Wheat,85.16725111467707,47.182073462907354,51.86018778457775,167.22192924412076,3435.2116015226297
Cotton,93.0421762978518,22.68374930519515,60.97786512132123,227.94954240753592,3957.622135729101
Maize,94.325328359651,43.748231318057385,58.24345102239796,206.75066411875721,3875.521495686332
Cotton,114.53923226532066,50.88127143889419,72.8794933678971,263.11739610315374,5066.437722053095
Wheat,119.75595339293358,53.12851031546377,55.1609826486978,225.48912196338844,4627.412207484756
Wheat,97.61259687447522,26.821215575751012,66.71608152203339,100.05049089811241,3091.845531990205
Cotton,62.977696736412064,55.896762003126945,34.92242935798807,252.63487712194777,3292.474858515076
Cotton,110.38019218354749,46.24584367389769,60.69095507534408,249.36962425922363,4213.685053826616
Rice,43.937673163260925,55.274192032827315,74.13164710296054,201.94454111329622,3509.59460341639
Wheat,58.4864682299597,39.41122868440793,43.14393967398999,280.5837946466107,3258.786804088735
Cotton,111.79085739709718,41.68133380388808,66.7462512403188,281.6892411380803,4388.7019576880875
Cotton,60.495321155148396,56.76153108114684,63.48735807172612,204.78233534087946,3508.7839214697965
Wheat,57.65208476973988,55.99638173418687,23.571571812309347,221.59764623930755,3029.106279392066
Cotton,51.05002345121978,37.92643493476008,54.89049857744434,299.3044143849345,3493.086827181984
Rice,108.72894061175332,30.97650526542727,27.811360952048144,159.7640469622835,3878.2263145020465
Wheat,80.00466073528693,35.726817382570566,78.03915033383547,164.92344846229548,3702.0821489580585
Rice,93.99145624433238,35.510573141189994,68.68445016203937,136.55478053269928,3494.3441329516295
Rice,59.125310726002375,31.47467499931176,26.583428074827207,279.17338783157356,2751.5470669144215
Rice,100.64323368089731,30.743184173318664,27.305119858860706,248.89767798985326,3573.0453805716897
Rice,100.80044359696788,54.44251745918878,55.668431294757134,121.12856977404837,3807.806881709826
Wheat,65.00784199266401,22.794476827386468,40.693350450390994,296.3534702395931,3039.6154735830114
Rice,72.85461064082263,47.10444728398377,22.094351544386555,246.19234163222322,3863.784156630182
Rice,56.77522219441607,26.91280205825809,52.49849046998319,270.1044219209949,3224.0187791622798
Cotton,118.12488186583235,33.78023573576253,43.27070598115081,109.63015783464019,3524.6806497012126
Wheat,91.64820616467293,22.461721365393473,26.06458954230456,200.99218378843352,3018.153883474553
Wheat,114.76351045724124,30.79894547421848,68.11522353535895,239.71965734540785,4439.265495195522
Maize,64.27084349033066,50.73684284468968,74.90460591672836,208.58931691436825,3268.209489070795
Wheat,102.55127303975118,55.40061298189035,65.39563604084779,233.3294931398555,4872.557243881326
Wheat,101.26869151077936,28.861086076094683,69.34533860097665,263.5748127180945,4509.834755870407
Maize,95.33245214932333,38.541913570356876,32.989434035967044,174.86741259203924,3628.7926161512305
Wheat,117.25111802134404,38.81296191748825,35.81437705511606,269.73373512374195,3935.4808621164707
Wheat,71.48442688850524,54.94301223038937,32.51165241795127,132.58322095305815,2985.421777317008
Wheat,50.457385887180585,50.51196211503222,65.90380588193383,154.17721100527496,3246.5722046988512
Wheat,93.73670873952486,40.523088734721995,76.87502473606983,108.66912398546515,3633.9100392555697
Maize,98.3447840381765,46.82988801887093,63.010232404034156,172.88536226705023,3576.166628130777
Wheat,86.00484587670518,53.894202156374675,72.88800589277335,175.98190896482407,3641.0838165818795
Wheat,56.5454314506717,20.381558161021797,58.321945692990354,261.0541194414502,3037.902483680009
Maize,80.35647533354843,36.115601242001944,43.25959403352795,230.6261340579312,3314.6709229106787
Cotton,64.97517892553034,56.289726691083146,45.54569689581831,187.34451163113334,3619.404176993971
Rice,74.19732225333513,49.61252123375806,24.51928593004429,230.42279572474965,2847.955608583506
Cotton,91.61748606757311,41.713654973362985,21.887431714761565,110.55667010313823,3085.3160614746876
Maize,99.61717941526676,41.18578108140534,61.72853625134464,136.05430720367522,3261.8196572513757
Rice,58.57797527210745,33.91080390417751,46.30573352067084,225.389571048351,2811.025520333761
Maize,72.42602885175627,40.820821345660576,53.13290408327777,228.27336384506046,2963.7808938204407
Maize,61.53292567933033,46.21532797853813,53.45967485734498,254.82693174148542,3333.644397461564
Wheat,55.89052910894953,36.73452153715172,36.64254879999808,180.59995181072043,3093.9519423452984
Rice,102.67097759966707,48.56612585568696,48.55355064976944,244.51081932323123,4205.166770792296
Wheat,112.74021555495939,54.449289090415434,48.24561330006213,236.7960665120379,4049.5614278852904
Rice,69.61857485476614,26.187393927394446,43.30563327367142,292.6786756739698,3718.119704215915
Maize,100.10231394990134,38.06188091269698,69.24052300406423,143.02604528493583,3973.945744408081
Maize,111.75962314915289,36.320803651403246,47.06984022125575,210.33591275052788,3995.912446726559
Cotton,107.68993684241852,47.49859216198912,56.21867147035927,220.35288842209386,4681.040415459613
Rice,54.625071083138074,29.994698610317172,73.73120722284956,299.7295769868441,3784.538651139161
Wheat,116.50335052106891,45.61003659809105,71.97401737153535,140.23682843333034,4235.968191261485
Cotton,70.134115234357,55.09956966925952,73.4253322267499,204.64360399345844,3480.2355756927586
Cotton,67.1392528939069,36.72526399174491,36.20029978790084,169.23706154272776,3014.247646989246
Cotton,44.99450618222242,56.440627999168804,22.09894929848377,205.17859371579996,2788.26892823499
Wheat,78.89389232839065,59.72654955733914,35.66400799371975,146.4257204206212,3355.534589307162
Cotton,48.72108925127429,24.24368199791808,36.72244073724252,109.52247568549762,1911.5941715125348
Wheat,59.88318567419408,29.322127519394346,74.56161960349809,214.51309077953778,3279.969243390642
Cotton,65.35540974138252,58.015190059283725,58.95456397027824,167.17086317216643,3093.764236566165
Wheat,104.70610587933473,58.33310745925547,24.902237576133725,136.38828034968674,2978.8879478573535
Maize,110.03909203167171,23.90829101547034,28.12271576066607,164.78711321560675,3622.3420145850255
Maize,64.19730539691757,20.599940015085465,29.340567532518524,109.85604028954899,1869.8394086760927
Maize,108.69584969956591,26.44400093025689,57.82530489013539,290.08844681802066,4329.3452049423295
Maize,108.57847498958328,59.84051133528993,64.12484153042018,216.2295829946521,4478.1455484757
Maize,101.17207603078988,27.199984664427475,71.57863463392377,262.953736269405,4259.692966179374
Cotton,51.73560912121452,40.10190426888093,76.43819304837459,184.62363950954608,3029.194175040346
Cotton,95.22582775205832,53.93670905722044,32.102273443186505,280.66293351323714,4153.445679041739
Cotton,115.6019251664455,20.816064427528254,38.58634908344294,196.66364431045065,3817.550905959331
Wheat,94.60323830137256,44.179559290338375,34.41937284468984,214.78906444013387,3834.8932554943303
Wheat,66.52934792862672,31.081017954784972,41.525694047968265,198.35879601253137,3410.911733561106
Wheat,80.0463453944665,54.493396657589265,74.87990644542496,246.65565917353032,4135.3808751879205
Wheat,91.65800346808429,31.338445970563168,54.50675401636169,213.33121552041246,3653.6412430923797
Maize,80.84563269828028,47.47022881127636,64.29151383946994,154.31978471607954,3212.6959549419353
Maize,49.596235338477584,46.96878529789588,49.40715416760692,129.10790626452925,2704.9553136408967
Maize,64.96512357216164,28.8597419543856,21.731474800167472,221.22487777659555,3005.974040421331
Rice,104.1916824442906,21.391967994734003,23.85172915986886,197.83599230940723,3311.7753570093564
Cotton,108.91344368764139,36.36998295141589,52.27538187607315,119.19513933922259,3651.7644232973894
Wheat,50.98400261724562,31.567726078634788,63.12734208920154,179.12349315865367,2750.286598351987
Wheat,116.19094019189797,52.35910998454835,32.91983165172389,202.9552844000907,4231.469144808667
Maize,66.30580942788875,52.01456753821381,63.31457443953824,265.378646765118,4005.8689368889713
Wheat,92.9850990984576,38.28095808770502,68.63994640901075,115.22021116667247,3620.260767430788
Wheat,100.1460116765345,44.26048901292876,44.713848701726675,169.69906964920057,3658.848995131361
Cotton,104.95569877103067,44.170380639477,64.78515397064629,264.5312245420771,4129.762770064863
Maize,115.65997617807442,53.08632593710493,44.24179701970759,229.68478635431575,4156.779121258799
Cotton,65.03356384230581,37.0000965649279,60.7010377673012,157.99166436075734,3160.3633383886204
Rice,108.68051636412436,31.01786719162036,65.83982295917258,269.06702440452847,4944.4001289031075
Rice,50.53495227489656,30.6013967256219,79.51559709848665,198.65871611253846,2980.1152603201394
Rice,96.40327250828742,41.44769117128817,40.723799723815766,199.6703782620921,3752.180507350284
Maize,99.35821836111887,37.9659281092885,44.66244683447669,295.31746784007686,4028.237735986902
Wheat,94.21785929610564,37.60483083939745,29.93720356461028,289.4233006472757,3650.1762152228766
Maize,60.18517889081224,23.64549356358829,32.24438350410841,171.7065366739688,2378.976695314267
Maize,109.84345176121627,48.744149627607825,61.603700155902665,128.11582573261646,3298.110063279628
Wheat,53.5086770696316,28.549467519276426,75.02273540926856,165.1333464556188,3220.0026495824036
Cotton,44.29078332166647,27.878145208348855,43.67629709967443,106.09665206227761,1541.4855103696614
Rice,97.39719924895297,36.510332811095736,30.790666810132475,104.15357734207824,2953.99107742586
Cotton,78.03805721861869,29.111133664712057,37.10596996297964,179.10442725028383,2726.068495955383
Rice,107.92784159669408,43.354330692320616,47.30310228848832,288.2039645394468,4155.9089087899065
Maize,70.67177128466071,34.858533573378864,37.439019761922104,274.27146824644154,3780.2724897905355
Rice,53.462287080617024,37.9564689037116,34.01474498731197,202.2885667835246,2819.6558255942364
Maize,106.91537539758957,41.48677286416115,64.15906932542478,213.04527623416612,3887.7860661561995
Cotton,83.91277053120574,28.141420899272195,20.470695274437393,101.1866993492113,2411.3880867192725
Maize,55.13566339122839,26.23006491462119,52.353831640188986,143.1002311667531,2354.8718871426995
Cotton,97.63071988691566,55.21687611494419,67.62600842178523,104.95482538687675,3610.1032644763277
Wheat,80.88909107916004,37.34894811325684,35.97369717904809,250.90790653907752,3561.690442466754
Wheat,88.34503857922559,36.48374438530156,56.19749063672104,129.12915920529954,3709.5300227505277
Wheat,76.87186705652655,21.42448601091366,60.134006337117064,273.8094204953634,3132.099413497003
Maize,106.29671870544051,39.91905210349573,59.3014817843054,228.66486273515764,4120.005614769232
Wheat,106.36501725464399,42.16678886444001,46.75097805192306,145.88373530314266,3538.6083108581856
Rice,96.7511057459509,42.353634838186665,40.79467927254675,131.54406341664995,3552.067763223269
Cotton,48.43211019171698,48.281246772915374,70.15544438166881,225.5249401846106,3369.036619010229
Cotton,107.1083089523255,27.09927339964047,65.50675741999186,280.16739605646467,4456.635948448523
Rice,93.68103844263278,30.088925369224754,39.275310404834755,243.67204378287633,3744.710665864587
Maize,95.76193328034395,52.429218609216505,26.181151666532365,169.70933032067552,3230.2258093046057
Maize,69.03862723230972,57.88682467373576,24.308452726728152,217.47671905372943,3570.6216829255864
Cotton,110.34236449256053,25.437309894692824,25.65655867393616,162.15233907448427,3558.363787868104
Wheat,98.0297280187886,39.905982180208724,54.97216167152257,299.8299133557318,4521.160521925771
Maize,49.007237322335556,28.567050109583473,23.09973054973938,249.76783769237022,3020.7839097030783
Maize,72.62224275249301,22.402926734199298,40.2156124978423,222.87632795135073,3196.992030253432
Rice,110.91042895681133,33.020133525045416,65.19198211485376,184.65182855316584,4338.056388466889
Rice,43.77573613579032,25.74750500736851,37.66088999092268,223.63045805191146,2686.1043936480924
Wheat,116.91332957136396,48.39732293736985,65.79848463080779,168.32321249346694,4130.04406930225
Maize,94.33300546556502,41.349016546857776,64.72802229242332,105.77296789160616,3368.676381703887
Maize,90.51007821147013,25.753378839612434,34.74962795799298,179.01770447132657,3174.8458137843454
Rice,61.64474051903931,20.369663536220575,63.72933080556473,286.0961639159734,3291.967588890233
Maize,59.90334309913416,52.32628196096851,64.86659829632605,225.26021895477317,3889.1148491457184
Cotton,115.36465755908763,27.047776246569903,43.847235540021614,116.79114061418032,3497.639050869451
Rice,63.86179633872982,44.24866568883064,32.62522902449109,276.99872267900514,3415.4268449612673
Wheat,102.04042373751994,33.47687652306982,51.27624841351215,153.77496986830297,3617.156042760442
Rice,71.44974385656633,43.41943753260142,75.28385528001178,148.75389861654548,4048.700314876543
Maize,51.14032566277632,32.62614507929296,58.37700394592372,159.41819375606417,2409.9695639711326
Wheat,40.857223815628714,23.477582427690166,30.375349857635673,215.4404472251915,2186.8571245868443
Rice,83.54058696122007,28.918000342310144,60.965415484011196,208.9376186867953,3159.946063322022
Cotton,118.06230548391461,27.522342659163023,45.632181636910076,198.28275092457636,3844.97537200353
Cotton,69.53089550473635,37.12077409758575,55.49172784132238,243.5073727025254,3530.8391610139743
Rice,68.57538671944359,46.33135133704629,64.04384210138647,163.3075462669918,3130.9786997580945
Cotton,67.52732942795537,30.5522429978543,50.89684109086669,256.41290431448624,3238.2200786206035
Cotton,81.64350698438867,20.482797412024716,68.83903847439852,135.06433567571983,3114.68997444291
Cotton,75.2531906739435,40.757494570590275,63.32933475899767,256.52415781540185,3634.0345474376277
Wheat,110.39317013816115,44.23037957435888,56.90440040111064,232.76202105005657,4328.239683436306
Cotton,80.44166333787922,58.514819760072385,29.047568949941088,236.6416619095173,3902.370362935342
Cotton,80.6206270550855,43.578832123729875,70.1569466546941,196.310679425452,3826.4977536006995
Cotton,51.06972757764453,38.84690237512567,76.15433511918897,233.40030653617293,3534.216145563165
Wheat,118.61916327283087,42.93606503590816,28.217907428557687,115.95940931189148,3783.833443063568
Rice,59.99783126950638,57.11602519448108,49.29446776600584,270.31022340987346,3680.556099923989
Maize,45.86912539676821,53.13512582406585,35.53332451823027,111.1094466975292,2334.485989189792
Cotton,93.05169991801671,32.919149334552316,65.27139844553388,129.7483019742995,3178.3526171449653
Rice,87.6293096125498,29.49017454628549,63.297778160282,215.35794169944728,3543.182616772449
Cotton,73.21165231941966,30.505344494642944,28.45310723422392,247.8822910913383,3076.8950203149757
Wheat,73.77537871045425,40.176841588608525,72.62163627569822,115.25031286925069,3295.4649246099425
Rice,102.8051136837145,49.76197804914311,30.858383838680137,284.152962824464,4263.6800740542485
Wheat,55.65701120797193,40.12876828731848,67.83554153888645,294.72152976013973,3809.5239510594547
Cotton,105.62026551559117,22.711855833124503,47.41882157768029,221.1900346015422,3463.761224037611
Cotton,91.89976911160144,48.94322801759924,39.69633761348908,196.2486910753673,3977.6587827920143
Wheat,73.51758190236195,52.23880514683815,29.494355760452812,248.27899445594994,3379.77557301216
Maize,76.64228932670949,31.579914604788787,30.056855368797763,165.67147046544108,2612.4419286347534
Wheat,60.531776574887665,46.565029571334016,59.71343328205402,198.6528868210213,3128.9466589241797
Cotton,100.16914661575798,37.063676042175736,53.02582327682723,283.23020536288027,4815.159509319303
Wheat,81.02997938442142,55.564774229097715,27.32512529907396,291.1310850483067,3757.294381278139
Maize,65.66836341998749,53.80902232642959,26.76187162629951,285.413823210237,3441.152523923379
Wheat,87.68400926087602,41.01727993238569,24.33863448636749,152.48961339276804,3028.3277675544928
Maize,119.65875616410584,47.66022183254378,64.62604084241265,146.4938080433527,4067.3546257274566
Maize,74.8209823725243,55.33398804088416,62.71292511375735,159.53290118586284,3240.2102798126216
Wheat,113.65531206228957,39.82868040313102,23.50585945127451,188.26222247769203,3735.912759661522
Wheat,67.6013471939653,32.53002961955288,53.616204535818376,162.83348255839272,3226.41279012574
Rice,44.37861655399887,50.14664551638325,25.080569314561394,174.84255914781158,2604.1656619229275
Cotton,56.33936850947431,28.80265019138767,74.2247462365365,224.1273904241519,2944.8335252283177
Maize,73.49561146621474,35.54124592024168,74.42704515080794,252.5051354187952,3670.1256098033937
Rice,57.57079428756552,54.629089484271745,61.893979388787805,247.1116396535834,3408.439513117828
Wheat,40.01816305746044,48.976893610772606,75.571335286367,262.8847134158304,3391.4214453650816
Cotton,113.20012301980218,36.15244020989997,68.68718182482144,106.43688064308043,4023.1006362294347
Rice,107.51035289847432,28.589780096334295,69.71231455562295,109.54675793575122,3485.8999495583143
Maize,99.38337851895577,34.238735633289465,54.18247103419599,257.8765921377259,4008.9345947536685
Rice,53.42516765168229,31.36416596909732,38.36355189297055,206.61576446492637,3199.148555318644
Maize,49.629086096798886,27.043571517754156,33.0679469069853,215.62813475242405,2845.7180487053183
Wheat,45.40837995779065,49.73331654262627,39.63200132233575,110.51737204287542,2506.5778317161157
Cotton,97.9223351018337,30.08279547400686,57.70972580534372,151.06276023425417,3945.5395405712407
Cotton,114.30463685503082,38.166698806710556,30.359392149943936,227.67086097709554,4079.8848891545013
Cotton,74.44286567304296,35.43437787344436,35.5184141982393,271.83637802213525,2982.9183631947944
Wheat,49.53125375968385,59.283095145425236,48.083651767727865,283.3966794362805,3708.9460637481834
Maize,80.99142565856852,35.64368976592882,33.98300591147694,200.08389916701634,2827.8173797155673
Wheat,67.9065525966904,23.199299311870192,55.3186201829637,209.09484654763952,3212.371315196316
Cotton,69.98599394799982,23.59303010288336,75.39056170737979,266.6099262137982,3201.383606909076
Wheat,89.70644993245658,43.630148854122595,64.88536194218759,207.52492014947092,3708.0422526029406
Wheat,97.49744906097618,43.97454206953063,59.98559684893478,203.37170510746347,3808.4169495561364
Wheat,48.84828790985287,36.750359619306195,54.96328855902673,281.0168075521907,3082.4606443523085
Maize,42.84721846451811,37.27374769248119,49.276874555423895,257.986544211176,2914.0233719834196
Rice,119.54642421485718,22.15730331363485,31.193831578079582,281.8145052722589,4396.874547863275
Rice,58.618267913244146,40.66186041557049,73.68262732561193,143.64941095623075,2819.6562474226253
Wheat,44.306441992676724,40.189579015214065,34.91216012077018,204.87509733107134,2789.573211791444
Rice,55.1900263276736,25.981972742277783,25.478532654689644,268.49442571867155,2661.0491920438876
Rice,43.116627707877136,24.153575444437102,65.00091075372171,122.22956549342179,2279.7242449813275
Wheat,71.34487156937374,24.94289962397962,30.536932059869983,258.9324308587924,3264.5137752110068
Wheat,104.19214275610594,24.04112985965034,42.313759972470564,136.5946766829739,3020.931006910646
Cotton,67.29955598061764,44.38832782147039,21.697095697458785,261.62375099706423,2941.211545240999
Rice,75.53467255026932,27.859306096116747,28.224076552426887,222.40018751137364,3211.1470197841077
Maize,94.0469418853951,30.05720608749854,30.392217845594725,138.64719829697344,3331.459696763068
Wheat,80.71152560559042,26.94288576605759,23.264607665010676,194.67083586656022,2962.3560912043836
Cotton,108.91565488170593,58.31341217794012,59.39941739737071,236.3810332921543,4321.813847801291
Maize,109.28285400366052,54.18469852607342,70.22046774818703,226.77058017670848,4492.284179666281
Rice,40.79285563929229,29.219793494060834,42.39892438195646,185.4494392463409,2450.0153431786057
Cotton,102.24370451865593,33.10265175688504,72.47458860309204,279.8733057841854,4422.4565525480875
Wheat,76.85868801933391,28.395713692199887,32.80079447360759,203.85268289756885,2439.415032799901
Maize,119.10724330429305,39.67503837843295,39.52342541367437,201.17345970573768,3753.856319892412
Wheat,78.65856607003481,20.784421298970145,29.044219581870102,112.45011798829086,2306.6525042492103
Rice,118.95167563106381,46.85472035587183,57.23355172513992,284.4240779595274,4735.559619806537
Maize,100.36554889645893,40.926325992705664,45.19217545221841,135.42331373567458,3473.203586154852
Rice,59.88839076906451,55.94555713204413,56.79700081051392,205.66893868731086,3504.697543140393
Rice,83.0715983429566,26.575707373136567,65.70049432365101,260.713520280062,3839.165240590287
Cotton,119.37085115828663,52.16436984244527,52.742180961976906,143.09065539112868,3692.3390779370807
Wheat,108.6024486201539,51.67844057866863,57.65782129410727,205.47465799416824,4540.688019414973
Maize,47.78935150329769,25.087247568675476,76.11501886365997,148.13698184466818,2981.0699715989963
Rice,96.50975974479968,35.942368965765105,37.94385857653059,251.93899955998236,3493.0683640540615
Rice,67.64636686966504,26.806105645780676,41.54983631803719,212.86823357463015,3102.3237260504075
Maize,40.55858095042785,30.188820018301957,63.062201702560216,271.1951720790287,2930.062078437317
Rice,72.27847752215996,30.529846993221774,56.6783310233232,278.91160057547654,3663.428069728292
Cotton,58.7803537379977,42.24945576103091,30.71197427238289,229.74669648907962,3284.2206314960245
Cotton,105.50954164163772,36.45643727041862,42.56883860062941,245.0782492317889,4520.254695539981
Cotton,66.98644870766124,57.90931216025221,48.0702807874829,209.84401997737274,3618.410156708274
Cotton,106.20189551630537,25.054805677880204,45.163390278103364,176.88574661347658,3622.0881070540095
Rice,40.04783510678362,58.94768539400795,30.69648849932245,229.62358460416692,2798.3607725871852
Maize,64.62553200208953,29.225545608570556,75.46580550705573,281.65772469746577,3722.4465196511387
Maize,59.293217144620954,50.91495745527412,65.73912570163856,183.3360760862876,3592.2720088463684
Maize,58.68538888548888,33.55879704691286,48.88134992647113,162.88200527475908,2751.088900950365
Maize,45.45492958123702,25.723255816692557,60.803661698410195,177.68738771051483,2401.8131949623407
Wheat,54.96994163284014,54.3155674098496,73.83696032813131,187.0795260423199,2910.090525423074
Maize,84.44396559084959,32.35443596945853,28.170448541694274,114.71220579554324,2891.7720935160164
Wheat,63.30888582701956,46.35421616907369,35.02238304241866,199.68836808699888,3106.2982411813523
Wheat,73.39158258633184,42.657747403465066,52.562074835398704,198.86284961001192,3191.3994084840265
Cotton,70.14935042777509,38.870252375634976,67.94062228114151,217.68876552810462,3753.4849180863334
Wheat,110.07239399999156,39.83277890594157,22.175293726491642,172.5640060942663,3438.4251905104875
Rice,112.42391992084124,49.28951656369151,79.04108901178162,222.62151919111795,4484.9622204566485
Wheat,79.4365577324688,23.510916564937624,47.29439617294383,275.6432620548406,3558.9832766428453
Cotton,66.41247602524835,46.727226478316204,41.55386843730338,291.09419809903284,3539.4227755279408
Wheat,48.54405632018909,55.83248405594315,37.563466270386314,216.72244322820993,3061.995967717027
Rice,116.2722303505676,22.311527880794564,30.461402459052298,108.51819079406262,3495.722245923838
Rice,44.8181555920238,25.62613356934667,67.49443453580167,293.8471994534218,2972.8002715841085
Rice,63.81202220546243,48.66527746808126,77.3248498847658,241.17241217925124,3833.8403236777153
Cotton,63.84529609360033,37.4912659297847,44.81868529072389,167.19272971073042,2926.3006897047235
Cotton,65.63210289121719,36.14194483254754,77.14524168520737,129.43154019274468,3072.132265234454
Maize,53.142947461792744,25.478665381769435,69.42785692610205,128.68372244725498,2817.9753628593207
Cotton,102.65291447389578,40.270801628711524,48.8630676485791,133.54888122792056,3499.7015190043458
Rice,49.79982895727914,25.06181244785509,60.441570747567965,109.11450432276406,2467.1842151712112
Rice,90.79253273225302,39.06481825242162,46.099050750227775,280.4308377305823,4145.15426175759
Cotton,49.9076821364654,50.54461195846627,53.523404492753144,208.15364656546728,2954.784599617688
Wheat,45.642851007436526,30.33057431548654,23.48278022111023,239.99188254276746,2695.121290048085
Cotton,112.75436029487012,39.231446727189095,61.77580851803199,265.62170185366153,4383.525538679901
Cotton,55.21030130549646,59.680638775873426,23.169478669048203,258.30820126664,3200.018436903126
Rice,105.70001236477634,47.46601693416149,69.02509681517897,276.5211247457683,4464.533668536959
Maize,83.57046968857087,53.654270852207944,69.49681576763345,293.4509245049904,4428.112585846279
Rice,46.22852156870157,36.59390426242183,34.224637253372876,187.8141229483879,2572.968403915922
Maize,116.4358553150454,50.714436925034214,39.419766862148016,290.06709333367814,4647.5877826402675
Rice,59.7568933593514,21.620366917652873,48.8786227134976,244.65798966856326,3042.765318234015
Cotton,108.77162762820852,24.9164473016898,55.79977441594889,114.1336380616157,2984.522346278017
Rice,53.50480046276513,28.122823716802486,37.24121970451981,236.35662424246908,2862.597715213873
Rice,108.31543057134823,36.078076984608785,55.5491842779155,237.34333192096972,4140.707665272782
Rice,41.05830503242352,53.82979513303053,37.86722439375794,281.1721127585054,3230.188824198461
Cotton,80.94243652555846,33.85064203151722,23.32944326426364,174.5864264940184,2820.9658285295523
Cotton,101.55540635372455,46.184847740618515,20.15165298991454,216.98230005436358,3369.7760882590496
Cotton,114.78364139942266,48.37257179213934,26.069063475105715,102.4375102023485,3575.6062536816494
Cotton,112.73617089651896,43.447294163533655,67.53504200984109,166.4150484362672,3989.6426292459496
Maize,105.56998956381159,34.28967872680545,77.68587874300023,112.44874523175619,3693.6494823803064
Maize,111.05530797290433,43.08213366854177,45.617971956873156,204.37459455297937,3923.6688198963343
Wheat,55.937574866966116,33.69062371158985,50.76103720699656,263.48953010139064,3234.7063982779882
Cotton,62.7347436569383,23.354949542080483,28.81089014440557,141.28853842581378,2291.7150369190276
Maize,63.11748199368468,59.71215912744058,53.06188116080942,205.4882091115557,3168.699545293027
Rice,70.16431448013591,25.087298145300437,28.67929412041861,140.8017273021534,2673.239731293169
Cotton,71.4656536308151,22.893935353442295,56.6728598719298,124.13769356924809,2597.7460341049878
Wheat,83.56442597237404,55.14122996828624,75.99552005485123,202.19935838686848,3977.7942898287256
Wheat,52.79038106931531,32.073386435715804,31.741912358182375,115.82972418994552,2334.290296483336
Wheat,95.29973310287915,46.0118789629403,65.87382308342612,217.4709262275979,3866.927426478588
Rice,53.40532314436052,33.16022918648932,21.410145369099443,106.26749213534525,1803.686072610836
Maize,64.8246785683638,35.65817083177885,42.529834479297264,121.34299437367511,3233.276984336506
Rice,80.26761044849232,30.48451888067186,26.644910469830542,209.99949709747156,2995.134835840231
Cotton,103.71524492187818,33.72176023172041,41.14852649574196,218.2814825797828,3930.2824988810753
Wheat,99.15753865909818,36.42801602346172,30.41221517833301,105.79738601875161,3539.9468574149273
Rice,91.64274851284178,48.816642763693714,42.398299407373244,214.67535760031168,3930.2059051842407
Rice,52.461860846413614,40.46144776939167,45.051368366451825,267.7005050647274,3143.756375249413
Maize,83.76362764924622,57.74260868627908,38.0354673668551,244.4632354587908,3786.5483560005077
Maize,46.99572014399084,21.675215753551022,59.39731696838775,126.23702078415972,2123.0320203044116
Wheat,70.18905414373206,40.122732905281126,75.13112307553459,218.494929512723,3809.085754508947
Rice,73.08132242319672,43.36899155326873,44.03572244631634,234.4505000148427,3590.0691038088144
Rice,43.184915155660306,56.80787944297096,31.540589388501285,107.44624035045835,2183.0536671894056
Maize,61.91904795759775,21.9663409448571,36.243365491759,271.06953373672457,2835.3765764016466
Rice,116.45195738131915,42.93998339740864,71.24004940978213,281.253479457966,4399.774490604377
Rice,116.29060862637516,54.14519714111828,54.29838339620888,270.09045467245176,4883.03792924357
Rice,68.18616434020313,29.677109124769462,47.300661938417434,264.9262935978227,3411.2076372330675
Maize,43.448008715865925,55.0516939409575,28.978203290535603,248.99303969217866,3031.177849626514
Wheat,54.327595146254524,20.761736370971672,46.98363849942692,226.68640625639202,2624.5688088948814
Cotton,71.37742347468321,49.29818516534919,36.7095202014432,235.72540099765038,3056.2182757050705
Wheat,115.82237583753839,57.32452884674612,76.58978767120095,261.2790586669966,5085.643674961544
Cotton,51.29592508297479,46.28790646560249,73.04420656494388,232.49969167226092,3382.231812340827
Rice,101.08126749345698,37.56116975921792,25.03415250969188,165.54539133641418,3575.0739987862353
Wheat,48.694603149975364,21.79524065890872,50.99920935567457,175.1922204322708,2427.51565869567
Cotton,118.50060619130215,56.80455253290515,33.503500730880326,279.4114936744584,4487.553556760182
Maize,70.5293199287308,38.81184890766299,44.64662537145743,103.42441715943238,2877.1828292760047
Maize,102.01876311192449,21.15986977343792,72.61087989508738,239.7641162488564,4198.272573403683
Wheat,67.40728662489055,47.59284285315047,51.65087119331269,290.9555104850431,3955.1229435156665
Wheat,90.2135101727047,39.273490143050324,40.052917602245586,241.24563399159473,3628.082097530044
Rice,55.36128677920294,24.97381269769643,32.473301246299826,298.7823976463564,3268.4707245055074
Wheat,51.681681543757,28.570872372410385,68.01949156438936,237.50898110566615,3418.1354237979544
Rice,115.0451311654505,22.579627218233853,57.47108092186083,106.87260584337221,3424.6487231120013
Rice,113.41178223235468,42.971741588342944,48.08392762557387,265.40197632938475,4236.550046201649
Maize,110.99751521703058,44.88117917008037,33.04906123177868,156.92598238786383,3987.3368490338125
Maize,90.03467601332747,40.229691934217776,40.054782449427876,189.21144513288817,3286.3740882214006
Cotton,104.66145689730226,52.6840853201046,77.59060560431111,162.4183831814164,4261.482344221508
Maize,45.52295495290999,54.440352852320544,51.205396256350056,153.7108212419359,2738.6999145234413
Maize,66.78312335125433,44.62497586732506,44.04195687459517,186.28114073395707,2649.0297990250756
Wheat,65.0962499805725,20.510259188297223,51.28532254089943,175.75028968813476,3091.6088006291843
Maize,90.85162575620906,47.80918622990943,66.73931035397652,226.6677163685179,3320.3077763661895
Cotton,68.47662187765124,36.71996867681406,40.406536190172126,262.63024019750213,2894.4033641193214
Wheat,51.88054253149446,42.62229932905548,30.72236725595653,159.41773063744816,2681.46220313254
Cotton,87.7173660330835,45.963224080755374,55.09616710034287,142.7442305644035,3526.921901059543
Maize,105.15071365352652,34.00946457308307,59.91224620886403,233.37905417406844,3907.4491891300727
Cotton,70.56987955679786,56.68394020687177,62.763080177512975,234.06401316615631,3785.3715046865454
Wheat,50.581497207878535,25.358994669991247,72.91925544596778,280.2262478572344,2712.2411680830573
Rice,55.73505578502584,46.86047229124149,42.27044724134679,103.18913729066217,2680.9506966097915
Cotton,58.99866441355072,20.174383198263218,24.521293773733507,270.608132423302,2964.7535294403156
Cotton,63.9918074395629,56.98604421620723,77.50091501785653,204.20043458967137,3620.2856743000925
Wheat,91.42360564050473,24.50016532952366,46.10071564624851,224.26041783441977,3527.146501652396
Wheat,88.07563876301752,23.795369205902986,57.39545058038788,118.27428811228296,3159.545418618703
Cotton,95.68638892536313,33.320305322089766,59.97831938769754,186.52298657440912,3647.3714103961693
Maize,69.00015876252105,34.94265144156323,52.79082252207221,145.46048144770475,2448.0114318005785
Cotton,105.91981215039826,28.572002892915144,32.315451784176204,150.84500601650183,3875.8832599770517
Wheat,56.32701289246082,43.40486643708499,65.30858300696849,200.81902293520548,3492.12577891214
Rice,77.52325980145231,37.71656392167854,68.2251184582449,262.49119008062246,3521.488412983138
Rice,104.07509772331443,21.367023561643496,53.17853516104639,248.75618602897123,3819.038015895554
Maize,54.41269181860954,32.786082490212024,49.31366963509049,218.19999181719078,2897.9895505153645
Cotton,48.789049099262634,52.41731654292682,26.83629098767912,207.8836385506934,3084.7041765593485
Rice,110.69471741503918,47.58806139447474,25.03709968998703,185.461208646898,3201.4214565088205
Cotton,67.43437302073568,48.99483414319522,40.37389073381172,294.5419947122773,3553.453538883641
Wheat,94.70960999272256,47.92467696334094,38.65076933104359,212.03851084684666,3286.4102401393907
Rice,42.02788834111508,32.43892085532133,77.21938705779627,150.79327966244443,2600.655430337028
Maize,95.20375107275598,23.986556883071035,67.01736454660579,146.0181584080079,3283.645416141331
Wheat,65.28810492375764,30.89868736132384,59.595457715543596,222.27060615502836,3273.2012617397795
Maize,44.45926828699534,53.27141200740637,51.0588853410563,204.56550546218574,2821.7215542239883
Wheat,88.78502092384936,59.218831911322845,30.04205184359908,101.53956059094256,2929.118833108235
Rice,59.26430528585386,39.75388058966246,78.70740033105703,266.01307443915584,3815.8576106684554
Maize,70.9445793641504,20.388014196921688,42.5024418944126,240.82447084648692,3264.473557329973
Maize,46.446464982921086,25.60179248536916,26.41553614683469,232.3658579356207,2707.0921163580206
Wheat,51.773060087595624,32.88322301265063,49.62793374294476,113.7561315395318,2347.348730232925
Maize,63.8381788396675,43.14341394371799,72.439880696785,172.4111700344983,3110.3281980226748
Wheat,47.18076004481257,23.00374583221256,73.23746010663976,287.07645214655724,3263.342372087168
Wheat,112.86610117490522,57.73429194839527,20.657954963386835,272.51784826827276,4418.860633021382
Wheat,40.48376345471827,34.60334693137603,73.17774468508398,157.10858757390668,2117.0733648388523
Wheat,78.70881750914492,56.503368716992924,36.28905304999151,131.41177681982774,3213.276536960292
Rice,49.85979665060412,51.22087211028087,22.338341838105386,189.81759143371542,2761.882727417575
Wheat,64.61432715823588,50.21749090062325,70.86741622177246,171.16607573353218,3345.7100470625414
Cotton,114.08476478546123,44.26878319128928,71.8320053592925,236.44527534119823,4447.96923926477
Maize,52.93556426191895,45.07135268207378,55.773864790541,293.2869620168639,2876.3400004060527
Cotton,117.26658557746661,45.52012940864992,54.466025437781504,172.6002899965123,3954.738481883473
Rice,56.46355015915374,45.14885548102328,68.78721635728516,112.4448345304484,3255.5861826314836
Cotton,99.32528867734636,42.149129255934454,67.17857316261679,279.5228016684771,4366.269811124078
Maize,83.73418119178494,59.456560739315556,73.40632840656224,107.58994604797417,3415.8845449607293
Cotton,110.75829820774074,49.29162269702785,53.16484685580221,290.5531794306666,4573.789754712551
Rice,84.31946044025048,51.07785553570085,78.05882556396853,232.91588560180796,4164.545455158646
Wheat,82.7647375325047,54.898512603346965,79.7688098560003,288.33784168838986,4552.629794999566
Cotton,55.63664002947199,28.625590509033966,26.992676599917957,139.93193732979566,2257.3330184975753
Rice,53.2983489641327,23.352166363802432,70.97262557324733,108.13995905076152,2596.2522293047195
Rice,113.31913208924114,39.315777463943945,49.98933546491534,197.64199565529836,4418.799740789653
Maize,66.22705590800273,40.56322782477093,43.253980297989926,190.12468291402504,3313.5716576495033
Maize,69.76658039703167,53.16727119799671,56.7843385929629,166.29845465097657,3878.2164146712876
Cotton,100.78589267427107,37.75134317129343,23.357933435720422,291.53129487773947,3794.205405350373
Wheat,67.10587859382458,42.83412102177251,50.387667126024795,264.5167464322865,3967.4230472472964
Rice,116.16499573112021,41.082837540538335,72.2534342016,232.31640427511866,4270.411927057568
Cotton,99.03422151990402,21.528111350295642,32.80769096833813,132.57165832756556,3120.280061568145
Rice,87.7943394058736,44.60859586387656,45.58339368616551,246.86468164370496,3988.8777370619478
Rice,110.4716128435802,53.12173143097009,76.36885326289253,245.40249093994478,4488.956497708617
Wheat,43.96847266795862,26.300021923032155,45.71383026834184,185.0136347232015,2511.2303167676355
Wheat,60.565015375136696,43.77326935706383,41.502057939943896,284.9571819428027,3682.8712737636397
Cotton,77.2029067376728,43.74442177785657,46.43219888740269,133.39557644580208,2868.3175291374496
Wheat,58.158283157721684,26.56739856225435,51.16716599105338,153.46751248233286,3062.0129667951524
Wheat,99.51241498417215,24.93854294922944,57.91948064788813,112.64486785012673,2886.7559746535303
Cotton,113.53664248429801,59.20207771905939,68.04156805500386,259.0901916355175,5214.873996755799
Wheat,73.90160959447387,35.7487667861215,47.126132345858856,224.35187721907946,3602.5664173878718
Maize,67.37060800895159,29.09686914894117,69.04885610540842,162.9880611362499,3044.8308466018116
Rice,116.9240585710053,26.852981778175,52.023239681124835,132.76273271886308,3510.2478432125763
Rice,75.58819462620326,46.7040685433294,40.30883062207866,108.02955400574808,2737.515336343383
Rice,79.12387203594265,44.37781189309115,59.47704968716485,133.34911372518732,3184.3305947973927
Rice,68.13198978735244,45.7420849194967,63.06333528460948,190.65692926753164,3347.074869002851
Cotton,112.76387784097108,23.52024110045809,53.48293853776925,149.43539380212124,3907.8056103899203
Rice,85.51643866254807,55.74138333993748,23.396898388083404,151.79643548639334,3693.3071824140616
Rice,100.97396697453158,35.57065587236193,30.192972509649493,275.11527333354286,3971.730347937623
Rice,104.9445374680709,32.53477625721432,37.11786325341369,203.02753469222012,3454.3281735097344
Rice,67.34792335338065,38.49445788990957,36.95753635708959,245.85039462568292,3136.5919415800286
Maize,74.6955465056304,35.602642629905134,60.40524801481224,107.14218980562862,2865.7422816836533
Rice,107.87774195250117,54.54308012556584,21.100919700417954,173.03267113560574,3414.958343009825
Maize,69.06042813406482,57.17043900791568,65.34090662297119,195.83386947908838,3266.976037606464
Cotton,103.5148106761481,32.13812865798425,35.92054848841599,137.28337104203695,3818.8282792540776
Wheat,115.27938580595497,54.55743229839819,38.601310772966144,124.03830828910773,3811.5761627497313
Rice,89.85682984544056,51.26092518132268,51.674589676635456,274.06075569996847,3911.3204312399125
Wheat,99.33018299615111,57.23230689379047,32.95553605633745,287.88632541995935,4447.868856908804
Wheat,104.4077849632908,29.830012487435514,73.06827881453165,115.76133960908149,3252.203234177473
Cotton,107.60317191173141,43.07836600483917,25.122126759593918,169.80374250848863,3280.0344546398537
Wheat,71.60426702854367,30.981783389617785,46.66294173806389,291.65712562889473,3384.812652448251
Maize,44.101076734079854,52.96377961937497,70.9653361672934,116.63234662649297,3135.8281516675943
Wheat,72.15010169893915,20.21296762284257,56.95063366527415,228.72827457574525,3191.1851351418895
Wheat,93.90049838272718,42.59276651545584,37.53977095055801,294.4442741934011,3438.5145028215234
Wheat,76.02803086246342,33.56813725087672,45.245612466587644,295.6447337162749,4004.5184790760113
Rice,99.91705206883188,32.90734828311281,62.401662820550875,194.24466618074865,3712.03973470499
Rice,68.5585943574931,45.79625295459668,78.39564460183396,132.5498215564761,2767.9632862211547
Maize,90.77953128832236,54.05937797255976,73.58832310276601,140.41686299548778,3641.5407728747664
Maize,54.913584388317965,44.367815655733054,40.54596850294261,277.92027902487894,3446.1703611635667
Rice,99.94955493159655,54.1269191458689,79.89187275727144,282.33660086594716,4760.229042054857
Maize,83.65567750504206,30.5838844752412,20.210279811863497,221.57592877471095,3632.394995577046
Rice,56.325151083728045,40.780074190599244,21.657785348504905,253.23527989398227,2772.7758971067733
Cotton,63.35289387982458,38.021461562683044,69.43043091027164,247.98625029408163,3542.5252192284065
Wheat,99.88869668654658,20.46579598012385,31.96776120998312,232.3643195978214,3350.1929825636576
Wheat,78.60809885292166,42.27248572562961,23.64615610377445,265.4553909743878,3100.4059004230226
Maize,57.28251523144578,46.46097296584699,34.22888439419013,237.08132460806422,3337.694259814899
Rice,117.38169522962382,43.6765761767628,45.56600923885161,206.80046114949985,4242.469218677278
Rice,97.21000158535104,49.45119595133686,63.83397622600429,147.39127251763136,3789.410117225274
Maize,116.57078660318369,42.85358113812308,57.46013159307233,248.7776288237238,4537.704140878785
Rice,74.16840362882746,22.670010194030276,34.25727305362523,194.6875735676549,2751.713772849679
Cotton,78.00802725533764,24.657820963388456,50.19622688603506,158.95833680150187,2745.368523195051
Wheat,111.83641729480154,43.8589831017581,75.57284632391412,260.38925514835506,4606.449890550782
Maize,82.00394721963077,30.999167678945607,68.90046661902547,239.34272007060565,4024.0821792468873
Maize,96.58231295245338,23.185805161390633,39.3913870899076,287.46791262494,4249.984012968011
Rice,60.173830199642396,37.18410973794187,78.93587368134177,133.08832800377553,3182.9968139830194
Maize,75.73811749621125,42.17290392334621,62.51722402610786,229.83785692729865,3651.0160936015527
Cotton,49.875989264828405,33.14983953398426,23.746961340006905,148.84789361763518,2344.7209450129517
Rice,56.478402870156934,48.817348089031114,22.109642797318322,280.71659706032835,3229.997306837366
Rice,40.07547322141049,45.75082432404979,30.1044769406018,119.89988285132313,1914.426758611763
Rice,43.14120413189282,33.312734443666876,63.671352083008806,231.23236128897545,2975.3316595256742
Rice,118.18270585415435,50.194901156342425,31.024335550545672,258.217144305606,3997.24989188725
Cotton,59.388295610940986,45.94780170132142,50.68920615253001,170.98356807294144,2951.153536777042
Rice,93.06485676032015,45.497815148716086,25.595607210849906,290.82761587676185,4340.261632611744
Maize,107.12797590396892,42.137108031482725,75.25316946981171,270.14613691720746,4742.926047629226
Cotton,84.05283673892514,20.455586723542112,40.637636815014055,158.92365993698067,2728.6329737590695
Wheat,52.251560006716495,47.86028733907557,74.48792339363786,101.50821854319973,2749.1645874316105
Wheat,98.24931498689331,35.04167164436626,76.69253851463266,159.33143522361217,3543.976212822177
Maize,88.02011280796664,57.704388406346226,20.36771883882085,156.2620940941485,3246.1739082342024
Maize,98.50004714779001,52.71939084308821,47.84811123192392,277.9929215001818,4534.356212728568
Cotton,101.57972982856697,43.50777878125249,21.479363342413574,293.4242356509495,4195.695278545595
Wheat,118.03282941477961,30.08727927277078,74.52156597817435,114.08799719405206,4422.32994667762
Wheat,85.8850624021368,28.148695731106663,51.10445268407455,194.25896570666333,3664.1741780126977
Wheat,67.33128901524815,33.61539350710196,24.49664076190981,209.66639970595915,2959.6464257780067
Wheat,91.87716455201897,39.06271774320074,26.616603696594012,118.58233226594066,3150.9067666837173
Wheat,45.47525673941009,31.842620401557884,43.010541469564345,175.49954182750452,2457.6583964154083
Rice,111.7917854657269,40.59717981569931,76.41405157237337,163.41648347859012,3798.7651675165366
Maize,49.55048090705574,26.614817020527436,61.57454909408485,207.21127086541748,3189.5324504131486
Rice,66.22742703086546,59.108512513019996,72.05713197134794,232.2381799463876,4035.4059253901473
Wheat,105.25963045008967,24.316982198599753,41.98739878039878,240.69702209931333,3749.5726791368747
Cotton,87.78499026645694,57.27776558617488,22.5928219729999,127.35100472267752,3198.6301894065446
Cotton,71.49084162219538,56.54312045610779,78.45905823226485,262.5895403889243,4373.125675786282
Wheat,77.87485275000171,41.01441927277992,21.030379439742173,235.7084059581518,3494.3540615130755
Wheat,108.36379145617443,48.996410873443374,76.85909918486534,277.81498334934395,4330.395772475408
Cotton,67.20035088479136,37.441931918903514,42.120645430948684,189.86721188708682,3090.3570180704633
Rice,109.5719747849737,45.20138310169753,20.60542430131289,278.77795254443834,4072.748267713127
Rice,47.05075447813532,33.623037496844745,61.3494339034705,273.1548244712151,3507.9086667440233
Wheat,102.14387497669046,32.04636079141781,78.83241824188124,187.68186647185394,4207.640278551189
Rice,107.80381064437891,43.12919144678055,77.93754337025555,176.2286630585957,4448.189595000233
Cotton,54.5454122269871,39.92518696735921,29.656220672145107,286.56240299405135,2910.820300705734
Rice,74.42772258977604,43.18145476599924,30.8748683639693,243.03294690768752,3185.7619984720304
Wheat,53.23998197309245,31.46642325148092,53.932334877179606,285.64906928761513,3582.0060587771663
Cotton,96.52833031953742,34.67831327267981,58.23828958569946,259.3949557791626,3885.0959259410274
Rice,82.82782144493254,23.35591842515637,64.36507481995193,221.85948785828288,3143.7617493730186
Maize,90.82586773666569,22.09105489088823,30.863021628328852,123.1705554007529,2957.590393141211
Cotton,55.718957356496894,30.13828518692065,77.54042520586607,158.2961345158197,2794.680969231258
Cotton,56.93966896419356,22.96987437322183,58.32435537735427,293.7684814196783,3800.08618728318
Maize,43.31978604079251,24.150988345389628,70.82281513223329,163.8844197428409,2671.264397412594
Maize,65.76540281565838,52.51713621575748,52.40394291705031,118.65097395707416,2971.342005887231
Cotton,84.779572906694,21.554947880667573,44.85661085539296,241.51067118386396,3348.500178457813
Maize,108.63479311978631,46.35771175738971,78.63097439569975,246.80085090873683,4929.741649227254
Wheat,93.35419579669446,30.902309952616022,54.927282249190164,157.09154405743016,3475.5724015234005
Wheat,74.83170587198012,54.861827228325055,72.01241496795073,159.53439586926075,3420.983881922302
Wheat,116.24960915153102,39.39969138309998,77.1975437819774,193.77859710175676,4107.636758001954
Cotton,97.53961604606656,32.223058373113034,60.521277620519555,104.35778995245111,3251.023251632951
Maize,114.41321622900401,40.70555742757738,52.936320711120494,257.86460207223274,4122.179089436667
Maize,82.20703786177324,35.278320761810754,20.210651054639037,163.4177574548251,3179.4811888938993
Rice,60.71234198345117,42.57204258679321,22.40117844434036,270.75262040039553,2729.376039682962
Rice,44.22613490917776,24.58131473305393,32.05107296306698,260.52608432000676,2679.3088493092823
Maize,98.08678811870804,59.879620112502046,31.160505911359714,232.28040662375662,4109.658105991133
Maize,49.70423984044273,37.0222351078687,35.285527711990724,164.97497341985775,2602.203137669004
Maize,64.22201026175738,33.92922558829475,38.29607826185965,203.26331233223402,2783.1034927970195
Cotton,82.5976726307118,48.4083939326506,41.6039296130437,188.9658515195918,3593.592064949653
Maize,85.15332702237981,34.5559762598133,45.23226140413259,167.77637724973485,3017.1262547141196
Rice,88.04665575897089,53.3309722011503,25.93198030736088,269.6272578606356,3826.6713983278637
Cotton,53.30042642797605,38.170828974417006,22.541715917166922,196.70141491553306,2789.3422501409964
Maize,70.37899238573189,48.7823365306174,60.43666694438141,266.5446195594293,3905.027863424822
Rice,89.37553816935733,24.298128657675463,52.240089490584666,121.04369482836486,2859.1968471333407
Cotton,117.58550917070278,53.84476742220447,46.64865213320718,128.20495772006714,4169.561313212602
Maize,98.2104910159751,49.428719471124396,58.06639647010114,295.4640610225954,4440.591384626417
Maize,113.80830056751662,28.468671138478626,69.66076443221243,217.55369252121793,4360.2984235400445
Maize,100.97696466513416,25.811440389831468,45.661574546972275,201.9539346998098,3975.983319287476
Cotton,87.33735751139204,32.651693949024974,58.467167903118764,204.63121262882234,3851.1006419623072
Rice,55.36186953090756,59.04282344127617,77.21433343010952,143.05375480657196,3472.4719927683655
Rice,93.33485215140104,30.273262982682347,70.37746975169364,243.74078990039462,4013.955123998684
Wheat,89.87036527679257,38.24508835786533,45.560048630144564,116.95612474595087,3315.4725255354774
Maize,88.19753363658131,21.200809028693453,58.68301026888458,214.66474262060464,3555.518273235733
Wheat,79.18286943905926,35.8891011826493,30.624255314956386,214.1537593171803,2930.64109688572
Wheat,82.29252831914205,42.85280061732411,53.63133109370539,282.83768482670223,4021.6868003492714
Rice,66.75540216944833,58.124984500318604,78.87969746830657,205.2365620209721,3778.1670837764354
Cotton,81.54501541138426,40.66944179760257,51.098906912151335,127.4125391948359,3249.8276844522948
Cotton,55.80447245427826,52.764293047107515,75.65829795140884,214.55065184963252,3434.989015701201
Rice,104.41395178883015,41.88510570275602,44.44009523019564,118.26552887306647,3227.4371081083405
Cotton,54.862156375896625,21.631400537420724,79.93068963107787,140.75876705998434,2914.322873619695
Wheat,46.79730319115731,32.60033100759096,54.75320211365347,106.22171683748323,1983.8779630428116
Maize,74.89968210857259,43.02198031324413,22.536139654156074,202.65871649189967,3467.817804678413
Rice,92.66459516048495,58.023758637244974,55.20528780148329,116.90652305871447,3442.9787945428257
Maize,75.01734599468331,54.36521439004933,36.4743617407758,193.8788757062658,3398.214839538021
Cotton,62.140330556104686,29.134224567153908,21.948879322153683,286.5890070648288,3260.210011681805
Maize,84.65369471123526,28.80439320076654,69.25119828167979,243.95228260386642,3929.364630258611
Cotton,67.76018683297599,28.04691868455603,36.543778218845354,115.4823348450586,2146.849768634053
Cotton,114.62941521013065,56.89995585210013,67.79291324278991,144.84196244176863,4354.289533780361
Wheat,113.81161116828576,54.106646124068824,37.293054977352014,234.73248397868684,4320.270181278993
Cotton,80.18974559776764,50.99533729011795,31.659581232426458,278.94037220483676,3607.841795450029
Wheat,66.23071952146068,35.709404568969106,78.43613444626564,106.58371735279076,2750.5289997040536
Wheat,98.97059311653112,40.17522817195067,41.69871966530117,262.4902263441188,3909.498472020363
Wheat,42.93703547864533,38.57326979180611,56.08257268658963,212.36277606766174,2533.7000616688715
Rice,77.98152048349209,30.135924302374907,56.598889568868294,209.2182650592785,3807.945529063189
Rice,66.90587154162668,40.20112184595068,53.62840893041011,291.5626365506716,4052.3542532439837
Cotton,113.64287080820438,21.21986191411018,74.88174461127288,249.5289225193546,4409.597126470487
Wheat,40.96024218181461,25.27241493989837,60.46646428201211,270.0237736112224,2939.487245342154
Rice,84.22519005746793,55.46358384675786,44.22398024629581,170.79911390893335,3428.574802218793
Wheat,99.25308648533007,50.06719068125693,71.74282307145644,210.872808165682,4348.670542997492
Maize,78.8014390019233,36.914736362363485,30.863773946957863,223.08113548555414,3724.902880155818
Maize,46.83224241301773,40.68601449135509,52.65420545662505,164.316788072493,2536.73934736011
Maize,117.79691120223218,34.799955438399095,77.03302231662539,214.04962498947992,4099.125704358791
Cotton,81.44083451008783,49.631194686426895,57.523857792824764,147.33107589594277,3760.313508225483
Wheat,89.13489954552091,51.36748716928318,69.01810702849258,128.6751342136479,3107.610132307827
Maize,58.928782616600586,50.531407608126365,59.21364353271157,174.79405185546653,2881.068970937614
Rice,78.67984680854431,48.90446899337798,70.36225181227343,247.8579257492874,3884.2885442157913
Maize,74.33195935666575,28.18017354771183,76.66927279071461,283.2374296147775,3468.9088600223017
Maize,45.9916673601587,33.51879916961915,36.37530365196421,191.5428102996465,2829.5799562378106
Maize,48.49282828379738,38.793817399347,30.179664875403134,228.56473765508633,2997.243372556255
Cotton,106.99780156950196,33.231719657106225,49.039445019952396,120.6074261950201,3274.4743385071047
Rice,59.18559617652722,50.197608006333155,62.11174560945295,280.89275171046575,4013.196771694783
Wheat,55.59666171989044,33.17414096999819,33.63147519093297,213.72084271398688,3166.0716751782275
Rice,80.39291610001115,25.529283471413486,20.246087025810024,256.0676495250314,3207.930347267904
Wheat,101.49977050900104,35.96161808193216,40.576106950202316,258.88824018427874,3846.0705121766196
Cotton,44.955721486319035,59.196577311295215,78.1315601280673,151.29610527362118,3622.2585490736838
Cotton,86.14463357106047,29.035256517343036,61.6980476363508,205.8348906363699,3725.471867553601
Cotton,49.53683542724587,44.48634635772916,44.07952663647343,292.0959503121955,3390.855375151101
Cotton,42.91688406604948,37.31892199358825,31.55456584081042,117.92690896416556,2466.397667000785
Wheat,44.21951617297739,22.840982705973065,41.36538042528482,236.60997960591268,2742.229444618437
Maize,106.7331286566753,39.51506423992238,30.190365998074878,292.4528156070344,4033.139678235347
Wheat,49.437798690244925,48.0865731459325,26.378349278777087,160.11542161080445,2551.31979513928
Rice,43.61210915298336,40.52879903311275,74.40454235435323,272.28958428086963,3636.520469928868
Cotton,75.03199097143298,54.884242549863245,79.85902030252842,286.73150908165434,3743.3881049304046
Cotton,107.51947775536198,31.557480666303306,29.846866375747418,249.417241878965,3787.587555884649
Rice,60.99267011914415,23.449966852158596,23.271353532696782,146.26566246139166,2689.073861649825
Wheat,73.73700940207331,57.46262446632024,39.78386642877274,166.80014376531878,3120.6899456741044
Maize,43.193802605100096,35.12785398112876,47.69955084568492,107.16185888354615,2598.3546376477793
Maize,75.92628113079007,43.05622205814534,32.28927482455127,266.29064684907104,3891.3796623827866
Rice,86.2090464509707,51.68012504520784,38.08549470791351,269.922237302216,3886.0081913779436
Maize,85.67256430017159,32.97254655502322,32.05224414149946,226.54206199323855,3248.8746412223045
Wheat,66.59413537394921,48.646581527104445,66.45563410594707,170.50557025277027,3227.6978888422527
Wheat,65.24265445305085,25.416753992713122,62.754676594835644,115.3622055279841,3349.880244656108
Rice,48.52988951492783,31.65174988822021,58.097090945658906,250.61152198298188,3555.993641032153
Wheat,69.34386565170146,25.788425445460796,43.23307142475228,245.30523872198458,3247.855337885286
Cotton,47.95957350983717,52.44922233605431,74.54245647885415,282.52050434778016,3498.6516898320606
Rice,101.32767557696413,28.905969409071414,78.1719524921012,246.10640420107245,4212.281598115901
Wheat,117.30194381985487,48.696142216208415,30.41835875752472,265.73898844880034,4389.623956825329
Rice,117.60595653333655,57.731935889826104,33.380758484712686,249.1909235807999,4078.6129666267593
Maize,109.2056879500315,41.11088836275508,51.537861680022175,226.1374376624633,4125.109165869982
Wheat,88.06337194716953,41.60116769042751,25.47503415693472,185.39327883820187,3596.6725242974708
Cotton,96.0692557795104,38.441342723912484,46.18690392938677,280.42346172845555,3604.689894350164
Wheat,62.816464214433125,33.03560573574571,54.90747588666261,230.19371438149398,3433.8129467471526
Rice,90.46163361380965,39.026201236996684,51.32441426823999,179.6710643931818,3851.9227770545376
Rice,76.4519639551902,44.11230129067037,39.854514984681565,116.69385903639144,2747.358075436649
Wheat,78.5613871821546,59.439662886826376,52.54674836463241,158.14097118087642,3867.0972030191697
Cotton,100.62212483001264,57.51058237272897,77.52805725553087,208.74534696603297,4147.7482771863615
Cotton,62.55346844778013,54.48611833172487,32.36104425748256,155.1270740032389,2989.312330096862
Cotton,65.44316893556159,55.565221428194334,59.28988150364022,144.2470695835804,3082.2006897668375
Rice,113.97134329029093,38.713967331681715,22.60380164936311,205.47870281756946,3692.734228496245
Wheat,44.49794358807778,46.29777308709859,23.984984268886095,133.96406917914692,2111.8816827756673
Maize,78.85074387306723,55.802668917448564,53.109693453415105,260.08201266502067,4095.0962847993524
Rice,113.02406403262894,35.71803059965412,26.296350819676967,196.8736302685316,3922.582543755461
Cotton,88.82904062545256,58.47049913381875,21.340807305611442,214.77255479253003,3571.734017988438
Wheat,83.71256593697056,36.63144248276732,30.29077985888133,129.47665351946972,2556.702509426771
Cotton,59.979534338348415,44.043306615728625,53.89095025997447,164.91526712587347,3072.4296773667247
Maize,67.46203912515585,48.39218853089488,62.200457271135946,182.0179366522306,3432.6208124487293
Cotton,108.16387326437544,58.023680523037534,32.1487138484828,261.6425661033006,4218.755101189932
Cotton,84.73745054147665,29.78465096209064,60.09556623249047,254.0319046172305,4220.612928497927
Maize,81.17937550054239,49.84523912954569,30.94857986595376,144.5954949575363,2700.8525857863665
Wheat,47.96637708320232,40.83262344576329,56.80744559787543,223.23581632140156,2483.318878869171
Rice,41.28225251640985,30.74228562482564,44.71758079374793,148.69127155439952,2119.911413578344
Wheat,117.09481509496393,51.064273591855624,59.227970560017006,297.64943113804907,4978.610949624896
Maize,70.15889338294733,42.08889120695386,79.70316514875483,290.4247756261741,3753.1211456364567
Cotton,88.25704496796035,46.43895282598703,76.26901791395372,212.65294410412412,3726.606413363769
Wheat,46.3772058549828,32.91604274311604,20.256905470166217,239.7805143788286,2869.009178947427
Rice,94.64914285784373,39.2509580731042,73.12632586173834,260.286076441729,4323.026689843903
Maize,114.60533669647687,44.69417003952268,23.98944771048599,244.19968400898077,4154.38422556772
Wheat,86.05322023979357,36.19643257079376,77.18279516959069,239.96573821648417,4150.329027810519
Rice,50.08922579003284,27.93490159390805,36.90954074598108,291.7108015899056,2958.1760604386054
Maize,86.53772219787814,58.46561969261216,42.922089824676256,219.29122126145666,3690.19742191265
Rice,101.30777704837219,40.458701601704696,25.498292310543672,227.26053436381113,3902.7748191560045
Maize,72.5133229259215,49.356814811508016,26.736365499734575,269.85375008763623,3177.93230064491
Cotton,110.38701983531743,36.44188774224233,63.60443391375918,233.97817357168137,3694.524255338984
Wheat,91.89463626858915,34.205270561028655,76.6599341448975,246.5865244035045,3955.7776196264826
Rice,111.93991346313621,36.286571938685,56.64490969725857,146.83373723932849,3983.6934110363227
Maize,89.88042489978697,36.367865751425995,62.95100093160866,174.2533848230142,3618.9288953911355
Rice,50.503037760385936,41.76720463767815,65.7181846758292,129.4602691423786,2929.0672038400235
Rice,64.77533688841513,41.73879479925453,35.7688564731765,201.1530884669611,2526.202031043306
Wheat,56.143595860196555,39.886152635314865,22.713777855212896,191.14548013604926,2750.957938420565
Cotton,112.70611981734899,25.391431396697524,20.112364635150115,299.4325628558914,4195.159920264205
Rice,100.83200538299862,39.84301914002124,41.03895697724112,222.2417305631085,3476.991193509512
Maize,94.11186951280048,26.76415601682606,34.487853691952964,257.28896463888464,3862.0212811829106
Maize,64.07730557052973,25.045431451830606,23.73906350295114,166.80293415153085,2497.46225935222
Cotton,54.723581764017084,57.30582869364671,30.771697549620004,266.30906626855926,4079.790898316565
Maize,100.51608703911295,44.19800052590817,27.469933896076867,223.0169932975367,3185.1408612391997
Cotton,77.93263567032638,46.37960232498337,74.89270283704222,239.39846631968769,4247.5406218532235
Maize,58.06316417205033,36.07174681333455,28.416032807550135,158.88615558989088,2458.0494987503575
Wheat,89.32975825322201,56.359235676594565,52.25890783926075,209.7276783391154,3451.1860181553043
Rice,43.226708171076154,45.517219583186616,55.58635730672987,226.80739468272174,2882.4491426672694
Wheat,66.09362033026028,50.7667947809435,52.60936746251802,217.8189351633162,3483.4448640921346
Rice,77.48455956729077,34.74249876110855,25.943386052959276,283.03874228491327,3745.6262966899562
Rice,51.83666672875247,58.40047523276502,39.12790170503307,279.6545328985107,3853.9084574866533
Rice,118.77235820726716,52.8184516063326,23.076219947789195,294.1968115753741,4828.943396537648
Wheat,56.72778916716914,54.157938520581745,43.74019484577896,233.48560120139788,3034.4799165446807
Rice,50.42825040346124,26.88777069703017,31.31593587629552,294.3828260251369,3297.9764175818336
Wheat,56.28278991095171,30.83852831484878,53.69795199706279,266.4956000063818,3350.431317458071
Cotton,101.52489065277794,31.425063987343083,61.56850363094603,154.16642806799186,3427.415221015293
Maize,74.04045274174743,30.836368929874848,51.927191612282385,185.48713391025942,3096.4945138147023
Maize,85.23327518020304,54.21632648417152,46.05420179668374,147.67848843780195,3206.2686663483787
Rice,41.68073255890886,21.275391808343684,43.24000525140154,100.83943216611304,1951.4281865891785
Wheat,42.754504685865165,23.043999559230972,70.50150608582022,137.60975062938172,2256.758422487925
Maize,75.6660439861613,30.95659482519615,33.162083903916205,100.81211725737514,2312.150836674935
Wheat,105.33241945612988,27.994918985977748,64.05310037173213,243.967692270098,4212.071825055575
Wheat,110.81911029660522,29.274384555313937,65.44893948440713,185.1068595442399,4083.242929632841
Rice,46.93652540765122,51.917727570132,45.152000436244066,162.51494541557165,2685.065669596702
Maize,83.06904816808182,42.52506375568188,37.83803595353836,252.3441782190376,3987.5577087082197
Rice,113.05837490234164,20.23082645171872,48.23248916275851,266.49735492392904,4027.524685286226
Rice,71.0378203518309,37.17291062816781,25.592835553561912,295.059907729976,3380.2899517750843
Maize,106.36526651426949,36.315397074014356,22.7558019337454,228.40271693504823,3885.053411744143
Maize,50.6956523519549,24.55781077778174,26.696191967113506,192.30579170801036,2402.5999536439217
Cotton,114.8315591734239,47.04567154405829,31.22870188773357,161.05286032148717,3770.2668763916377
Cotton,100.11386540250422,48.08388753517964,50.250609220282584,144.46364184284525,2973.7709114295176
Wheat,115.30675142295213,48.8357287620839,70.94819816966734,142.58519009652025,4088.135049121913
Maize,94.12937868420052,49.13883782234368,34.13853991998122,181.83787494395975,3077.7706597355295
Cotton,69.07231455995415,20.002113077291874,76.10972064480669,298.357271057586,3430.9729379929568
Wheat,115.0544938019778,58.15683215386889,77.29447453610021,100.17073948748066,3708.8306823915564
Wheat,62.045342104734274,52.56835068218652,77.53427629071231,139.44117944620015,2959.539237826122
Wheat,66.5738017649386,56.159267863571415,70.25376408057943,137.67859648071476,3125.9568044330567
Cotton,96.06467344013922,20.625731812297367,41.829502447863234,243.42389710645847,3490.464259794628
Maize,101.22530396203089,57.354351831429575,24.361034660157383,170.49694551961238,3772.4715685576284
Rice,114.3522787079323,52.39154114752419,54.129123905989694,191.45216091836414,4241.188507698464
Wheat,56.38419272449676,53.48876571834794,53.520886636234025,129.724826093981,2365.345047288866
Cotton,103.83984281753791,23.73149538887874,70.99854602657572,180.99940777538956,3789.701273911634
Cotton,99.08368427175708,49.5511211567439,79.75946305676631,120.63996238116721,3858.4780248919096
Rice,45.10356450028783,58.39666758568364,50.48943839360885,206.60865757771663,2968.4202147948167
Rice,70.97785129681655,47.141893656726424,40.71224186238706,119.58767307657119,2833.143337003466
Cotton,62.62123656480789,42.82245618498426,31.154102693376018,258.1016762346312,3290.6786718425333
Maize,64.35923394832244,57.82518710995988,20.287989489042243,213.3203435080979,3312.9999682291295
Rice,118.63575036437607,37.717484869377444,50.54682154933275,244.79357475470337,3923.7694173924588
Cotton,91.42219307839423,43.97174265241915,53.33112000215574,183.70327733053676,3564.0087142544553
Rice,97.41409262347997,39.05353173977465,69.49630878904384,176.29825864844545,4175.634453747033
Maize,118.12941098520074,57.313848854411965,50.274618073568035,119.64177780977272,4269.21598084559
Wheat,70.1761425966111,23.04338907062029,74.98810091996339,204.7711214085645,3526.1620837728447
Rice,104.14721347622448,40.04478803301393,57.68500859428613,202.9004329714184,4080.74572075708
Maize,74.76247706435963,47.47809765541753,70.42017429326499,193.62040888992107,4001.424233506261
Cotton,109.56269374519837,51.67626153688948,28.898104088464827,248.10367293648986,4601.2050318250085
Rice,54.45260330490426,43.320745897765455,71.32016781813888,266.5008800064709,3513.431891463492
Rice,115.81489416514236,56.35670976485816,60.5086312666309,250.15793498970163,4374.466488943598
Cotton,57.50173667287037,57.67965787535487,30.213981946299832,128.77314856136877,2605.6196374796436
Wheat,66.09764055847452,22.57276892774334,31.385813488760654,224.4119018564216,3670.7222797981894
Cotton,100.49537872854245,36.094821581654976,75.59003714265327,116.06462113790667,3185.939067528391
Rice,71.50041132523253,20.93836086884618,21.932921627022374,238.9244574880953,2834.584453108686
Cotton,88.65691014131573,33.17666629497772,47.752096597742366,176.36781931222532,3000.1316524988083
Maize,75.56588008555428,41.47472871882408,38.80851739604609,126.49979125325731,2909.6576821119597
Cotton,99.38959496718255,56.431797220397954,59.90464639990569,272.4101713952256,4126.618839805529
Rice,58.266500189488866,53.862172898616116,70.37776325413952,222.80166780778745,3485.741294066121
Cotton,44.67663897895016,25.09998906687943,41.62268729339417,170.9449935895055,1888.8074213004354
Wheat,63.9943517978453,23.72121498963583,45.61412523937023,106.14543593009991,2577.82651055221
Cotton,77.94469318947442,43.57069355026668,78.91506707008486,207.46205180072212,4057.9000438351927
Wheat,53.441604175414284,41.28471889835131,67.03499058075217,284.6451756972465,3454.955380715562
Maize,68.3837831725111,30.655105657200956,73.83224785590748,219.27596654047315,3399.689174484127
Wheat,71.99864146348548,55.978123382153406,46.32573323909779,294.3301209238986,3861.7691562562222
Cotton,44.59134749506188,57.09465637846214,34.044572239046914,127.2902236540917,2509.9046409198436
Rice,86.66457985473636,36.10445753360651,44.7118079231871,213.66102091896738,3499.096714873633
Wheat,110.747474237703,55.61210228454081,62.96551506989081,259.6250096012859,4780.6092005061555
Maize,52.13943303624419,35.357955770518906,26.56582429015876,205.10814622514323,2962.264021288662
Wheat,87.82464107212112,49.47267327318801,36.228146336990534,118.21327119749452,2924.345632310769
Wheat,93.1791363928677,39.03768870190896,22.798154027695425,216.57720030944353,3379.2121381251236
Wheat,73.54677443354306,24.90332626028732,45.94086430028789,222.34758116849434,3419.2332660037596
Maize,96.0878069891416,57.11736804948086,69.6467441587768,245.74184969507053,3984.7483704466813
Cotton,72.85852347928096,38.163863735101465,21.479821297880648,252.24230303309477,2752.7491951311627
Wheat,80.3709830381948,49.37948161289614,60.51941160842996,254.15453764212143,3971.7772665617863
Wheat,40.58824356435416,34.68695257725169,75.94975247082438,232.6888787277932,3193.8603362002277
Rice,95.3376091307751,20.755235143049386,34.21567169067094,143.16223728373163,2842.532642407514
Maize,92.90741431557795,24.021214347673435,61.618090443658886,180.84715116789587,3336.341926598439
Wheat,43.07207018610757,39.848779179596974,78.50611406601202,255.22599452287972,3124.625646344394
Maize,69.46000859161065,47.5985742850545,77.73668360914779,290.6853966801626,3835.525555725828
Wheat,118.32254726333339,33.38941306317116,34.0957515817486,115.7893929673244,3623.7572433033133
Cotton,73.65892500548935,47.81953836710601,26.019863192724124,207.10733555943898,2900.3057984791067
Cotton,80.15563241054734,47.94542357727824,28.896952273754955,162.5044542648613,3053.25754502071
Wheat,112.79441265277748,48.157436293113236,62.12214010892853,145.07877886336595,3728.4699167947556
Cotton,97.3809500692605,39.700874160820334,63.545532527196535,201.16213670394302,3506.7113559929094
Wheat,86.56561048993788,56.59544600486016,60.45419369769194,221.21786811130735,4165.502162097353
Cotton,103.8243745072858,39.567860719224626,40.16470326453428,101.95444628389625,3125.1160282832793
Rice,109.14930131647786,38.01060773986553,30.186616385487326,256.0413144402382,4049.997472736241
Rice,76.55104573898134,27.97523276042508,54.84566551713519,263.9764262518895,3204.9414329073115
Rice,78.00866919454683,32.30620349425346,49.02082674547199,293.1021649135866,3562.064716016419
Maize,70.88407485214687,21.693379700732134,63.73004882733821,136.12874664493899,3043.200095419258
Maize,117.33649120147685,45.341411744646805,46.48160472113729,218.9105124721896,4862.340256095993
Rice,95.77330034322803,29.941429757083714,40.3183816811881,185.3250746952789,2918.971737453807
Maize,46.65784529664578,32.166210179418606,37.608714641540864,166.96557031107014,2386.4737866410496
Cotton,109.03676986504148,50.83258086657285,32.68821920298479,213.12669028750094,4068.238620972848
Wheat,78.44479526690145,33.08884732645815,35.94478257119968,256.47661864471,3296.87836334745
Wheat,45.500312513798995,29.687835680525687,25.68982633064608,104.61055668904203,2167.5911969148924
Wheat,83.97738041306488,26.76230996534823,40.81142065573337,293.88002251323735,3493.5717184777886
Rice,73.37314231805617,50.994336087278235,22.19418874177749,261.97631714114215,3502.9339829499954
Maize,110.21995238900999,25.188250319601075,31.18483082997961,250.2307407291157,3718.702182658177
Cotton,56.319568288750986,38.15015041001414,64.80622667716574,252.0774764361007,3684.8614538085417
Cotton,106.11716875937464,40.27720464308778,39.52813932059736,177.8121419237305,3508.686470451521
Rice,84.61509529483621,47.49559650742859,60.09422101864063,250.32411016896273,3857.6131853557863
Cotton,44.36882425707752,45.331339293319814,63.01305053583664,177.3540417205915,3095.937881482846
Cotton,117.74762410603877,52.428826917806994,54.87112056392681,279.7413659149586,4439.011527363226
Cotton,81.009219528256,21.790057357049527,77.5218644819239,135.44447666129395,3189.2751821098045
Cotton,63.270148338526596,31.857628991175886,21.286391997386794,158.4694848430303,2070.731976254958
Maize,77.55254735914065,31.20536475101519,64.31915903528852,210.26750853981522,3192.955997871406
Cotton,108.62862268139912,25.84067622368433,77.52719863642449,163.8422071774545,3955.4191641736147
Wheat,64.39224995080508,31.567130154257725,71.73630376117636,184.84744905905467,2931.791966488563
Rice,55.41411171893603,32.39061256571614,30.0735615083008,198.48453787971894,2543.156433255097
Maize,50.32569975447052,40.87537847709913,39.60921837510392,271.27066976270174,3272.084270382192
Cotton,63.8287518712169,46.54817915705024,30.347110392587922,204.63845072173856,2889.362505814346
Maize,102.40384696320348,35.24402054447256,56.078501828882246,172.4919697229121,3895.1528770788054
Cotton,77.73010921562093,48.77880925253525,62.73127891876954,149.54723280702316,3413.452327005927
Wheat,58.1985282954832,33.4466135431832,39.024426161783495,181.73519575843943,2856.7738902280544
Rice,53.294799968779934,31.611347092590414,52.370394439057726,203.14722088287397,3188.324013038704
Cotton,66.61835812083032,41.64752223428097,61.4552342042717,249.22297144064726,3639.523677885787
Cotton,115.19394983085671,20.948654412231626,45.2803889966629,124.20975523446774,3783.4394386585036
Cotton,67.44213700720195,23.191564945360014,71.24093182732756,144.3218376478302,3154.0913227458377
Cotton,119.04992607637082,36.71878174346108,66.29299611726903,175.93080317373466,3995.244919878957
Rice,78.81843646122849,57.71650845567026,23.87993263103424,172.07968102390294,3533.814707955331
Rice,54.33311346321207,48.86047119373694,57.26751794544974,178.34961752104235,3094.7114689481064
Wheat,111.29120734348075,23.52506278002231,34.119533057584974,258.7042529280649,3821.5891535939695
Rice,76.82842985078615,53.85272051123495,53.45109588003652,164.83088059243462,3457.4061690417293
Cotton,96.77370748036196,49.29203082432724,77.41330655797798,200.37963608053292,4387.5440566184525
Wheat,118.69692665673215,44.43786102810613,72.74372027313501,224.78140657157928,4634.9045213082545
Wheat,44.01402802559792,52.81171842436709,44.2709841869079,146.43571003672102,3056.4797257437012
Wheat,47.73556478300537,36.164393909718285,37.4908315006612,243.73907742950777,3158.4492346395728
Cotton,97.63653931702049,28.86004203415411,34.064344664495536,209.42226394765618,3622.3229868499952
Maize,62.54600026363776,40.480935564350375,51.950892185391204,189.35623260627563,2821.3722957176847
Cotton,54.744111756007925,41.95367022373895,26.854907195483378,261.9568053476628,3022.2380244836277
Rice,43.14895038557836,41.533054880396485,52.95650048769492,148.6990518370364,2566.054064505013
Rice,41.74773695889614,42.60295165920421,20.080018369447522,276.6351941228646,3020.8287147838164
Cotton,101.95884824958327,57.94819672956723,39.430977844750686,212.20974707334074,4145.329403379564
Cotton,50.754674189564,56.08982492384926,33.196058829834875,221.83497587593163,3070.1826047309214
Wheat,77.41764927769208,55.028681462357575,78.27312739764693,275.01179283378855,4241.739581536453
Cotton,88.47174521435863,52.05667243634509,63.634539174198736,263.5165375698672,4351.213786454938
Wheat,74.2681440455077,57.73712429061141,40.97920282773426,220.31241376438007,3326.379624998222
Rice,42.168532186898645,23.93978566717613,25.57070519183723,250.63754076963482,2979.0847179493
Wheat,102.6801202070327,30.60493045782958,51.00803568143744,186.66389804657936,3147.109454976947
Cotton,40.841057963332275,39.802237826183394,32.80687287956254,209.47555069994925,2952.0647500925606
Rice,100.95119155019873,53.86137972493621,52.18577275390147,112.41402734170222,3536.089486744047
Maize,111.46435950304982,40.2066284609093,70.12174125073355,117.97158360000937,4030.558296661089
Wheat,74.62719368457378,49.92138957366355,56.94755312608312,265.8850808372664,3932.207205226607
Rice,82.84339784782387,25.558396209956648,58.02730517270013,111.93433113649934,3024.3352259175085
Wheat,78.1586714094123,30.096552519062406,52.461817343768686,133.87982512652144,3100.5956336750946
Rice,71.1366894898751,49.27104380150689,75.63593795788455,259.1665317900883,4126.1685472370655
Rice,110.99396282962883,26.589360355508962,75.9141610652362,100.22919012565126,3495.0435098332346
Wheat,111.51468085359924,34.05423738619707,50.76339206441313,156.48086576917285,3964.6531361207058
Maize,66.86530917132276,30.594650312542857,38.345569228610266,216.80773156532436,2767.088063052353
Rice,89.20558032117583,33.99446776889914,47.575220352766635,219.0899862938593,3583.5035506733866
Rice,114.15260497166913,48.33296196311881,31.19347473173694,255.4305816458947,4432.822569662382
Rice,116.96467991530812,34.713887245712044,58.18065891908536,201.1852508984341,4358.4181240110875
Maize,80.7167232337638,42.21053290431761,50.005540146933996,201.88037390619405,3584.0818961252203
Maize,76.22598442274614,23.997275082176387,26.198028668796795,245.0621151081401,3048.9777733352817
Cotton,62.29554527428206,52.200707729385115,31.85886686717692,199.7248926532567,3289.118384219927
Wheat,116.7097498552328,34.795545025924994,48.77791737197161,221.6982173127234,3947.250738208935
Maize,51.42514435782939,45.9413663613337,73.2553394431315,279.5548136510102,4045.128725900527
Wheat,86.386366083818,49.01558406647331,53.98344323786584,180.29020152247438,3563.2593139225182
Cotton,62.60402140149111,28.386436884468015,60.89210001250825,177.02501418384446,2576.649275333271
Wheat,62.32066322782373,55.386999398133995,40.34171298463458,100.70979837295427,2394.711185585414
Maize,72.39748699009508,44.64897006427812,54.284683582654054,222.68525230424638,3506.126413160718
Wheat,119.90343486525236,37.14900567005926,46.842789358284044,105.9543814814264,3637.2060144367397
Maize,44.39730454718577,27.29340734312878,59.54779475738964,200.82969794566327,3218.7129785068755
Wheat,86.28334545628252,57.692037516048266,23.03453396474062,260.84675780644534,3520.358962681741
Maize,46.605772642822174,50.202728165265,49.59801297433755,209.98421410393263,2997.1033956430006
Maize,52.361666399241514,28.320982509329955,37.75955750863802,153.9272330433352,2164.738173830849
Wheat,75.1650353418319,33.50843098896898,39.571103676674554,257.23368428987425,3313.7875529333674
Cotton,80.83681050771531,52.38697032352293,77.65504589348369,153.94340081650776,4050.9667035558614
Rice,60.70339266916192,47.827106528613555,30.961688762682968,246.60635618917973,2925.150959172008
Cotton,65.31657046995329,50.631371708628976,38.67471515471581,222.05169103804624,3427.040941717054
Wheat,46.95736162047464,37.648044088517295,50.593554543852306,133.99925934960024,2571.167720170873
Cotton,64.25758270754004,48.65905050568668,71.78161688897742,281.0267749688371,3857.4522819483686
Maize,117.32467515044353,35.45974891455655,45.00020499238222,140.12873659143915,3817.8660283616146
Rice,115.57659053379854,28.450516677527858,64.63191685329026,297.91741482813393,4267.685976926457
Wheat,66.7902632109588,45.3070813936544,71.38244589288814,101.46209773098815,3381.1252890558226
Wheat,85.66831490230092,59.04055702395177,38.600981349310935,152.6966754285806,3881.220916945731
Wheat,112.76763128887555,32.42403885581318,43.5650110123226,139.97205945483978,3566.1924113067716
Rice,40.494705811271736,38.43878368850159,41.393373421301376,102.79868203409252,2723.873785901775
Maize,104.85468562700734,46.96005484279414,69.97134851707526,246.4735800294631,4283.22940183025
Wheat,115.86956422311351,41.660251284899516,22.66081171721607,238.68516041991924,4105.717089170664
Cotton,47.30605874668456,53.73711182836197,38.5052653297208,258.4701928709861,3531.7302829764326
Wheat,52.91581488263368,50.469708258780635,60.76451345570779,151.33970929291306,2807.71373295869
Wheat,116.85970422170843,22.33188815449428,53.92660997392056,188.86703341659398,3509.6713359469986
Wheat,83.0032114912277,59.93684935695096,46.17736155762166,231.82270432430948,3431.257869918561
Wheat,41.135730757737896,50.096098148778694,52.396893633283064,187.9537007776287,3320.5404126212657
Maize,60.61055990108233,54.55613265176453,31.855075149699097,239.46515406358316,3129.284029195869
Cotton,75.99549394150877,46.047908483813856,45.84299729648062,226.79468168808842,3466.462983303548
Maize,95.43271288198142,54.25140512187049,50.10217905058094,122.9295606044353,3206.2842672858337
Cotton,98.65283025094396,24.495318997148377,74.07134731727609,256.20862421539357,4328.536186564798
Wheat,119.63372103403648,33.909513422372626,35.65010976823858,244.13527181850364,3942.108631649886
Rice,63.00089595070072,55.05683774417971,72.06971012989595,231.16687752348105,3548.413912043804
Maize,83.05760814947803,28.06620845067569,58.65448404955892,131.01872125420047,3148.3499997193444
Rice,82.6658838287684,23.12968394320091,21.220449864056057,153.59928975907275,2479.7315818607735
Maize,72.451620755779,51.52475759780876,63.477880213963616,178.63540631752008,3405.736531126407
Wheat,53.53295150739362,53.419446225731846,22.133112652943304,155.9859243312887,2956.4396274035607
Maize,118.19652505470741,26.506088727596023,79.84286760882878,145.5620581352263,4078.9130818595204
Wheat,108.26537493332688,54.17383931130862,72.35820126147186,261.07153403235515,4660.438076419171
Maize,79.86664226353898,47.47071182388679,37.84062485240274,227.64644927204046,3577.602774880539
Wheat,88.25963381472238,40.80330732866336,35.444673811802325,213.09442631005007,3400.948192283096
Wheat,58.180884284772986,53.2100077112554,42.88646492633653,145.19054217065076,3339.631449716329
Cotton,83.50296563133975,36.76996997275863,41.37001791886658,283.6153124537283,3573.030479861009
Wheat,95.59761064971806,27.75975824893589,42.340269103122864,138.23660781946325,3221.191361301683
Cotton,81.2133622709271,31.394107064424546,39.09659276716883,258.9901865649354,3553.243057731849
Wheat,119.2228136467953,40.206560731732594,57.268004410899884,293.3345333410586,4920.032712020682
Rice,88.9073324998181,41.253231706927025,29.85581982323744,245.41854584484722,3896.8151776348705
Wheat,69.67789700737353,52.223233057649345,70.7588775467608,298.57175503692594,4073.323792354986
Rice,101.77216220926705,51.65410894609337,68.74414904187893,230.21022339558934,4362.907457794926
Rice,53.637000926531364,43.254662288183,48.588992471316224,143.492068720779,2770.005920931305
Wheat,70.76126509650132,51.231419334619055,71.16379791671287,140.76389874330226,2735.9018627434407
Rice,67.75671603020686,27.67093833174684,34.8287042018176,164.91285685109528,2327.2760741788943
Cotton,74.54456760862217,22.002581083731773,21.053927342238016,101.4260040442012,2172.236560922874
Maize,102.54238607429811,54.945352905388006,57.15247550178938,236.3396940165669,4117.930740208532
Wheat,78.7338425730726,23.022179750510784,47.474564417882924,153.73355692556552,2637.0681466370597
Rice,103.52115602127702,29.867537189759894,54.02987277775224,263.03664645855054,4264.668857573787
Wheat,86.11911225118928,47.812757984975384,73.96036454110418,171.83453011186003,3723.2030175658215
Cotton,67.36555477260443,36.37791750509237,78.19553441395661,195.99129869266255,3357.353196724158
Wheat,104.79829949467779,55.05255879662035,58.06718838533618,293.13778331207385,4279.322078250529
Wheat,59.06317364424733,31.91919178649078,65.8433353911463,148.43442460945542,2835.6366879318844
Rice,57.95063838398364,20.47485386677437,25.028506009229858,244.25081948594791,2103.6777058353828
Cotton,80.36023392438686,32.02622562242976,29.642935093490337,251.02355786108345,3341.606980646981
Maize,60.86793967696711,43.123001967393265,63.9922882971786,144.19963150472702,2989.8158954914875
Maize,40.726962796097304,35.037535016131734,45.881927383280114,200.19936732243912,2673.8306070487038
Rice,91.86380218390411,41.394910230350206,46.75791622426434,170.04038506259366,3077.043008760268
Wheat,80.88750571779184,55.06392475340075,38.5164608981262,254.38124868001785,3830.017236515282
Rice,75.6414251594529,56.49940216921474,56.44138300866463,224.4966638058075,3466.077810550277
Rice,117.35748116946523,30.638962586164485,31.109902724972155,195.1966109721094,3564.0668361215326
Rice,85.6959347170331,38.48561893079603,57.614976758833734,255.87265300954365,4039.3501311678697
Wheat,109.07452622315076,41.96576060965805,30.42793142811438,147.03111400168342,4009.893914462107
Cotton,51.15601889641282,57.964498275529884,23.829562082582814,250.7243761168718,3121.1395105526467
Rice,85.5365170503542,59.944692766575386,39.82146132194366,273.07486241856486,3818.3086807574837
Wheat,109.43837013847224,29.416289953661064,33.86842052059086,275.7243193615145,4087.3595558274137
Cotton,86.64846058239183,49.07919485383262,73.33949831337995,256.7347186039208,4400.448494257234
Rice,97.44113425016012,35.121242489327805,23.297207232117596,181.60283339965375,3471.6309571624442
Maize,69.7634854249766,20.324327875448528,30.59682155444737,296.36160454356536,3973.1891285331976
Cotton,47.39596136296533,20.370100897436096,52.92317633498297,175.91872876448798,2327.5595302012116
Rice,76.63202361016572,38.42264030249023,48.864031450848415,227.72507982048512,3530.7716922035993
Cotton,71.5583512671086,39.53339652017338,22.75112110248209,132.21483561389374,3038.265958498876
Cotton,109.36481459031579,20.902787862937707,20.43514568090867,296.08977972727854,4275.740281681049
Cotton,59.51962418819778,47.4770966709721,79.28407651766899,240.79718437293266,3150.3856008494836
Cotton,117.33873820280864,31.760135543798125,59.53008202153029,250.67550904927367,4341.057874627809
Cotton,116.6510495843597,42.395724061437974,41.92436785409341,113.15534068222892,3964.618154669984
Cotton,59.8105314457151,32.03676292661675,48.22593485979448,252.68356284413437,3929.3686315606737
Rice,67.84415643818564,26.68537259477229,35.993007227257216,254.94468584412027,3352.021759455487
Maize,111.6444592699108,36.28694954395501,40.692427021592586,234.35454527244596,3931.774834539889
Wheat,117.3297776716886,29.29093459162003,58.94266803609284,158.38192275806873,3592.46271923176
Cotton,75.47512822688353,41.39203907676672,72.96870793204224,197.9380084321763,4129.31973786912
Wheat,65.67976365127183,27.953141211459197,31.047801384871093,122.08687426174329,2620.7712220342705
Rice,82.08752106012336,40.33623906578508,70.42169032311912,194.31741329183052,3425.3974858406305
Cotton,95.02153650925878,26.295140594754702,27.293397771096146,148.76477052008096,2991.898083031635
Maize,61.877961229998384,46.8389883794314,32.89953341530347,169.8193972988164,2931.5101125474403
Wheat,98.91785396952582,50.15750737765696,22.23051728297876,132.52008168073974,3403.268704688864
Cotton,44.13258856917128,24.41576936999735,28.44871172557997,146.0108735493794,1877.0126473013008
Rice,43.94355942115332,38.71209648149357,75.03818872784304,115.31372836402325,2428.932151925856
Maize,70.90301641164362,22.834868026194943,47.566324797102716,283.9802732873843,3032.6036855386333
Wheat,68.27785536485764,43.9272978216801,24.659951706701214,206.08213759508067,3293.0797478712097
Wheat,65.25065722937218,30.576171917185814,77.58361028233767,179.34839425254793,3128.5993505284664
Cotton,79.2815810135128,41.10497827354831,72.739538465519,207.0058425537568,3799.333207245607
Maize,65.6586865849257,40.698440375371646,65.28095125208847,225.65864569631054,3806.9050111796414
Maize,55.380633477447354,56.97417384775201,76.00836751685347,284.3757586738698,3917.471492898447
Maize,64.75756392708807,41.96332890274891,33.20776525014585,135.73859045726266,2651.7240833210767
Maize,117.9923418248188,43.319939188732626,70.18215758060518,159.11049972704353,4189.555866773783
Rice,72.88907335958788,36.06612503057521,61.39947178125837,295.15786726882294,3850.379275958739
Maize,75.57702214866686,57.96318412731267,72.1855549740613,174.23859732970487,3960.5343940623793
Wheat,86.12359919609119,51.08743637758438,67.81469394455779,104.51233015146553,3441.692211648257
Wheat,118.66726147313813,31.416211612113663,40.7897037906095,129.52869852743177,3432.4455215103762
Rice,59.32810211486104,53.76838343104928,66.46391222103534,105.26774034971041,3166.0665274214334
Wheat,94.50256884259471,37.295854407403596,35.74737817909342,297.9846284841457,4303.614505356798
Wheat,97.27877548333794,53.14668574134376,39.71552978168329,155.7741697982446,3230.2216776991486
Maize,88.58595334344528,52.91552273174008,26.474343033378567,284.70855138724517,4301.015591424934
Wheat,47.08626717093153,27.554807470514177,76.10459695882813,299.17725515194314,3526.3206873730564
Rice,94.14978206620611,48.045645255343075,37.46020180401689,219.96824422862284,3816.5045469757592
Maize,45.12757688289404,31.625718772261244,51.23734791028711,106.63926301311236,2489.0309612267893
Cotton,87.69141196399175,31.899706799706728,43.47997018797156,116.3183260773854,2835.889131463905
Maize,99.16649417773941,31.85392307522323,77.59568723501009,196.31781102157555,4163.331028107697
Rice,56.87759124959604,49.02272990239793,40.102950256308944,181.2344025822972,2825.0770493616155
Maize,107.32976060342193,29.193041671701444,66.71274928536134,221.23546115635352,3686.8193196298084
Maize,42.42830444264034,20.03623340984361,71.32496927787079,187.7695619422728,2406.802713598988
Rice,107.50502909266449,48.60947413930532,46.13638984885796,286.8153698542969,4555.600419325495
Maize,76.82632405142121,26.84738975340501,42.69030886717587,206.9479430827022,2930.318229053047
Rice,57.40703519453156,24.179295812313384,64.86474925595768,238.74521229248845,3568.37076806876
Rice,50.70225159951744,29.500644823762407,74.77375881837405,279.2970545284993,3708.1919908626105
Cotton,116.2645734065898,35.19602089290816,65.2959039843343,129.37437516664147,4148.305279218306
Wheat,45.81324700649254,39.03625309892803,33.62758193551194,145.9469308237057,2390.278601697003
Wheat,55.92747359487405,21.782801628505233,73.29846484626232,121.46373209480302,2672.8568575101735
Maize,67.82578779464367,58.822933305094416,43.25490004620998,127.92767984598245,2700.498816095662
Maize,89.61878791688963,48.642522136782326,54.57376470667606,202.51679338684664,4004.115939685768
Cotton,83.58408682208787,32.927762612973446,69.88613715756267,164.2358517934928,3514.645708455625
Cotton,50.051479392985115,32.74789029141589,31.303686044029533,184.634567905351,2671.937418860838
Cotton,63.17823869905717,37.94170197473838,67.07060814065318,296.4979663588124,4167.782586343704
Rice,59.100141686881926,45.04979291052132,55.76976787464065,131.34086955918963,2667.311345845608
Cotton,57.08342835922731,25.85492266355871,73.60049850965649,208.1624141596151,3083.0424508541073
Cotton,72.89154691839897,27.557192550598092,30.318224110612576,119.77423101073019,2626.455281683677
Maize,96.32251620733255,54.37738331334204,45.24093422245571,163.69926265277573,3423.380695615849
Cotton,57.39623457737888,30.250196955562902,69.97058557201024,205.50518473491974,3076.4666599350658
Rice,69.3343103762385,35.2077999190071,21.15390220740561,289.3263491930676,3451.9194064565145
Rice,71.27339414729298,54.85087403800468,26.732082005938572,178.2456442566966,3018.325306606991
Maize,118.11652235483281,46.5259131759929,79.43391276540407,112.98133924293397,4370.901536799894
Cotton,116.3733085503255,33.66847517366753,36.82365071542103,177.6322895920634,3377.4080706501486
Cotton,104.01100662016607,47.34798182898483,78.5325916234372,129.14823517479556,4152.133803277493
Rice,59.33271366553481,20.78732861525655,30.951893060520433,145.99792265828904,2522.241701963356
Cotton,45.44298512733357,49.42570640045461,41.66566658044014,223.6181246329981,2803.622351177704
Cotton,65.35233101764999,39.48064162064958,65.17216667021424,113.48477324073633,2638.1530486138195
Cotton,61.34356395470647,52.52728589137845,59.46670443429071,192.94475125000747,2773.831728163589
Wheat,80.4740640117115,58.18550608025873,54.86734399574333,221.89231720215287,3606.100498038651
Maize,102.21823280542344,57.03154197978273,51.79395054830046,184.37167847349937,4225.898755856266
Wheat,108.66583511030865,56.37060173821363,70.60642661988442,103.82527012474607,3843.6014380970255
Maize,107.58912683284068,40.48679823735549,34.09691377000357,297.1038713805731,4539.679576540259
Rice,68.77404489784541,34.40568456555752,46.548255619611105,173.42315346810705,2828.431578828416
Cotton,94.97874747685464,38.601412989226915,29.327137529387436,255.71543738665338,3921.4595127078883
Maize,65.0267358019376,47.595840132534434,55.756495743842265,165.12929843749066,2945.4681251300603
Wheat,44.872443458814615,55.35991107484747,35.03266545627921,195.00335139868378,2555.972575160584
Cotton,96.12522124823539,28.279452120004784,40.030523860603154,177.6927285221993,3331.5944848326535
Rice,40.786204205583026,56.72772633846812,48.27504299741169,168.50784590192154,2573.932423415837
Maize,72.73460699667908,52.607209278795565,21.60623514218767,104.37027544155575,2292.7176286561225
Maize,66.35034154416606,59.15424060712938,25.51627615525026,172.00418757090068,2973.7620593082993
Maize,95.4702030815082,55.21007093126749,61.15575324249318,277.897998079906,4408.640883574642
Cotton,101.29963782083031,31.197493187676265,45.738198843050434,238.07866771873674,4162.628378925266
Wheat,64.3275708777027,24.238236453761907,71.88741331999373,129.08457181908796,3047.253524822433
Wheat,104.93016115558828,24.489642879663545,61.680320218651964,218.23100092454783,4195.562621974018
Maize,63.513340840394704,31.648932743131045,20.486056498839346,278.4461719897743,3300.2081275803193
Rice,75.7061087989249,44.56734895938157,57.00273984602809,240.00680819297108,3750.7327750558575
Rice,98.16148216113072,52.172813043886904,25.623491963582985,129.73687847133934,2990.6635208015496
Wheat,95.43361833798309,55.97001227926259,66.85599078742965,273.5664993468994,4463.305731527458
Rice,118.989477784976,44.95013537476931,79.49046129671012,160.30880265777307,4426.85929521547
Wheat,58.01288193727455,20.22525250992215,51.87192765449069,190.81522886246836,3124.0898131898657
Maize,92.98543308316658,27.45267106074134,60.966770011647824,205.22855193782928,3810.552443464472
Wheat,88.77455266206219,23.989048154134718,34.238849653685094,270.1013208756391,3888.801485333138
Wheat,113.20787635920239,34.5329790227604,46.255864625227616,286.3214990295322,4088.3041912973954
Maize,52.508971331590004,40.05403974534984,71.36571993418302,285.9305755581112,3487.515631508181
Rice,100.14385308695464,21.735887143142435,30.045376864775072,101.59083625570813,2979.165629624502
Wheat,85.46148930150147,33.93911903182621,35.93213633682573,284.37769711709143,4017.0242574482954
Wheat,61.97326958303243,27.167186985012904,46.726020517161814,110.87739320031447,2426.8651060281995
Maize,77.95479313177393,45.88280665035496,62.734933510640836,153.1547313634871,3326.291458312746
Rice,66.70212776558382,38.5708947729736,42.55303728774043,202.99757094556657,3275.7923411621737
Wheat,86.34507222307687,39.81270587735635,75.66393678698023,195.98513780087882,3487.0611206315752
Maize,111.12004886517327,37.107671521338446,25.66742307612315,220.9419587774784,4208.688099933662
Wheat,85.54439875297616,58.24078841946268,42.24825185269085,195.88924574740116,3420.833362574116
Cotton,90.53779346612671,28.589405004862527,62.537247405705315,286.87513592808415,3552.8539402562797
Maize,81.49982776917676,40.666570393754974,33.55920593968955,148.1097696429174,3033.6534043123693
Rice,44.09324051563807,49.44069473461344,59.384788053780376,154.80493880769717,3179.4539162670276
Rice,58.62868455008754,42.2737765253825,29.853017493640756,284.14758713861124,3428.483033419032
Rice,79.36013835456663,57.160835428672044,23.358817091701184,115.34790274905124,3112.51283593944
Rice,64.81882269957637,35.118734225651366,27.260943004918932,221.91216438096197,2980.6803118309685
Wheat,54.54108782089554,38.54703223092712,75.79908698804809,236.34719041312215,3345.9364151755426
Wheat,80.33062735347507,23.540892608589136,53.10505297637308,201.10834468594788,2878.8069144608125
Rice,65.82478347582803,44.35996444207714,67.78074652877893,238.84637576462745,3024.35845550471
Rice,60.64861145387318,31.528478737924242,39.959270054303076,134.5509292023934,2591.432182190022
Rice,77.11883339523047,26.412361580622754,55.5595188731268,270.526446554308,3941.452060169486
Wheat,50.66274064657385,41.78125171618032,49.697128022299495,128.00513789397712,2636.3347481323904
Rice,114.21965864603258,41.292410535196424,76.74427756413763,180.16248886314995,4375.617883771073
Rice,109.41616783353912,23.0348656489619,64.85447816324663,115.05152026164116,3865.641178141804
Cotton,96.60964685924283,47.92861813977891,63.83255788979474,209.04221576348004,4079.84543171933
Cotton,48.4971062070765,44.95088762603412,22.781196166056773,233.94916148512783,2779.2525572490886
Rice,102.07018035757544,27.560691309859887,52.980180140221464,288.2443270190581,3934.3837772396655
Maize,104.63658624872151,38.777394486161754,48.019487234108894,247.86723917920017,4573.8714952910395
Rice,101.42116941714701,48.8129166591424,75.67053599637167,208.22058329083023,4340.781270624643
Cotton,49.11727096953929,41.17742962165106,35.440519291371935,286.5234034340667,2929.36181401574
Maize,91.51263656542118,35.81956304734281,36.19000719746566,195.6873676081753,3124.6072078109187
Maize,106.74598365995189,32.89353832323775,44.680774932890024,212.24113061977388,4137.429499917985
Rice,86.18827209757342,44.415754665762144,34.602182804382565,219.21970553401917,3267.137885357308
Cotton,91.71259001824711,57.564347932409625,27.75103506852497,181.9959451773134,3992.547411464735
Cotton,76.6690783541045,46.86979361909934,71.44489079904804,267.6965381131648,3306.2968330866997
Maize,82.2965855907242,22.98983614545262,53.49659146423495,137.03518776901183,3333.00722731337
Rice,42.75014866813802,38.427398939285354,71.681763137394,210.9684380743216,3124.014987833948
Wheat,91.11704175786276,55.6329652604251,69.86808592422176,244.4466512374388,4258.265055960262
Wheat,46.515777031292735,23.778497032043475,36.92254128738027,280.79523437531543,2851.96292693773
Cotton,74.80116754721787,59.55502848550174,52.86424665945644,276.78367928685566,4446.324682853293
Wheat,63.412407813392626,57.962775745816856,24.99306216440423,201.7480578860284,3272.4122752653548
Cotton,83.63423601693705,23.130979229195034,74.9151130418455,228.63229023266834,3449.499678413141
Cotton,50.673306841856565,57.336532817982196,44.255762903909186,178.8475472258602,2507.225793130377
Cotton,95.33147215786545,34.52530361037849,43.62057103334128,193.63555257604006,3578.97791866656
Wheat,103.60092295427762,53.7883666830345,38.16532223707719,281.25315851460994,4297.928244932878
Cotton,53.06835597945252,36.73533350853086,47.63982468264223,286.1407986384948,2923.1896404075346
Maize,48.34504698815057,37.63420450810064,35.10556319272688,279.0828116134039,3054.4426085076225
Rice,51.64123862298873,45.36972363910171,42.491136367808274,127.67417236272765,2393.7775461061883
Rice,110.17020495188014,50.97909677103934,67.9968229150929,270.0168042661272,4627.187617944553
Cotton,82.2551409405085,21.351566037929945,70.0553302151103,289.67274620429606,4067.2092654689964
Rice,77.3808796806002,43.72623982108537,38.250948657710964,172.24993891472093,3534.4823801205516
Wheat,48.53694552818834,27.469319763894838,48.140865833167275,203.72925788433383,2930.574063519792
Wheat,91.96448054055693,33.837980714528115,72.42918657680313,255.81905116259918,3884.4433524278375
Rice,109.4399673516072,33.91874664620866,23.160399909781827,212.41562751312975,3762.855290954199
Wheat,106.25486954587623,38.762413608846146,73.34869771974712,298.69670434124987,4620.483894408652
Rice,90.0843767184641,33.36545647504693,33.1510607391399,191.1426730313657,2976.0959925234188
Rice,46.02229733213389,24.294444738026712,60.71235465286255,242.7885422414755,3040.559142743802
Rice,48.99176217408104,25.825149541018057,54.953101783076015,258.51822803930884,3498.0437561324084
Cotton,43.94471896878598,21.337519422443908,53.176444891355125,198.82008315168787,2581.026690226216
Rice,60.598337319397544,38.80996341315017,71.56161348516929,271.3967611422752,3230.5439033386765
Cotton,50.85291737283022,58.17790779411954,26.094328618679675,209.23091824143927,2928.1524514115263
Rice,60.80384322019471,24.62700894592466,40.82168151953816,182.33015936032626,2406.432847568301
Rice,70.80464445751693,57.85057972012328,52.29516478068594,121.5647347703894,3315.3672552571625
Rice,115.43862272569085,49.334460589283744,68.67733123676238,178.68271527008483,4381.311872783171
Wheat,88.83008478253537,45.499952117366526,32.98658500470029,246.78729094665684,3666.0157429056358
Cotton,106.79790285463699,45.811110212942516,68.17579048245658,284.2572823360215,4492.348823979493
Cotton,96.82812005698658,53.06910593585128,43.978308949636144,150.33588077206207,3518.139350208759
Rice,49.000250442130536,24.276794575192856,31.334831386021726,171.0471034661005,2343.9784976369638
Rice,98.87363250991591,40.19017294262167,65.53918642660895,130.79219882088523,3378.3015635250763
Wheat,62.00791052472995,47.88364553043034,25.45393408847287,238.14457884579377,2789.0701006736417
Wheat,91.12862775957652,43.472817802942544,50.88604244452658,292.0376860019851,4415.712704436541
Wheat,67.27695789143908,53.311162840931786,23.832547031713304,228.1904439696351,3133.646642178154
Cotton,119.81378106117273,22.89086836045406,41.38507130946725,223.41530600124526,4004.0264985697427
Cotton,61.08411835974223,47.628041579966634,56.06460794038356,210.69798610008678,3356.5071271311026
Cotton,62.33043766194157,41.36110921538871,53.36693248923279,117.6911481371073,2820.9113739912805
Rice,114.45378044499186,35.16643455919774,44.279325074279996,245.90076528587673,3861.0078406178045
Cotton,41.97155237090581,33.61099928936123,45.74287963832694,220.40990870987017,2299.3382329432975
Maize,95.73511902985575,44.83330531096772,33.60617320104599,232.2953537712574,3611.5971759627646
Maize,98.02611125887026,55.63981498577059,47.35295530544617,279.76221860548435,4403.416311675033
Wheat,106.91028619283195,39.84703704404461,77.19529134325006,256.79215741220355,4276.475829624451
Cotton,117.95514485107803,52.9889265630768,71.02717506702743,256.1830504309052,4661.5163904763185
Maize,118.0481535325322,36.0862552737587,28.71397214458063,285.43675377586953,4804.049670633231
Wheat,45.22214060531711,24.09577851172706,21.786847239255255,297.9869902925999,2349.5953256908506
Cotton,105.7471458202322,22.46022945834554,76.01145876299783,216.25654639221193,3825.6101988777395
Rice,91.7047946925905,22.0533748529471,51.60498499284486,121.77632320623314,3514.4092858050903
Maize,91.7873707498473,35.206005678306795,52.27026938895846,191.82598155508728,3545.327675303148
Rice,50.267994129175584,33.48951003343368,66.84307974239134,257.52022929232885,3086.233667237195
Cotton,92.01497331565227,48.71748094490278,38.88133843227959,105.54506495236984,3449.6102293579997
Maize,118.59860644809983,49.71286006339463,48.91445413016013,111.37748767122982,3791.168825604561
Cotton,112.94548556315576,22.034158753349594,78.11977478880425,113.43155647656427,3558.7070766868605
Rice,75.13045286438805,28.8449305155606,60.328921215944426,246.20715166566217,3580.9045199928446
Maize,43.195837862887544,30.97047400635599,29.224701919747154,200.2333257126344,2278.0572150231997
Rice,68.98347920001639,41.904479365712376,27.9936048790612,173.7795887041187,2639.017604578029
Cotton,106.11122492804442,25.78060895627801,32.25588549998032,121.1234090523472,3119.1460245329877
Cotton,96.11992811721328,25.357648776000016,66.00270046524305,246.44805004117782,3673.9685062611575
Rice,76.74749244751652,57.751555568318324,37.72262023043696,164.20396211017993,3275.3928716795062
Maize,44.40812281270649,52.16811629191124,21.283330800504785,153.06481401293343,2492.1226260699514
Rice,74.15157822586421,27.226196083646812,76.65046181033972,230.4638403107102,3793.531694739169
Cotton,77.52199517743068,36.262712316219634,30.182804983694638,211.80217851936834,3473.3686498013826
Rice,114.28444263153088,34.224879970302624,20.573491168884114,172.48212836266032,3434.5299551052676
Cotton,91.28688828657275,51.64016296261629,34.22789614299938,228.2974941611176,3871.4660289300537
Rice,64.93223333237191,40.408516659124885,34.10172722708802,154.24430407682365,2889.0520540987804
Maize,82.0254611560577,25.11398947973868,45.32031505074338,258.96605232086534,3607.814265631659
Maize,45.28442462577281,49.55968252624976,75.22338989000221,145.86379006153078,2771.523830048969
Rice,117.80545885197894,35.87551912899676,72.75109506674588,131.76753907640312,3680.336181817029
Rice,68.80479215445808,30.516969905285883,47.413673298945675,256.48788189977495,3486.766512398647
Maize,78.22938839305087,35.0199448808288,44.65399429950839,241.57840613958663,3056.084662789616
Cotton,68.42271793895381,39.91026254427585,53.30054518849108,136.52779514035967,2859.21664287711
Maize,94.60093840929602,33.72462065668038,34.607240718305945,123.24915053798759,2431.422745208341
Cotton,92.97857266636744,29.676230903670312,23.13109951798177,267.6798176973384,3265.3385566656016
Rice,97.22578484233085,35.94008115215921,76.3534481702724,255.3196964393376,4002.194580275422
Rice,61.451458368953666,20.76691642999593,31.201939092630365,165.45147473993285,2768.7870643344063
Cotton,65.25347849312527,50.89991384385256,31.904043754742982,231.63948164267333,3434.6264308643495
Rice,50.020098487696636,26.83779574270343,48.34761973123686,124.83203730956217,2191.5680345905994
Cotton,92.440797747689,21.75618454522549,49.496800690419846,201.40953180953562,3609.366688735422
Wheat,43.1837701868522,46.14794771620317,21.106052582044516,103.74605841208397,2282.7797946837413
Maize,87.81458684187672,50.95744515294689,28.877284326438243,178.3203761843111,3332.360417081401
Wheat,109.57567078813071,52.55316526371373,42.689289113644506,114.96856429428101,3258.6412339053454
Cotton,111.26657186317068,39.740367306424,61.023841610632346,195.02943603137652,4013.0902199608377
Maize,75.92302082959694,28.21472738759941,33.70510740991615,184.33632937057888,2939.4507232429596
Cotton,76.7442950570459,49.48910708999307,45.38086677450576,188.8770053276112,3065.3466927823
Maize,46.15753464064139,47.98852308617349,53.44070388298801,109.06626040959881,2578.197939675993
Maize,93.66120203544286,29.85082936412693,73.31554967739751,172.32326825636648,3708.8363906388913
Maize,105.70075362982764,56.13631023451172,39.5642301396274,251.2967698199833,4339.636113620775
Maize,59.57240436837704,24.17485832331316,28.013495951809013,173.78287467072403,2581.181685674116
Cotton,73.70407053066917,59.30752958365303,49.356333553856494,243.03439052191612,3929.5596714827725
Maize,107.10714694122163,54.40991243909858,64.80329610104373,173.89574472674664,4053.5272718870847
Maize,110.16963741298304,47.51594581916301,26.591585423164005,184.6478882980373,3792.8463958282155
Wheat,59.45439842113807,57.54999553119332,45.481009501817624,212.77842256585322,3180.0462547408647
Rice,84.04565076330914,48.892446732948315,21.067108475749006,290.1363873614165,3614.759292194029
Rice,55.39945205086617,27.618279881201836,22.013550898835067,121.77208932933104,2492.167858815538
Wheat,48.150301131164525,37.68624552451247,48.977201792999935,106.58275373223474,1830.68397786466
Wheat,112.8896401113566,22.860120973265413,37.891837889055765,221.59143676200904,4012.4005336727723
Cotton,105.64060033856873,35.58629689152461,70.70643794032472,289.81941778568523,4329.592618262791
Cotton,100.80279214425391,49.66412078948835,56.129258367587255,297.94462651094295,4273.925879890237
Cotton,43.90130550505123,35.4577340372327,47.235977704579426,196.83284947840036,2737.6347029918625
Wheat,107.49830341682059,33.21176701872537,44.47612226325778,193.61632421701967,3373.9511063574
Wheat,75.0435260724307,43.81422890041247,49.83472881137379,228.99275414903923,3315.8595069810854
Maize,67.39160986366878,54.8881811599558,22.42632987275968,211.12695144099396,2939.3202957698263
Cotton,83.71810888203012,21.903327701844496,73.5676013852396,226.81761152282363,3584.1803992189166
Cotton,47.308259417884464,35.41881738798942,79.89818934403749,274.79988510757886,3248.521375115891
Cotton,100.53172394819191,26.32962967261051,30.889227491521922,249.26123389752186,4081.0047029514267
Rice,86.59480615106366,47.814170029274784,27.222977886477185,199.3754783373591,3850.8378507465
Maize,54.9272077498534,24.228982417245394,28.614647806915713,192.37289180003393,2021.9500848866169
Cotton,55.058575981523646,46.59231034320978,59.66162349406203,227.92034970262318,3422.4607514311133
Cotton,54.73989212581394,31.447234831916294,59.686450307046485,191.1412568840595,3129.9215235078022
Cotton,44.56019100415472,27.95667254948899,70.87544973670467,191.55587025312798,2939.8436578991154
Rice,87.02387594973479,57.45410231299942,65.1095833055752,103.26118035730096,3258.7523564205526
Rice,107.22785420708065,20.740983069838236,46.98138040216038,134.81282748146168,3261.847223454787
Wheat,41.399857118991086,37.51109087558276,56.77132169391913,197.70272799915062,2564.4887118893535
Maize,43.92037159770189,20.865079698471753,61.297080222080474,264.5306918100738,2871.5058986217614
Wheat,85.82162213495566,39.34372192417316,50.764188217113514,155.74540134542482,3000.7914932507447
Maize,105.55965483088418,40.041895111776725,48.5390590670982,204.52868662622978,3859.913346690729
Rice,66.13911124549068,32.866498855789885,58.705846738559195,168.99241695184645,2641.2221130068674
Cotton,67.96915190461777,25.28647110100095,53.448472938539226,120.96079790791781,2616.137467863078
Wheat,87.70771979974208,35.05550150937901,58.63653832015462,291.65969661426016,3731.9234185058112
Cotton,61.93703112993176,46.89051759730264,56.771286437801834,270.93477405006035,3651.643596582574
Wheat,42.12866928621473,51.295832345778365,63.15179363081928,115.69848489338128,2414.021505840582
Rice,98.81828144812769,41.23002409552569,58.568210526972564,243.95745249365692,4151.603809919251
Rice,90.05199303531626,43.593375777590225,51.18454918623604,169.51598087150003,3773.876962277832
Rice,86.46047992445273,28.02465484498611,60.907808677063194,298.96996141235854,4393.874124638584
Wheat,99.33473031934585,31.493213329105977,46.968917911125686,160.47970396579552,2806.0302573826093
Maize,94.018467004963,26.475824402094336,34.500273558356064,147.74768907252,2885.234956392181
Wheat,56.47055905426569,29.97181400018445,20.085093208034927,213.57810966108104,2569.101792086747
Maize,68.19848375546809,28.99547120902127,53.59784882875059,267.0252326686408,3561.704968332762
Wheat,50.08881133429,40.7779514556495,55.43931359651846,138.5037743639596,2225.257403231364
Wheat,50.38856107343048,42.507550231629175,78.32293788654286,241.88055394386626,3164.193748986005
Rice,94.09565970852313,57.79789683286018,41.68870004565653,112.28131662822433,3398.1795210097025
Cotton,108.68800855859986,27.822825884060922,43.6479945696987,283.78694862209943,4166.89481385268
Cotton,117.01860670889113,45.667028406459835,32.107974880531415,116.21498322945976,3650.8985281951946
Maize,90.26776940395555,52.690370759500915,24.232057714239314,282.8462752688325,4024.5751835937954
Cotton,54.728105868876554,42.409658551322096,66.36826957170443,198.16144989054055,3233.160361704356
Wheat,48.452027635914455,30.20014610004303,34.980863860359506,189.61822255918395,2580.8518312043648
Wheat,105.02807772294062,30.50200920080001,56.53429166180228,294.6614159000753,4309.114448872522
Rice,86.30051810879993,21.570122122839997,61.26638213272889,298.0768355396438,4081.489562889077
Rice,89.46280168109759,32.217769061939265,48.27420123749886,230.0356251922024,3070.033130697972
Cotton,102.51696710037675,49.784147160135205,72.5811267816315,125.4238583714097,4181.729105144576
Maize,96.26217821859612,21.900710288284415,46.627690458783725,201.2340171310405,2916.854208917102
Cotton,106.75666022848773,28.771811300193228,37.094517382505906,205.8326201911325,3397.1994402696964
Cotton,44.497112436790275,48.249299941271275,73.76093137769735,202.88928562706195,3075.3051659072275
Cotton,99.80165093972039,51.30606251291506,71.69385705499738,213.89836770400194,4366.6860989123925
Cotton,108.06822058576763,38.212736402477134,29.84239682458478,103.74494275887814,2472.112766713878
Wheat,62.89080339666515,47.92297353914596,21.557661101235258,242.24545629410048,3126.882955107121
Maize,91.23578191946024,35.51808674619568,25.39913338097724,242.47886039059762,3732.945511121326
Wheat,65.13296510695777,26.3965298009651,37.19284391322903,123.09395503557758,2725.179472854118
Maize,116.63768531859633,35.92597974091626,78.33558810450265,214.04788848916013,4209.853001492192
Rice,42.6738857948403,43.19871280812571,53.5109691896495,213.67223648715492,2814.776550598145
Cotton,86.3834275066364,57.922131274115614,42.39570392175613,236.49008403808003,3702.337697593647
Wheat,53.32028376396121,22.750038083547093,73.32296567676478,117.07953842701622,2453.2242502750746
Maize,96.9776164141727,40.295763753798425,47.18817988870998,225.30066145321928,3569.5747289717765
Rice,54.07122267349297,33.15679112842898,38.91431770406127,156.15039014926822,2318.745588833245
Rice,58.83066095186861,40.33246777106778,76.47317172473944,201.4005980992344,3423.2704486371067
Cotton,79.54966488366065,20.959017895061265,70.97105997156068,254.66471054081535,3699.340178384496
Maize,113.18679599975025,32.521014188063255,70.62010252516646,241.12918727260265,4462.35808676456
Wheat,56.93714977183767,52.7947259010802,50.73708458301279,123.78060353559867,2838.1828676393707
Cotton,51.539201689448284,42.1576693541855,67.3663039289273,218.23695742321465,3374.5301393525406
Wheat,100.71814654832245,38.0232997126447,30.761201555873114,293.82330618814774,4265.488280459759
Rice,80.04956258671447,31.421002868613584,54.39337745337462,131.35388746700045,2583.218217886446
Wheat,112.9428089905417,31.921700911654234,79.03075537085275,270.581417545083,4345.668201599954
Wheat,51.72916457278738,35.32405734362338,37.4575058310777,240.5096161107554,2874.2927999256976
Cotton,91.67423144184315,53.42282839858242,67.66113975486051,254.80066258195194,4236.155435822695
Wheat,58.630331692145205,58.688528272330736,49.42870443248403,156.3916654285291,2868.33103773956
Cotton,52.540834292131144,37.54621525401498,22.38834099332524,157.5777858759685,2636.067857366712
Rice,94.67435321258165,35.734113549910475,65.78116386894004,281.2038911552976,4691.765906963934
Cotton,87.49476959269866,53.86203103279451,30.11414866352677,171.96640641851172,3428.76423268537
Cotton,100.3861966689865,37.076212825452146,57.88841402796501,112.6030781385621,3414.8508829691964
Maize,64.7570061156946,42.080726891826046,25.139851642818375,220.11934071589002,3234.954116568132
Wheat,75.8377325105752,29.23766658394978,76.81204384975788,124.96353380836854,2642.409352936313
Rice,72.43773410643348,49.74010143116301,37.503433230821656,259.3192482815816,3579.5082399154862
Cotton,118.72715711732114,41.27953273083128,33.5878815006437,228.3492885002115,4354.827434756129
Rice,63.37991653915103,52.36138200961366,27.74818424398006,274.94530104424166,3260.594930180813
Maize,63.58537906774135,51.22930920114679,76.76013160034287,256.96744995652705,3505.0869544436787
Wheat,68.36385670628859,28.600190730801142,62.71422454647831,122.42272966763923,2766.5562007608432
Cotton,85.16752650322573,48.625422022310495,64.49965332308531,176.21413528688447,3627.416392690584
Wheat,60.18581954109962,52.00217631805486,49.96427368281468,254.91204998291747,3254.4107838203204
Maize,113.22319523034191,33.8442896312958,48.48366711622901,183.46829465326516,4370.367453163059
Maize,61.25484518930108,26.904364516090983,26.6012745794886,294.47309695599563,3044.143722923389
Rice,111.66525852481557,20.105286223183526,53.59046573503951,247.14808997868985,3734.4683575120853
Cotton,48.27800509172677,38.03614612372593,34.81498970652743,103.0999833380642,2165.682329123735
Rice,92.52501619197218,34.09730926155366,78.62871996802434,275.9971383121673,4467.8560532613465
Maize,112.5588414750595,42.19639335301636,67.79485640090884,120.16095697371152,3815.522777914471
Wheat,53.499955071858366,27.52164370355143,44.779523611573254,128.10474483601718,2502.976356042887
Rice,117.4661568079404,54.38662190665901,29.080475521491984,246.89848012221017,4074.449792665517
Rice,76.23066883324094,30.310208625124385,67.11990146832704,272.99371188609604,4143.964228214459
Wheat,115.65720867528196,29.057184203505997,27.32322602487896,207.26992557991122,3880.525611725104
Rice,94.14560349040376,39.228562259374236,31.36002520982423,157.80994658915583,3529.938987203183
Wheat,64.12694958988412,39.95404094977097,32.69123106465365,170.2631090506351,2903.2515980336702
Cotton,55.06420199336851,28.603409151403714,53.413438296385664,168.5778659192112,2917.641267689587
Wheat,64.29880369800796,30.87442906903663,67.22339923942198,165.33562076190245,2808.520571677008
Cotton,47.441392741014,26.788209566209797,38.85889272348153,148.58193436432995,2184.049579016844
Wheat,51.509437307466385,48.73840713292667,25.080188856517367,221.7734189258466,3208.319889212929
Maize,48.37283522771849,50.80356125016328,47.87230781146515,280.08106371301346,3749.4176526016017
Maize,73.83548349932462,38.493139898371304,64.88661446959614,161.41648261666825,2960.138539617832
Cotton,103.64627010060691,48.5634809074007,33.2998305852433,137.3388594922824,3530.5212529795313
Cotton,51.310684337307215,49.437415677497825,33.19547288236245,267.715533274285,3079.6377512752465
Maize,50.42563465378687,25.531021107112345,76.83362164080265,248.35666617794067,3049.8953570100266
Cotton,91.47431596138645,58.64712099338147,77.24922362715068,286.16740631198206,4624.8423308958145
Wheat,55.7746385574453,52.84127788385724,79.42794392369458,133.10394712098193,3383.07873657351
Wheat,47.80880304871933,28.17933844783294,68.4595760944868,128.8502628233183,2640.473209633451
Maize,53.34788625644621,27.446601429842808,31.291050150076735,208.28587886099933,2564.082953100151
Rice,113.89851167014208,25.02644582318331,32.71889124795568,222.88673096701905,3920.8284222392
Wheat,105.71770022209526,25.535142501676734,40.41351449134352,196.03468837191792,3503.654857395635
Cotton,68.32516498840752,49.92647196114785,39.08795188000945,219.7933272647751,3421.84536363173
Rice,92.46566138619143,38.786170278064944,77.39166494468054,136.07595377501428,3933.2287917240355
Rice,82.98205389344304,51.31736690959469,67.34443897290161,195.9227508328167,3243.2536020650036
Wheat,94.16994107860512,49.85019577400821,63.440527529693234,231.61851218793356,4285.072199574599
Wheat,94.61369219702075,44.18450854020887,31.15779344348791,186.54128984974074,3092.781215319845
Rice,90.29872120479943,47.45466426314718,74.57153356173978,235.88946716331958,4427.077551914267
Rice,61.28810948298469,20.73422897516567,69.67222277037044,190.2382561107679,2840.6538241850412
Maize,43.12051366102545,32.47110587220088,29.81851047967542,166.71991616845546,1993.189357602279
Cotton,76.44534255920871,45.51288717037641,72.27021991765835,160.7210094174185,3622.295365146136
Maize,111.2779107752563,20.373798139449768,36.334852182228275,182.1804117977176,3612.781068224484
Wheat,85.55978068148607,21.319077747303737,24.852184749926362,104.61792453644017,2317.7197296754443
Maize,106.59128333615263,54.07551929881533,59.409338390852604,233.70502768922273,4016.9179146990723
Maize,119.32994743689825,47.36099446768287,59.228279563059836,269.02112819605236,4606.7890522144035
Maize,53.0892963310621,30.614789324813756,25.695920573937087,170.9254188886237,2133.549368496573
Maize,95.34221113135858,47.518513604748364,39.131108536194944,109.2066272283437,2958.357941894196
Cotton,93.94348589600197,51.69826676557053,79.56886773533232,297.35511947711154,4622.731419659122
Cotton,118.39643578866227,32.27177132440405,60.705600020524216,152.73965109021339,3647.6834471813045
Rice,118.84805871622403,21.441495099967497,63.80450999619975,125.32422433815461,3767.864042251049
Wheat,94.93428893793036,57.31116498750938,32.77503713625834,173.95050159460558,3966.5899590393396
Maize,59.489183358575545,33.80719353182522,24.72692426023486,247.71140812671132,2925.179052347022
Rice,103.88446705044792,24.259270531388253,36.61410138445626,158.78331937811313,3353.6270295162462
Rice,48.56233073688305,39.6742748557259,34.93390311159152,214.94064078389755,3278.7796697768804
Rice,102.45594433373029,50.73871182656535,34.072646044883186,183.11199888742846,3412.4577154675662
Cotton,112.81568993157572,28.865892584702365,31.565259313222374,123.5527984553237,3608.2985139888183
Maize,70.62667158147482,30.779602005334535,54.48534143932426,166.05740249842205,3283.4901388940348
Maize,90.45082359864644,29.708599471943327,39.686208550509306,244.97410114281334,3819.929944451562
Wheat,74.4114185677461,59.66692211326713,69.22070090285183,222.40077946628912,4182.556468621757
Maize,75.02120439905028,27.8961493492217,31.03684507084304,123.9556759767122,2685.4260434552116
Maize,64.82967112864961,43.02080867864496,47.87762425211267,132.6644819428617,2679.5500627950505
Rice,100.97036963602596,57.01058566627857,20.8194701855648,228.1466718614891,4124.165065412045
Wheat,114.89412513332041,25.87586275511117,48.90093934731152,262.6830828641738,4464.23996618331
Maize,115.26006873875689,58.83416791470801,23.350293252588465,169.89489919163384,4139.997156131496
Cotton,53.982502789994705,57.899089375824985,78.66341071235863,219.06215036869003,3559.5445022766503
Maize,109.97949197252528,55.3828794823305,67.43552771902478,134.12871775042106,3810.175646832442
Rice,98.99451531416977,28.58226085320009,49.40668859818732,162.27526738106477,3478.1721923085574
Cotton,60.22699205522314,45.36220224043933,25.195241490761013,104.05404113461051,2636.21240885191
Rice,45.38276903372116,50.435658918449604,55.54672644742486,253.65518955990453,3501.9489093671386
Maize,61.43978135075024,59.44111712785719,65.52582504211264,180.20196395459334,3268.0585082732346
Cotton,112.97665894252205,27.216952883254816,31.443035180284717,263.2251147307908,4069.582445053103
Wheat,90.65429399166177,50.64103598077186,54.09250044724945,241.67459920454525,3661.573147992906
Wheat,97.68437287182975,33.552046797084515,68.85265390297208,265.7488531456954,4424.451603767611
Cotton,60.57218808872767,27.025058622720092,66.09486665877898,157.13173391657656,2665.380236059146
Cotton,97.55105244598562,36.8550776485542,68.17952107202917,137.02174608556905,3761.3976568514154
Rice,42.2497205022339,51.753436485944654,72.75940549218319,294.3811365303341,3293.7098000975084
Cotton,70.0257076618411,38.59399214816209,76.26092612956822,243.4655574081739,3961.3816686361383
Rice,90.1402678833865,41.50092400812194,44.33126931221216,266.80845358533406,3978.349668552905
Maize,51.68772524330562,59.80637640800485,54.12614615137264,102.62667474198675,2507.1109825949834
Rice,105.84028595575478,35.96437198229704,67.43957156273666,170.89232405917733,4038.3940421845355
Cotton,58.80250390495349,44.61603018836959,61.82838883674699,248.56333811546634,3307.347588543067
Cotton,92.1824890254757,34.609768064614876,79.73121369586272,115.59656659799666,3637.2857485438335
Maize,72.41577140602638,35.7114258531482,20.820659066278647,213.46798591378712,2939.0396469327948
Cotton,87.68348763821177,47.825630137816326,41.30799291894744,185.81455349100065,3064.10125437867
Cotton,48.59604421031265,57.51547904379534,36.86167557621215,103.52330142822146,2205.543747094166
Wheat,41.353023993728584,41.69435801969286,35.73895100993208,147.1951154238903,2230.44813817038
Wheat,112.7651541904241,50.73599715795119,33.35178694993314,156.95839781334286,4098.961855826238
Maize,61.57040070137462,23.568262352678552,62.547430448913744,122.37198926926449,2853.706519324652
Rice,105.57416022243673,28.44632149727708,25.08556839651931,226.30738194853208,4030.0486887595753
Wheat,119.94802403777601,40.0852656367813,64.49653003660029,148.47957525037782,4440.8596009467
Rice,56.914500639912895,20.800468945150993,61.60555052097641,155.52389992387768,2534.0539425416678
Cotton,61.213659294668446,30.11419915050235,35.048247950053785,279.6477196400295,3164.815619871038
Wheat,93.02878301077325,40.69605159299864,35.17002698990967,193.4246185386279,3378.874094819504
Maize,117.2358907680497,20.59844793025203,57.731635120670134,178.42562939385448,3658.9942558386233
Maize,113.26514785525951,30.581851449041668,65.73026632902068,244.77420766294344,3826.554903053981
Maize,80.23004160524678,40.56123277903478,72.58913678524193,281.92275937658246,4062.693777473981
Wheat,103.60882260213798,42.92596991924982,71.12837383126855,105.00726724748877,3294.999121991833
Rice,50.85966824799208,57.030067722212216,77.89297964983119,189.6477693110793,3318.460513800531
Cotton,118.19505473632098,45.81382493002431,54.88309372019067,222.15627121558947,4865.83188008467
Rice,117.14825872287892,36.58943210119975,74.51933368042157,163.71261962519793,3984.162003073746
Rice,53.09831663033368,57.21404708532271,68.51079639562465,254.48154442464835,3648.547451856384
Cotton,63.95384998424853,51.39531933551177,73.68005745884082,294.29541405405473,4202.852873053617
Cotton,48.01239980054135,28.000356844509902,20.697596077121997,288.68547325005665,2920.703628556843
Wheat,61.737407911854376,25.23369445395279,77.95417951194867,153.19650787598837,3032.723057345815
Wheat,105.27646315321653,47.03246542970932,48.4118097707887,145.2676556874972,3579.221689637762
Wheat,70.26524857322076,42.395326623079356,67.89097937449057,291.4981062042442,3851.949224795745
Wheat,47.071757371740674,51.58694455171023,27.63224716026685,191.72569748629317,2461.283295799032
Wheat,67.37804198231237,49.55220200314746,43.756465748838444,141.65954461693835,3164.8048125148202
Cotton,118.51066673930241,45.0084613543006,36.28763978125946,241.39939272608365,3807.7939848485385
Rice,90.37468762073624,59.455286865155685,37.49952623005622,156.8840647807583,3742.3954903550243
Wheat,73.29287571249262,41.34358920441635,27.395337197052903,153.44939501421047,2505.670584133134
Wheat,53.3230810797816,24.524230260068794,68.34582995258042,275.849808615557,3557.4653836796465
Rice,118.89414378269558,53.130942592639535,20.55453887486469,132.4958306753807,3557.2360597727
Wheat,105.6679207410503,30.07413449382836,38.75032741911215,112.87858929324727,2906.8412358889336
Rice,62.51818419607355,51.092085925756734,30.464632592984902,153.83728803433746,2957.0897740098503
Rice,45.60549565769516,58.284283840002054,55.34233643650043,221.38908256764074,3412.8709888906897
Cotton,44.53004459020464,47.871820558573646,35.25514415687263,124.61757068065411,2242.1222822726795
Maize,49.630251960442706,43.84120643799204,35.539907271685976,194.31893445535874,2926.5853947072596
Cotton,86.46148668915373,38.41544702700162,49.30028863971913,225.46742208506396,3066.36099788396
Maize,114.30107369643939,34.57639463981613,59.16134236045554,269.7473985186348,4082.5374059747814
Maize,79.73947424047876,34.120190038873446,27.278282273909817,145.97391824045087,3170.507463353634
Maize,107.43563859649578,45.45490822838362,30.53068714792977,263.4692646765579,4046.0362697901355
Wheat,75.67092958878462,50.05092467750984,34.83048467567106,146.9812522262477,2580.3456050039786
Cotton,96.68668366142602,47.140682779376576,78.42489284707763,235.3533082479281,4092.3474238581057
Maize,98.54981898292007,27.93640404774251,43.829149996575225,186.13471429649104,3247.2485435824083
Rice,53.91709647226709,39.759487205739646,55.93940543786159,122.93624847573403,2580.2064468587387
Wheat,68.89728471806494,51.66560288732252,34.49256876295867,242.85269256436973,3326.6397640725627
Cotton,90.9841725230419,39.02816312756225,49.42757150944928,143.55252370980355,3362.8243288235526
Maize,45.655728654749296,41.46493118941976,24.447150463157485,135.3246852049183,2223.110707811547
Rice,68.92321502103653,50.84544192683289,22.084528755339615,171.66458571787663,3269.866203402686
Cotton,82.7839573024954,46.45061225060366,48.12401160928761,230.6580489518967,3788.1860892344375
Cotton,119.6979594435711,36.37379683529571,43.91955725110472,146.79929575812557,3878.6587861078992
Wheat,77.96268500979525,55.816508447768754,28.21281918150966,136.73230775637714,3330.2054431201523
Cotton,105.28454056914589,26.502682746539143,61.25608573524402,101.99072514267287,3238.476218661505
Wheat,74.56538280532942,59.820657943612986,79.57420945395586,194.32861942034472,3511.940616620946
Maize,103.71125780957671,24.754103139049487,43.73880927180275,185.72911386303656,3831.6281214322476
Wheat,87.63318412960868,20.597998844169556,57.47351815504367,146.77354872747526,3167.136662677832
Rice,110.92763532019187,55.60075604595059,77.77855654186914,110.73043280193815,4030.182039717975
Wheat,72.87540418800879,29.798140334638244,69.89209834681252,185.85117491916736,3139.17933708122
Rice,88.34435358571831,49.18798509786883,47.81313339816114,257.64102221432626,3792.5767974947034
Wheat,90.40149444950619,52.44061499728277,64.24936906759515,243.0564262654354,4325.970686754344
Cotton,73.39063534403786,54.359455641284676,27.68810241503144,272.15897797203405,3857.1847674329847
Maize,51.54496349499852,59.66376942656667,50.72623132782795,101.91653754263112,2856.575428456873
Rice,47.48475255298685,31.761588401599962,36.7436166307962,293.28386336091967,3267.9604912468917
Wheat,41.33372404797065,48.409733677090365,29.669821273769664,168.28245052548965,2605.2916866686405
Wheat,109.88274113961717,24.61599433123313,45.57685437527209,298.07955921839294,4252.328294852131
Wheat,58.917992979095565,36.272371654273975,27.860873266016867,150.52389212035493,2483.1756056567065
Cotton,56.920539942541446,53.918867732503614,61.939106490469136,194.30727751564896,3565.104546724114
Cotton,98.88283203408524,34.70632184236433,47.37440264320013,170.7855353150607,3430.6083241066026
Rice,65.60128904699134,43.64381522142456,51.868677953879825,171.15214299886054,3171.4912835062264
Rice,80.48357539294693,40.15093774898536,28.78255632008942,268.45641974964315,3359.620022521417
Cotton,53.0008852237965,45.83806124448181,28.38629966560967,249.28378794746774,2869.529846142941
Rice,116.77965771695754,58.915775575507794,55.00492611560745,298.43028704600965,4792.185200233146
Maize,108.12651200137898,22.229421060056083,79.10058486976678,222.70293654350252,3916.566205978884
Maize,109.10316983720026,42.95846070006519,25.775034994263535,192.65132087890055,3899.8284961771005
Cotton,72.54189988576042,54.52115117001139,37.14388571394687,118.01477258937823,2584.5121691839263
Rice,100.98889709657382,39.2553084699371,72.16754699227326,299.31228390277136,4531.908144659433
Wheat,51.510092431182414,23.14108743766291,24.336320735314217,210.30613058645656,2532.8955975092085
Maize,40.689520207342426,42.42157409667084,72.55314328201707,240.09549393802837,2714.779260822606
Cotton,41.59783460624225,33.28295563295282,51.45715900248507,181.34847743826228,2459.214512593054
Rice,86.92813899236484,26.197671413517437,44.49600643558555,209.54314163584718,3435.6792158719036
Cotton,76.43159241983525,53.96138053133892,38.580833861087356,288.5155463785774,3958.873298760379
Wheat,81.44122791268158,40.86398051964487,37.827029487670515,133.28388758632053,2949.922799322273
Maize,40.597051233377556,57.33105649516267,38.34815494696873,158.47451686605092,2763.7957850628686
Cotton,73.81492957259405,52.24066018412276,73.08818485761174,130.41194555560648,3311.1691665613057
Cotton,97.44545289606887,47.71887175094669,63.427713810487134,258.44318076095493,4256.5508830690105
Cotton,75.41549615739487,20.201020134612477,60.183380469869036,112.40905208436591,2826.683704815616
Wheat,98.57753650497779,37.11293826553,67.92494893712005,116.32632997026766,3712.3819626820414
Cotton,58.64151715174678,27.899451266081293,35.4268797802487,159.69882255747373,2374.1741339103905
Wheat,105.05136035853803,56.43191644195471,57.08256872490534,202.83763618420227,4031.4158837976315
Wheat,87.07449923627618,26.98335938705441,47.603974337477055,181.2549601119173,3106.231719899678
Wheat,56.8610479543925,31.44240206637142,66.9464981120116,108.96326213416145,2532.0395507309618
Maize,58.93763806830663,40.67347070937997,38.55536662839713,291.4983115741903,3748.562922416943
Maize,90.24243716556296,30.534544759923172,58.59071701219374,290.57390407161677,4172.736426411688
Cotton,106.39516745699547,28.394587091164848,72.93274470903881,155.87126464815196,3481.7593933588337
Cotton,73.25022256233241,43.9639730041101,44.12902857169573,246.3051230537163,3368.7758417596747
Maize,60.66403433020738,23.557180910200955,23.997325242047687,215.71508227664475,2786.3792587389453
Rice,109.36092855284804,22.32671034883699,50.96304934050757,147.49533900112482,3256.8974813148156
Maize,93.5414633400668,34.889811807442854,40.758349268421554,152.4343103483231,3090.844116032659
Wheat,75.84683898264612,48.82657818031449,60.333522832830496,198.23063486209008,3881.8903590336968
Maize,79.03201562234415,42.19227033095792,77.06197548491636,183.84738829947202,3465.3963144019167
Wheat,56.34051743491171,36.91505873867115,49.13649907981082,158.24586564625284,2978.3710417291836
Cotton,90.14421040518752,42.63006256898329,47.971413809332034,261.5023192610298,4235.213069902379
Rice,68.69940084343109,34.618059386130945,59.27508801148762,196.29258352747698,3042.854202775351
Cotton,119.65161413394794,57.44585341728452,26.20985021561406,230.96961247782556,4037.5352208244603
Wheat,78.41468122095102,22.19619563643097,35.21037133550088,137.85470003357509,2650.162801516883
Wheat,78.87084849516906,46.935659161193406,75.13875953002392,206.70153250329736,3495.6415104956836
Wheat,85.26814299285375,55.65130659311002,60.19655680182598,163.5952098893243,3652.8423400792544
Rice,113.34048024949973,52.15538834941014,20.806642639004977,205.28272207897564,3849.060363505498
Maize,104.06544798878002,27.36164139285787,32.27752835354119,256.1651666821856,3895.26388143025
Cotton,76.0904055838273,31.837053959211534,60.97023596173394,253.78264201825235,3979.5233817862363
Cotton,97.49594127782368,48.68191754828419,65.86395215375445,170.8441356068552,4056.3413983446367
Maize,86.89883990246094,23.370822367230623,70.39157436044252,238.85542341592782,3865.1317911882174
Cotton,79.38936389609992,52.474467993303364,37.53060820292269,288.2579900788554,3383.786095230964
Rice,55.38526182274804,48.75627778419161,75.86171577665377,225.1338659849813,3577.140529436802
Cotton,77.11490107639128,49.1842659694137,53.17681361467354,129.68202467652742,3589.1145857135175
Wheat,59.66548696180597,24.009654810703655,61.79234134327358,235.94172585581902,2407.096036674403
Maize,113.18737198813237,48.710421792649235,55.804331766794476,120.98087726986226,3957.191097059336
Rice,66.83254507970776,47.1927250087988,27.364403280477227,274.42208175860543,3375.213309449008
Maize,116.18112116266978,53.23689963287402,77.78687956309278,203.33209916038805,4312.183517199676
Rice,82.64442320757689,21.66383825025878,27.37253479364916,177.0281472623159,3106.713906965549
Wheat,90.52355029409283,20.924426738711688,35.292917384671014,111.40131892993847,3217.8792698064462
Maize,83.43523555914622,34.92028399514243,68.8176728133788,176.15674691842193,3683.6457929416774
Cotton,50.350449357336075,25.951531353966114,57.11581769006609,280.6413335831579,3099.293321680712
Rice,70.06569752063527,42.33537910280887,70.28894992258142,104.19659925726063,2757.2121440152196
Maize,47.93168898220991,56.693956060269954,50.9441713024427,194.929631556361,3063.3446536566357
Cotton,89.83632353467054,35.659189213360634,42.61959412199809,286.23161822212444,4120.610449610397
Maize,75.74993561603512,53.798015090904165,75.3107299728671,178.96819995300422,3560.2600651147422
Maize,102.23879772567494,20.009634980714658,22.17513905088769,185.6351374924301,3157.745308889053
Maize,57.63763847994959,26.74058573836737,71.36781322118276,215.71201103982398,3856.102771370048
Rice,53.16528467434679,21.216941586163426,33.8490671112669,192.58746671543668,2782.669414351987
Cotton,72.50657847710143,33.12588722060275,70.92417966523806,133.72033824751048,3368.0047167234
Wheat,114.12683065747049,56.32758382786011,28.351796805013137,103.71110781397208,3167.215988374079
Rice,96.83374520099294,23.87808494395951,54.81313782143243,221.96233159574032,3510.6902993150475
Rice,73.5138899834335,44.25639106975201,73.28647514068832,284.1613174015624,4026.668460817082
Rice,81.38177358034484,38.059837564777766,48.41237881393343,121.27282660543312,2761.7935069187533
Wheat,46.73704089416787,57.5387284946325,64.79400042820357,142.19054385055068,3290.723526287725
Cotton,118.76607171008905,24.900765701483753,68.28029707133351,174.0458971649947,4342.209012385378
Cotton,93.31258437559352,28.48111402008916,64.18965252300674,261.74844580422393,3838.652306906927
Cotton,62.832325477073795,21.18167874445973,75.5197842124759,153.85206329419552,3355.5998137684533
Maize,86.86467153721955,37.35740998525495,46.81005383119572,276.4108808557537,3860.944925903752
Maize,48.75858928551952,31.113315982586172,30.387526349909347,110.99157493001329,2757.1949664268077
Maize,117.26693350460668,54.79623735561284,22.868663822148786,288.19132425178697,4474.174443461956
Wheat,53.98279903066928,44.1976325279102,34.78759217825031,212.149415574753,3054.733160125343
Maize,91.84242544441713,44.56362951902807,28.591850232814526,231.7555356975409,3982.599253336084
Wheat,59.63635700311443,41.2764278752521,53.47692448606883,173.53790450727064,3290.638665408079
Cotton,97.40491061188285,23.67401348916804,31.09672023270392,256.3988571022121,3758.021057255981
Maize,102.14570937922248,37.80074734901421,22.33602243736227,133.31325001688123,3146.8731316112453
Maize,93.87357831291462,59.98020758834066,22.159389732120072,109.78236505569741,3308.525798290518
Rice,89.1599568204154,53.40917163384059,69.8941699018917,179.10338862151144,3636.20188153101
Wheat,111.39752751616093,55.73836216668464,55.48699588658149,270.7391427962079,4620.614943853995
Cotton,46.29013687918064,52.929054369859976,41.485118113602695,250.98536732753894,2860.8222509127945
Rice,66.47318126241561,24.121667737239306,73.65368256441482,203.4311940977916,2794.449661683384
Rice,59.86299837046768,29.097930162591986,24.21179668446282,214.42754943307068,2753.5715376643648
Cotton,119.04111696523373,20.124866054256387,78.81932436366955,125.9785652597511,4117.894040628653
Rice,71.15118237334988,32.140404995124456,56.97750741526766,268.13630172351645,3808.313885831065
Wheat,98.6090159392319,24.344296093859704,31.007855238130908,257.3919365928394,3643.6540014465945
Wheat,94.77801311048037,38.91173381206332,60.74414593861811,231.29407877738853,4373.604319550404
Maize,56.96649899819022,47.08509954295607,65.80287558701376,193.2382072657877,3072.3726209703295
Rice,59.11981441692411,54.98021180152308,45.76056700224647,292.8918536559025,3166.5259739753824
Maize,62.502765084242725,49.96868660363593,71.69795637473284,275.8063943752942,3275.1602228335587
Rice,72.89018226075034,57.54342383114021,29.04394443778822,228.8860987029237,3142.11656941076
Wheat,58.746005252042146,22.155931615751552,36.7302550146565,174.36019954345758,2766.5590076051876
Wheat,41.572118619747826,20.487193416661658,25.609541695039386,223.60445573630247,2209.5614809204603
Wheat,110.35144454457564,46.4535245534485,32.65267043644113,215.08818530613308,4060.9755878031456
Rice,117.24878651047072,31.57409640888985,34.323728714668704,178.8483975669833,4138.417434972749
Wheat,67.32563096252544,30.140040644230925,75.05799145530261,161.33479433761522,2855.77149065288
Rice,67.08055035403783,33.235483507751766,24.686581325069373,181.40215844746447,2879.7772469026904
Maize,40.56734502194968,30.791842315694566,45.64490721126256,214.78228120667956,2764.815564493383
Rice,94.42005506642992,40.457456252063494,51.94392123361477,185.62696894221887,3417.440026149466
Maize,106.0351916598903,37.6059378889653,73.92158322812965,152.71489764027677,4201.2477563395605
Rice,51.72866402880025,40.49714205506625,79.86177311967282,252.19266355216175,3404.735942249367
Maize,52.77330794937206,46.908544460017445,65.20328689519015,206.29349919148257,3100.3841962899687
Wheat,103.20665999771502,35.485220358845936,78.24745943414177,113.53503264512,4161.595586436532
Maize,89.30325986833157,30.05230748568627,67.22606795215242,173.6633011252251,3639.355238197533
Wheat,43.588844610217365,26.648021472349818,77.792158458285,276.98269144239873,3498.533139868329
Wheat,89.80375923698253,33.978964781305024,62.43624355666731,251.04730623999038,4242.53744328843
Maize,64.71341782750129,49.67225900984688,24.785805527064262,164.6493567888014,2669.3949683630317
Rice,69.49801243766768,50.268196404458784,44.11521121956059,287.63663040890185,4045.9731192350587
Rice,101.57851346375041,46.67621546736841,58.79583702814822,115.32058167164203,3427.6155778462025
Cotton,104.87481541380885,29.361127012274984,41.043110567255056,292.24694077843776,3975.5901638260234
Rice,72.02853014718644,43.52344983418791,36.40303508682672,149.14101849693515,2860.53039093552
Cotton,115.77223488050838,42.82758646307392,54.64395602798546,101.81883606048385,3497.848797252073
Rice,72.51701743616579,39.37064792438902,76.0101126021461,186.76160730366536,3677.2023596477306
Rice,101.74688281840879,41.99915945535457,22.098912410969213,171.79408593740175,3482.196021778578
Wheat,78.71018116514072,39.67162530494672,66.15387221248626,207.81780104135876,3470.664388309272
Cotton,111.80258612176672,42.61825464296433,63.36363668267763,259.3545721139691,4622.9010915927
Rice,112.62089949201429,48.62023818484515,77.83720552329723,268.4861604300894,4662.626297111232
Cotton,46.99334462968671,24.38512777613759,75.84267333995261,180.24599992233834,2716.140877068061
Wheat,114.91946650481806,49.98503008596095,65.73395372265156,185.96914874127003,4267.727010276508
Wheat,106.04278732163326,25.435446005103767,51.22452588095592,129.63554606589474,3490.283601906231
Cotton,103.30485714501336,22.66511993641499,32.25605319401119,109.5095217762327,3099.038921012851
Wheat,56.072907174841795,59.0431874488587,52.71414309953446,228.24299804700493,3295.374704200619
Maize,104.4095367003732,58.27967075481766,65.92111963517922,112.88752511053846,4014.1543334288644
Maize,108.01061877480295,22.41746179762256,73.74015275827358,246.76602388429117,4128.833788752201
Wheat,63.132026756332074,37.73013765899849,67.38272055263295,207.8180290044495,3138.3093619183564
Maize,116.1808062689859,27.44979753199099,31.71601611146324,139.71659564521667,3069.3898103745164
Rice,43.98881171193314,39.41379588537672,55.981178853683566,207.9045887025299,3109.893513738558
Cotton,51.992740259771175,53.20708971998349,39.93040757188142,136.59954332041977,2659.753712685098
Rice,83.00649104412115,58.02447098971561,20.55234004343858,187.74744150208238,3387.3891882431944
Cotton,86.06339768978478,45.370106138061495,32.013256147319964,259.91206324844575,3974.7260387131714
Wheat,91.61200666407227,34.156226688472685,26.793238996006956,192.38385868212748,3169.390965686226
Rice,41.357530345237315,44.13302262578394,70.56314741236811,129.73986365950964,2284.762798026376
Wheat,116.82934196977043,32.48005224433801,35.510375128868716,244.76573636458903,4089.0663910533613
Wheat,43.56704741873152,56.392945633282416,37.081878133253326,137.35368325400177,2595.499786759172
Cotton,51.44495621787219,54.81601852423348,77.59619430793305,247.7099748740219,3532.6009851218478
Cotton,41.12116140208456,42.32927001118644,42.74520338293113,195.87045784316666,3023.370862935946
Cotton,85.34867466352758,32.99195661521442,20.575138408663673,190.74835181886033,2470.1311245766683
Rice,114.58135071367778,31.735587023319134,37.030768900768194,270.28700757149494,4445.048243466132
Maize,93.27577328643713,21.33671978820238,27.157974836108746,241.72070486813374,3612.9762419071094
Cotton,105.81259747843418,52.63283404101181,26.168513704151238,106.58215939098785,3445.0093915255243
Cotton,41.0624962766864,38.01532852156032,24.64923740814497,159.23486292032047,1500.0
Rice,83.36122387837808,33.005317136010575,55.595568210522636,274.18413216997976,4144.414374215625
Cotton,76.76503820044175,38.844414199910155,31.360863417791517,103.66523370903973,2423.2299330710157
Rice,79.91743553766344,52.74951961818608,41.67456764246063,209.05068925239408,3406.5842031869042
Wheat,45.77705482681503,24.984568308300847,71.721062967801,245.56513383478878,3026.1899392367172
Cotton,94.7548288855446,54.30623952967309,45.460288387776544,224.37121709691516,4035.5752723212145
Cotton,80.25763318869076,55.90035340433416,74.94148100309826,252.10644042088728,4285.245660932001
Wheat,101.21190798890112,57.86831660135553,49.87628320373638,245.13836978294916,4463.89896254842
Wheat,78.82325072493722,35.89951969690511,43.930196890385346,238.40613903062265,3684.908790988327
Wheat,51.950530898114565,28.685616161506875,65.02333562544209,264.30797218513044,3314.341968337499
